match_id,innings,date,season_clean,season_year,venue,batting_team,bowling_team,total_runs,batter_runs,extras,valid_balls,wickets,bowler_wickets,fours,sixes,dot_balls,overs,run_rate,boundaries,boundary_runs,boundary_pct,dot_ball_pct
335982,1,2008-04-18,2008,2008,M Chinnaswamy Stadium,Kolkata Knight Riders,Royal Challengers Bangalore,222,205,17,120,3,3,15,14,36,20.0,11.1,29,144,64.86,30.0
335982,2,2008-04-18,2008,2008,M Chinnaswamy Stadium,Royal Challengers Bangalore,Kolkata Knight Riders,82,63,19,91,10,9,3,3,50,15.17,5.41,6,30,36.59,54.95
335983,1,2008-04-19,2008,2008,"Punjab Cricket Association Stadium, Mohali",Chennai Super Kings,Kings XI Punjab,240,234,6,120,5,5,20,16,34,20.0,12.0,36,176,73.33,28.33
335983,2,2008-04-19,2008,2008,"Punjab Cricket Association Stadium, Mohali",Kings XI Punjab,Chennai Super Kings,207,196,11,120,4,4,18,9,23,20.0,10.35,27,126,60.87,19.17
335984,1,2008-04-19,2008,2008,Feroz Shah Kotla,Rajasthan Royals,Delhi Daredevils,129,122,7,120,8,6,14,3,54,20.0,6.45,17,74,57.36,45.0
335984,2,2008-04-19,2008,2008,Feroz Shah Kotla,Delhi Daredevils,Rajasthan Royals,132,122,10,91,1,1,18,1,31,15.17,8.7,19,78,59.09,34.07
335985,1,2008-04-20,2008,2008,Wankhede Stadium,Mumbai Indians,Royal Challengers Bangalore,165,154,11,120,7,5,18,5,45,20.0,8.25,23,102,61.82,37.5
335985,2,2008-04-20,2008,2008,Wankhede Stadium,Royal Challengers Bangalore,Mumbai Indians,166,161,5,118,5,5,15,6,36,19.67,8.44,21,96,57.83,30.51
335986,1,2008-04-20,2008,2008,Eden Gardens,Deccan Chargers,Kolkata Knight Riders,110,100,10,112,10,9,6,6,62,18.67,5.89,12,60,54.55,55.36
335986,2,2008-04-20,2008,2008,Eden Gardens,Kolkata Knight Riders,Deccan Chargers,112,84,28,114,5,5,5,4,61,19.0,5.89,9,44,39.29,53.51
335987,1,2008-04-21,2008,2008,Sawai Mansingh Stadium,Kings XI Punjab,Rajasthan Royals,166,162,4,119,8,7,18,7,54,19.83,8.37,25,114,68.67,45.38
335987,2,2008-04-21,2008,2008,Sawai Mansingh Stadium,Rajasthan Royals,Kings XI Punjab,168,156,12,109,4,4,17,7,47,18.17,9.25,24,110,65.48,43.12
335988,1,2008-04-22,2008,2008,"Rajiv Gandhi International Stadium, Uppal",Deccan Chargers,Delhi Daredevils,142,137,5,120,8,7,12,6,56,20.0,7.1,18,84,59.15,46.67
335988,2,2008-04-22,2008,2008,"Rajiv Gandhi International Stadium, Uppal",Delhi Daredevils,Deccan Chargers,143,131,12,78,1,1,15,6,26,13.0,11.0,21,96,67.13,33.33
335989,1,2008-04-23,2008,2008,"MA Chidambaram Stadium, Chepauk",Chennai Super Kings,Mumbai Indians,208,190,18,120,5,4,24,6,37,20.0,10.4,30,132,63.46,30.83
335989,2,2008-04-23,2008,2008,"MA Chidambaram Stadium, Chepauk",Mumbai Indians,Chennai Super Kings,202,189,13,120,7,6,19,8,38,20.0,10.1,27,124,61.39,31.67
335990,1,2008-04-24,2008,2008,"Rajiv Gandhi International Stadium, Uppal",Deccan Chargers,Rajasthan Royals,214,208,6,120,5,5,24,9,37,20.0,10.7,33,150,70.09,30.83
335990,2,2008-04-24,2008,2008,"Rajiv Gandhi International Stadium, Uppal",Rajasthan Royals,Deccan Chargers,217,210,7,119,7,6,18,14,34,19.83,10.94,32,156,71.89,28.57
335991,1,2008-04-25,2008,2008,"Punjab Cricket Association Stadium, Mohali",Kings XI Punjab,Mumbai Indians,182,175,7,120,10,8,18,5,40,20.0,9.1,23,102,56.04,33.33
335991,2,2008-04-25,2008,2008,"Punjab Cricket Association Stadium, Mohali",Mumbai Indians,Kings XI Punjab,116,109,7,120,9,8,12,4,69,20.0,5.8,16,72,62.07,57.5
335992,1,2008-04-26,2008,2008,M Chinnaswamy Stadium,Royal Challengers Bangalore,Rajasthan Royals,135,129,6,120,8,6,12,7,64,20.0,6.75,19,90,66.67,53.33
335992,2,2008-04-26,2008,2008,M Chinnaswamy Stadium,Rajasthan Royals,Royal Challengers Bangalore,138,135,3,103,3,3,22,2,44,17.17,8.04,24,100,72.46,42.72
335993,1,2008-04-26,2008,2008,"MA Chidambaram Stadium, Chepauk",Kolkata Knight Riders,Chennai Super Kings,147,139,8,120,9,8,14,4,49,20.0,7.35,18,80,54.42,40.83
335993,2,2008-04-26,2008,2008,"MA Chidambaram Stadium, Chepauk",Chennai Super Kings,Kolkata Knight Riders,152,134,18,102,1,1,12,5,34,17.0,8.94,17,78,51.32,33.33
335994,1,2008-04-27,2008,2008,Dr DY Patil Sports Academy,Mumbai Indians,Deccan Chargers,154,143,11,120,7,7,14,5,49,20.0,7.7,19,86,55.84,40.83
335994,2,2008-04-27,2008,2008,Dr DY Patil Sports Academy,Deccan Chargers,Mumbai Indians,155,146,9,73,0,0,13,11,21,12.17,12.74,24,118,76.13,28.77
335995,1,2008-04-27,2008,2008,"Punjab Cricket Association Stadium, Mohali",Delhi Daredevils,Kings XI Punjab,158,147,11,120,8,7,18,2,39,20.0,7.9,20,84,53.16,32.5
335995,2,2008-04-27,2008,2008,"Punjab Cricket Association Stadium, Mohali",Kings XI Punjab,Delhi Daredevils,162,153,9,117,6,5,19,3,46,19.5,8.31,22,94,58.02,39.32
335996,1,2008-04-28,2008,2008,M Chinnaswamy Stadium,Chennai Super Kings,Royal Challengers Bangalore,178,174,4,120,5,4,17,8,43,20.0,8.9,25,116,65.17,35.83
335996,2,2008-04-28,2008,2008,M Chinnaswamy Stadium,Royal Challengers Bangalore,Chennai Super Kings,165,158,7,118,10,8,14,5,35,19.67,8.39,19,86,52.12,29.66
335997,1,2008-04-29,2008,2008,Eden Gardens,Kolkata Knight Riders,Mumbai Indians,137,124,13,120,8,7,15,3,53,20.0,6.85,18,78,56.93,44.17
335997,2,2008-04-29,2008,2008,Eden Gardens,Mumbai Indians,Kolkata Knight Riders,138,123,15,112,3,3,17,2,52,18.67,7.39,19,80,57.97,46.43
335998,1,2008-04-30,2008,2008,Feroz Shah Kotla,Delhi Daredevils,Royal Challengers Bangalore,191,187,4,120,5,4,21,5,31,20.0,9.55,26,114,59.69,25.83
335998,2,2008-04-30,2008,2008,Feroz Shah Kotla,Royal Challengers Bangalore,Delhi Daredevils,181,169,12,120,5,5,16,7,32,20.0,9.05,23,106,58.56,26.67
335999,1,2008-05-01,2008,2008,"Rajiv Gandhi International Stadium, Uppal",Deccan Chargers,Kings XI Punjab,164,160,4,120,8,7,19,3,40,20.0,8.2,22,94,57.32,33.33
335999,2,2008-05-01,2008,2008,"Rajiv Gandhi International Stadium, Uppal",Kings XI Punjab,Deccan Chargers,167,161,6,113,3,2,21,2,32,18.83,8.87,23,96,57.49,28.32
336000,1,2008-05-01,2008,2008,Sawai Mansingh Stadium,Rajasthan Royals,Kolkata Knight Riders,196,182,14,120,7,6,22,5,37,20.0,9.8,27,118,60.2,30.83
336000,2,2008-05-01,2008,2008,Sawai Mansingh Stadium,Kolkata Knight Riders,Rajasthan Royals,151,139,12,115,10,7,8,6,36,19.17,7.88,14,68,45.03,31.3
336001,1,2008-05-02,2008,2008,"MA Chidambaram Stadium, Chepauk",Chennai Super Kings,Delhi Daredevils,169,162,7,120,6,5,17,5,44,20.0,8.45,22,98,57.99,36.67
336001,2,2008-05-02,2008,2008,"MA Chidambaram Stadium, Chepauk",Delhi Daredevils,Chennai Super Kings,172,166,6,114,2,2,16,5,36,19.0,9.05,21,94,54.65,31.58
336002,1,2008-05-25,2008,2008,"Rajiv Gandhi International Stadium, Uppal",Deccan Chargers,Royal Challengers Bangalore,165,152,13,120,10,8,15,7,51,20.0,8.25,22,102,61.82,42.5
336002,2,2008-05-25,2008,2008,"Rajiv Gandhi International Stadium, Uppal",Royal Challengers Bangalore,Deccan Chargers,171,168,3,114,5,3,19,7,38,19.0,9.0,26,118,69.01,33.33
336003,1,2008-05-03,2008,2008,"Punjab Cricket Association Stadium, Mohali",Kings XI Punjab,Kolkata Knight Riders,178,164,14,120,6,5,22,4,42,20.0,8.9,26,112,62.92,35.0
336003,2,2008-05-03,2008,2008,"Punjab Cricket Association Stadium, Mohali",Kolkata Knight Riders,Kings XI Punjab,169,162,7,120,6,6,9,9,46,20.0,8.45,18,90,53.25,38.33
336004,1,2008-05-04,2008,2008,Dr DY Patil Sports Academy,Mumbai Indians,Delhi Daredevils,162,152,10,120,8,8,14,8,50,20.0,8.1,22,104,64.2,41.67
336004,2,2008-05-04,2008,2008,Dr DY Patil Sports Academy,Delhi Daredevils,Mumbai Indians,133,129,4,113,10,9,9,5,43,18.83,7.06,14,66,49.62,38.05
336005,1,2008-05-04,2008,2008,Sawai Mansingh Stadium,Chennai Super Kings,Rajasthan Royals,109,102,7,114,10,10,12,1,61,19.0,5.74,13,54,49.54,53.51
336005,2,2008-05-04,2008,2008,Sawai Mansingh Stadium,Rajasthan Royals,Chennai Super Kings,110,89,21,86,2,2,10,2,39,14.33,7.67,12,52,47.27,45.35
336006,1,2008-05-05,2008,2008,M Chinnaswamy Stadium,Royal Challengers Bangalore,Kings XI Punjab,126,116,10,116,10,7,16,1,58,19.33,6.52,17,70,55.56,50.0
336006,2,2008-05-05,2008,2008,M Chinnaswamy Stadium,Kings XI Punjab,Royal Challengers Bangalore,127,110,17,110,4,4,12,3,51,18.33,6.93,15,66,51.97,46.36
336007,1,2008-05-06,2008,2008,"MA Chidambaram Stadium, Chepauk",Chennai Super Kings,Deccan Chargers,144,134,10,120,7,7,12,5,53,20.0,7.2,17,78,54.17,44.17
336007,2,2008-05-06,2008,2008,"MA Chidambaram Stadium, Chepauk",Deccan Chargers,Chennai Super Kings,148,143,5,108,3,3,15,7,50,18.0,8.22,22,102,68.92,46.3
336008,1,2008-05-07,2008,2008,Dr DY Patil Sports Academy,Rajasthan Royals,Mumbai Indians,103,96,7,98,10,10,9,2,43,16.33,6.31,11,48,46.6,43.88
336008,2,2008-05-07,2008,2008,Dr DY Patil Sports Academy,Mumbai Indians,Rajasthan Royals,104,92,12,91,3,3,7,3,44,15.17,6.86,10,46,44.23,48.35
336009,1,2008-05-08,2008,2008,Feroz Shah Kotla,Delhi Daredevils,Chennai Super Kings,187,175,12,120,5,5,22,3,26,20.0,9.35,25,106,56.68,21.67
336009,2,2008-05-08,2008,2008,Feroz Shah Kotla,Chennai Super Kings,Delhi Daredevils,188,177,11,120,6,5,20,5,33,20.0,9.4,25,110,58.51,27.5
336010,1,2008-05-08,2008,2008,Eden Gardens,Kolkata Knight Riders,Royal Challengers Bangalore,129,124,5,96,7,5,12,5,40,16.0,8.06,17,78,60.47,41.67
336010,2,2008-05-08,2008,2008,Eden Gardens,Royal Challengers Bangalore,Kolkata Knight Riders,124,118,6,96,4,2,15,2,36,16.0,7.75,17,72,58.06,37.5
336011,1,2008-05-09,2008,2008,Sawai Mansingh Stadium,Deccan Chargers,Rajasthan Royals,140,134,6,120,8,6,15,3,47,20.0,7.0,18,78,55.71,39.17
336011,2,2008-05-09,2008,2008,Sawai Mansingh Stadium,Rajasthan Royals,Deccan Chargers,141,130,11,96,2,2,16,2,33,16.0,8.81,18,76,53.9,34.38
336012,1,2008-05-28,2008,2008,M Chinnaswamy Stadium,Royal Challengers Bangalore,Mumbai Indians,122,111,11,108,9,8,11,2,49,18.0,6.78,13,56,45.9,45.37
336012,2,2008-05-28,2008,2008,M Chinnaswamy Stadium,Mumbai Indians,Royal Challengers Bangalore,126,113,13,96,1,1,10,6,43,16.0,7.88,16,76,60.32,44.79
336013,1,2008-05-10,2008,2008,"MA Chidambaram Stadium, Chepauk",Chennai Super Kings,Kings XI Punjab,181,166,15,120,4,4,14,7,40,20.0,9.05,21,98,54.14,33.33
336013,2,2008-05-10,2008,2008,"MA Chidambaram Stadium, Chepauk",Kings XI Punjab,Chennai Super Kings,163,160,3,120,9,9,8,10,46,20.0,8.15,18,92,56.44,38.33
336014,1,2008-05-11,2008,2008,"Rajiv Gandhi International Stadium, Uppal",Kolkata Knight Riders,Deccan Chargers,204,199,5,120,4,3,22,9,42,20.0,10.2,31,142,69.61,35.0
336014,2,2008-05-11,2008,2008,"Rajiv Gandhi International Stadium, Uppal",Deccan Chargers,Kolkata Knight Riders,181,165,16,120,7,7,16,8,48,20.0,9.05,24,112,61.88,40.0
336015,1,2008-05-11,2008,2008,Sawai Mansingh Stadium,Delhi Daredevils,Rajasthan Royals,156,145,11,120,7,6,10,5,41,20.0,7.8,15,70,44.87,34.17
336015,2,2008-05-11,2008,2008,Sawai Mansingh Stadium,Rajasthan Royals,Delhi Daredevils,159,142,17,114,7,4,13,6,47,19.0,8.37,19,88,55.35,41.23
336016,1,2008-05-12,2008,2008,"Punjab Cricket Association Stadium, Mohali",Royal Challengers Bangalore,Kings XI Punjab,143,128,15,120,8,7,13,2,42,20.0,7.15,15,64,44.76,35.0
336016,2,2008-05-12,2008,2008,"Punjab Cricket Association Stadium, Mohali",Kings XI Punjab,Royal Challengers Bangalore,144,135,9,94,1,1,12,7,32,15.67,9.19,19,90,62.5,34.04
336017,1,2008-05-13,2008,2008,Eden Gardens,Kolkata Knight Riders,Delhi Daredevils,133,122,11,120,6,5,10,3,43,20.0,6.65,13,58,43.61,35.83
336017,2,2008-05-13,2008,2008,Eden Gardens,Delhi Daredevils,Kolkata Knight Riders,110,102,8,107,10,8,13,0,46,17.83,6.17,13,52,47.27,42.99
336018,1,2008-05-14,2008,2008,Wankhede Stadium,Chennai Super Kings,Mumbai Indians,156,144,12,120,6,6,21,3,56,20.0,7.8,24,102,65.38,46.67
336018,2,2008-05-14,2008,2008,Wankhede Stadium,Mumbai Indians,Chennai Super Kings,158,142,16,83,1,1,12,12,37,13.83,11.42,24,120,75.95,44.58
336019,1,2008-05-28,2008,2008,"Punjab Cricket Association Stadium, Mohali",Kings XI Punjab,Rajasthan Royals,221,216,5,120,3,2,20,14,41,20.0,11.05,34,164,74.21,34.17
336019,2,2008-05-28,2008,2008,"Punjab Cricket Association Stadium, Mohali",Rajasthan Royals,Kings XI Punjab,180,176,4,120,7,7,18,8,43,20.0,9.0,26,120,66.67,35.83
336020,1,2008-05-15,2008,2008,Feroz Shah Kotla,Delhi Daredevils,Deccan Chargers,194,186,8,120,4,3,18,6,31,20.0,9.7,24,108,55.67,25.83
336020,2,2008-05-15,2008,2008,Feroz Shah Kotla,Deccan Chargers,Delhi Daredevils,182,179,3,120,9,9,15,9,39,20.0,9.1,24,114,62.64,32.5
336021,1,2008-05-16,2008,2008,Wankhede Stadium,Kolkata Knight Riders,Mumbai Indians,67,59,8,92,10,9,7,1,59,15.33,4.37,8,34,50.75,64.13
336021,2,2008-05-16,2008,2008,Wankhede Stadium,Mumbai Indians,Kolkata Knight Riders,68,58,10,33,2,2,8,3,14,5.5,12.36,11,50,73.53,42.42
336022,1,2008-05-17,2008,2008,Feroz Shah Kotla,Delhi Daredevils,Kings XI Punjab,118,108,10,66,4,4,10,6,24,11.0,10.73,16,76,64.41,36.36
336022,2,2008-05-17,2008,2008,Feroz Shah Kotla,Kings XI Punjab,Delhi Daredevils,94,90,4,48,3,3,4,8,11,8.0,11.75,12,64,68.09,22.92
336023,1,2008-05-17,2008,2008,Sawai Mansingh Stadium,Rajasthan Royals,Royal Challengers Bangalore,197,171,26,120,1,1,21,3,34,20.0,9.85,24,102,51.78,28.33
336023,2,2008-05-17,2008,2008,Sawai Mansingh Stadium,Royal Challengers Bangalore,Rajasthan Royals,132,126,6,120,9,9,10,6,59,20.0,6.6,16,76,57.58,49.17
336024,1,2008-05-18,2008,2008,"Rajiv Gandhi International Stadium, Uppal",Mumbai Indians,Deccan Chargers,178,158,20,120,7,7,17,6,43,20.0,8.9,23,104,58.43,35.83
336024,2,2008-05-18,2008,2008,"Rajiv Gandhi International Stadium, Uppal",Deccan Chargers,Mumbai Indians,153,145,8,120,7,6,13,6,47,20.0,7.65,19,88,57.52,39.17
336025,1,2008-05-18,2008,2008,Eden Gardens,Kolkata Knight Riders,Chennai Super Kings,149,136,13,120,5,5,15,3,45,20.0,7.45,18,78,52.35,37.5
336025,2,2008-05-18,2008,2008,Eden Gardens,Chennai Super Kings,Kolkata Knight Riders,55,51,4,48,0,0,8,0,21,8.0,6.88,8,32,58.18,43.75
336026,1,2008-05-19,2008,2008,M Chinnaswamy Stadium,Royal Challengers Bangalore,Delhi Daredevils,154,145,9,120,7,5,14,6,53,20.0,7.7,20,92,59.74,44.17
336026,2,2008-05-19,2008,2008,M Chinnaswamy Stadium,Delhi Daredevils,Royal Challengers Bangalore,158,146,12,110,5,4,19,3,37,18.33,8.62,22,94,59.49,33.64
336027,1,2008-05-20,2008,2008,Eden Gardens,Kolkata Knight Riders,Rajasthan Royals,147,142,5,120,8,7,13,6,51,20.0,7.35,19,88,59.86,42.5
336027,2,2008-05-20,2008,2008,Eden Gardens,Rajasthan Royals,Kolkata Knight Riders,150,143,7,99,4,4,17,5,38,16.5,9.09,22,98,65.33,38.38
336028,1,2008-05-21,2008,2008,Wankhede Stadium,Kings XI Punjab,Mumbai Indians,189,177,12,120,4,4,18,8,42,20.0,9.45,26,120,63.49,35.0
336028,2,2008-05-21,2008,2008,Wankhede Stadium,Mumbai Indians,Kings XI Punjab,188,165,23,120,10,5,17,6,41,20.0,9.4,23,104,55.32,34.17
336029,1,2008-05-21,2008,2008,"MA Chidambaram Stadium, Chepauk",Royal Challengers Bangalore,Chennai Super Kings,126,122,4,120,8,8,14,1,51,20.0,6.3,15,62,49.21,42.5
336029,2,2008-05-21,2008,2008,"MA Chidambaram Stadium, Chepauk",Chennai Super Kings,Royal Challengers Bangalore,112,100,12,120,8,7,10,2,67,20.0,5.6,12,52,46.43,55.83
336031,1,2008-05-23,2008,2008,"Punjab Cricket Association Stadium, Mohali",Deccan Chargers,Kings XI Punjab,175,170,5,120,4,4,14,9,44,20.0,8.75,23,110,62.86,36.67
336031,2,2008-05-23,2008,2008,"Punjab Cricket Association Stadium, Mohali",Kings XI Punjab,Deccan Chargers,178,170,8,117,4,4,13,8,32,19.5,9.13,21,100,56.18,27.35
336032,1,2008-05-24,2008,2008,Feroz Shah Kotla,Mumbai Indians,Delhi Daredevils,176,167,9,120,8,7,18,7,45,20.0,8.8,25,114,64.77,37.5
336032,2,2008-05-24,2008,2008,Feroz Shah Kotla,Delhi Daredevils,Mumbai Indians,179,176,3,119,5,4,20,6,39,19.83,9.03,26,116,64.8,32.77
336033,1,2008-05-24,2008,2008,"MA Chidambaram Stadium, Chepauk",Rajasthan Royals,Chennai Super Kings,211,204,7,120,5,3,20,9,30,20.0,10.55,29,134,63.51,25.0
336033,2,2008-05-24,2008,2008,"MA Chidambaram Stadium, Chepauk",Chennai Super Kings,Rajasthan Royals,201,192,9,120,7,6,19,9,35,20.0,10.05,28,130,64.68,29.17
336034,1,2008-05-03,2008,2008,M Chinnaswamy Stadium,Royal Challengers Bangalore,Deccan Chargers,156,151,5,120,8,7,15,4,34,20.0,7.8,19,84,53.85,28.33
336034,2,2008-05-03,2008,2008,M Chinnaswamy Stadium,Deccan Chargers,Royal Challengers Bangalore,153,147,6,120,6,6,15,5,40,20.0,7.65,20,90,58.82,33.33
336035,1,2008-05-25,2008,2008,Eden Gardens,Kings XI Punjab,Kolkata Knight Riders,174,163,11,120,6,5,17,5,42,20.0,8.7,22,98,56.32,35.0
336035,2,2008-05-25,2008,2008,Eden Gardens,Kolkata Knight Riders,Kings XI Punjab,175,166,9,118,7,7,17,9,50,19.67,8.9,26,122,69.71,42.37
336036,1,2008-05-26,2008,2008,Sawai Mansingh Stadium,Mumbai Indians,Rajasthan Royals,145,132,13,120,7,7,14,1,46,20.0,7.25,15,62,42.76,38.33
336036,2,2008-05-26,2008,2008,Sawai Mansingh Stadium,Rajasthan Royals,Mumbai Indians,146,130,16,120,5,3,11,2,42,20.0,7.3,13,56,38.36,35.0
336037,1,2008-05-27,2008,2008,"Rajiv Gandhi International Stadium, Uppal",Deccan Chargers,Chennai Super Kings,147,131,16,120,8,7,13,3,43,20.0,7.35,16,70,47.62,35.83
336037,2,2008-05-27,2008,2008,"Rajiv Gandhi International Stadium, Uppal",Chennai Super Kings,Deccan Chargers,148,137,11,116,3,3,16,3,46,19.33,7.66,19,82,55.41,39.66
336038,1,2008-05-30,2008,2008,Wankhede Stadium,Rajasthan Royals,Delhi Daredevils,192,188,4,120,9,8,19,10,46,20.0,9.6,29,136,70.83,38.33
336038,2,2008-05-30,2008,2008,Wankhede Stadium,Delhi Daredevils,Rajasthan Royals,87,80,7,97,10,9,9,1,49,16.17,5.38,10,42,48.28,50.52
336039,1,2008-05-31,2008,2008,Wankhede Stadium,Kings XI Punjab,Chennai Super Kings,112,108,4,120,8,7,11,2,62,20.0,5.6,13,56,50.0,51.67
336039,2,2008-05-31,2008,2008,Wankhede Stadium,Chennai Super Kings,Kings XI Punjab,116,112,4,89,1,1,13,4,37,14.83,7.82,17,76,65.52,41.57
336040,1,2008-06-01,2008,2008,Dr DY Patil Sports Academy,Chennai Super Kings,Rajasthan Royals,163,156,7,120,5,5,9,7,37,20.0,8.15,16,78,47.85,30.83
336040,2,2008-06-01,2008,2008,Dr DY Patil Sports Academy,Rajasthan Royals,Chennai Super Kings,164,150,14,120,7,5,12,5,43,20.0,8.2,17,78,47.56,35.83
392181,1,2009-04-18,2009,2009,Newlands,Mumbai Indians,Chennai Super Kings,165,162,3,120,7,6,19,3,35,20.0,8.25,22,94,56.97,29.17
392181,2,2009-04-18,2009,2009,Newlands,Chennai Super Kings,Mumbai Indians,146,137,9,120,7,7,10,6,46,20.0,7.3,16,76,52.05,38.33
392182,1,2009-04-18,2009,2009,Newlands,Royal Challengers Bangalore,Rajasthan Royals,133,129,4,120,8,8,15,2,55,20.0,6.65,17,72,54.14,45.83
392182,2,2009-04-18,2009,2009,Newlands,Rajasthan Royals,Royal Challengers Bangalore,58,49,9,91,10,9,1,2,59,15.17,3.82,3,16,27.59,64.84
392183,1,2009-04-19,2009,2009,Newlands,Kings XI Punjab,Delhi Daredevils,104,96,8,72,7,5,5,7,28,12.0,8.67,12,62,59.62,38.89
392183,2,2009-04-19,2009,2009,Newlands,Delhi Daredevils,Kings XI Punjab,58,53,5,29,0,0,6,3,9,4.83,12.0,9,42,72.41,31.03
392184,1,2009-04-19,2009,2009,Newlands,Kolkata Knight Riders,Deccan Chargers,101,96,5,118,10,9,7,4,66,19.67,5.14,11,52,51.49,55.93
392184,2,2009-04-19,2009,2009,Newlands,Deccan Chargers,Kolkata Knight Riders,104,102,2,79,2,1,11,4,36,13.17,7.9,15,68,65.38,45.57
392185,1,2009-04-20,2009,2009,St George's Park,Chennai Super Kings,Royal Challengers Bangalore,179,166,13,120,5,4,15,6,34,20.0,8.95,21,96,53.63,28.33
392185,2,2009-04-20,2009,2009,St George's Park,Royal Challengers Bangalore,Chennai Super Kings,87,82,5,92,10,9,9,1,48,15.33,5.67,10,42,48.28,52.17
392186,1,2009-04-21,2009,2009,Kingsmead,Kings XI Punjab,Kolkata Knight Riders,158,146,12,120,6,5,15,4,46,20.0,7.9,19,84,53.16,38.33
392186,2,2009-04-21,2009,2009,Kingsmead,Kolkata Knight Riders,Kings XI Punjab,79,75,4,56,1,1,3,6,26,9.33,8.46,9,48,60.76,46.43
392188,1,2009-04-22,2009,2009,Newlands,Deccan Chargers,Royal Challengers Bangalore,184,175,9,120,6,5,9,12,39,20.0,9.2,21,108,58.7,32.5
392188,2,2009-04-22,2009,2009,Newlands,Royal Challengers Bangalore,Deccan Chargers,160,153,7,120,8,7,17,4,48,20.0,8.0,21,92,57.5,40.0
392189,1,2009-04-23,2009,2009,Kingsmead,Delhi Daredevils,Chennai Super Kings,189,188,1,120,5,5,16,8,35,20.0,9.45,24,112,59.26,29.17
392189,2,2009-04-23,2009,2009,Kingsmead,Chennai Super Kings,Delhi Daredevils,180,165,15,120,9,6,14,5,31,20.0,9.0,19,86,47.78,25.83
392190,1,2009-04-23,2009,2009,Newlands,Rajasthan Royals,Kolkata Knight Riders,150,140,10,120,6,6,11,5,45,20.0,7.5,16,74,49.33,37.5
392190,2,2009-04-23,2009,2009,Newlands,Kolkata Knight Riders,Rajasthan Royals,150,132,18,120,8,7,10,6,51,20.0,7.5,16,76,50.67,42.5
392190,3,2009-04-23,2009,2009,Newlands,Kolkata Knight Riders,Rajasthan Royals,15,14,1,6,1,1,3,0,1,1.0,15.0,3,12,80.0,16.67
392190,4,2009-04-23,2009,2009,Newlands,Rajasthan Royals,Kolkata Knight Riders,18,18,0,4,0,0,1,2,0,0.67,27.0,3,16,88.89,0.0
392191,1,2009-04-24,2009,2009,Kingsmead,Royal Challengers Bangalore,Kings XI Punjab,168,160,8,120,9,9,16,5,46,20.0,8.4,21,94,55.95,38.33
392191,2,2009-04-24,2009,2009,Kingsmead,Kings XI Punjab,Royal Challengers Bangalore,173,160,13,114,3,2,10,7,23,19.0,9.11,17,82,47.4,20.18
392192,1,2009-04-25,2009,2009,Kingsmead,Deccan Chargers,Mumbai Indians,168,154,14,120,9,8,12,7,39,20.0,8.4,19,90,53.57,32.5
392192,2,2009-04-25,2009,2009,Kingsmead,Mumbai Indians,Deccan Chargers,156,143,13,120,7,7,10,7,42,20.0,7.8,17,82,52.56,35.0
392194,1,2009-04-26,2009,2009,St George's Park,Royal Challengers Bangalore,Delhi Daredevils,149,138,11,120,7,6,8,5,45,20.0,7.45,13,62,41.61,37.5
392194,2,2009-04-26,2009,2009,St George's Park,Delhi Daredevils,Royal Challengers Bangalore,150,146,4,116,4,4,10,4,35,19.33,7.76,14,64,42.67,30.17
392195,1,2009-04-26,2009,2009,Newlands,Kings XI Punjab,Rajasthan Royals,139,126,13,120,6,4,12,3,50,20.0,6.95,15,66,47.48,41.67
392195,2,2009-04-26,2009,2009,Newlands,Rajasthan Royals,Kings XI Punjab,112,102,10,120,7,7,9,0,52,20.0,5.6,9,36,32.14,43.33
392196,1,2009-04-27,2009,2009,Kingsmead,Chennai Super Kings,Deccan Chargers,165,158,7,120,6,6,16,6,45,20.0,8.25,22,100,60.61,37.5
392196,2,2009-04-27,2009,2009,Kingsmead,Deccan Chargers,Chennai Super Kings,169,159,10,117,4,4,13,7,37,19.5,8.67,20,94,55.62,31.62
392197,1,2009-04-27,2009,2009,St George's Park,Mumbai Indians,Kolkata Knight Riders,187,178,9,120,6,5,11,10,42,20.0,9.35,21,104,55.61,35.0
392197,2,2009-04-27,2009,2009,St George's Park,Kolkata Knight Riders,Mumbai Indians,95,91,4,92,9,9,8,2,40,15.33,6.2,10,44,46.32,43.48
392198,1,2009-04-28,2009,2009,SuperSport Park,Delhi Daredevils,Rajasthan Royals,143,138,5,120,7,7,14,3,44,20.0,7.15,17,74,51.75,36.67
392198,2,2009-04-28,2009,2009,SuperSport Park,Rajasthan Royals,Delhi Daredevils,147,138,9,112,5,4,11,7,47,18.67,7.87,18,86,58.5,41.96
392199,1,2009-04-29,2009,2009,Kingsmead,Kolkata Knight Riders,Royal Challengers Bangalore,139,130,9,120,6,6,12,2,43,20.0,6.95,14,60,43.17,35.83
392199,2,2009-04-29,2009,2009,Kingsmead,Royal Challengers Bangalore,Kolkata Knight Riders,143,134,9,119,5,5,12,3,43,19.83,7.21,15,66,46.15,36.13
392200,1,2009-04-29,2009,2009,Kingsmead,Kings XI Punjab,Mumbai Indians,119,102,17,120,8,7,4,2,42,20.0,5.95,6,28,23.53,35.0
392200,2,2009-04-29,2009,2009,Kingsmead,Mumbai Indians,Kings XI Punjab,116,105,11,120,7,7,7,1,54,20.0,5.8,8,34,29.31,45.0
392201,1,2009-04-30,2009,2009,SuperSport Park,Deccan Chargers,Delhi Daredevils,148,137,11,120,9,7,13,3,45,20.0,7.4,16,70,47.3,37.5
392201,2,2009-04-30,2009,2009,SuperSport Park,Delhi Daredevils,Deccan Chargers,150,138,12,112,4,4,15,4,45,18.67,8.04,19,84,56.0,40.18
392202,1,2009-04-30,2009,2009,SuperSport Park,Chennai Super Kings,Rajasthan Royals,164,159,5,120,5,5,15,6,45,20.0,8.2,21,96,58.54,37.5
392202,2,2009-04-30,2009,2009,SuperSport Park,Rajasthan Royals,Chennai Super Kings,126,118,8,117,9,9,11,2,47,19.5,6.46,13,56,44.44,40.17
392203,1,2009-05-01,2009,2009,Buffalo Park,Mumbai Indians,Kolkata Knight Riders,148,135,13,120,6,6,8,6,42,20.0,7.4,14,68,45.95,35.0
392203,2,2009-05-01,2009,2009,Buffalo Park,Kolkata Knight Riders,Mumbai Indians,139,131,8,120,6,5,10,3,43,20.0,6.95,13,58,41.73,35.83
392204,1,2009-05-01,2009,2009,Kingsmead,Royal Challengers Bangalore,Kings XI Punjab,145,139,6,120,9,9,13,5,52,20.0,7.25,18,82,56.55,43.33
392204,2,2009-05-01,2009,2009,Kingsmead,Kings XI Punjab,Royal Challengers Bangalore,137,124,13,120,7,6,11,4,56,20.0,6.85,15,68,49.64,46.67
392205,1,2009-05-02,2009,2009,St George's Park,Deccan Chargers,Rajasthan Royals,141,134,7,120,5,5,11,5,51,20.0,7.05,16,74,52.48,42.5
392205,2,2009-05-02,2009,2009,St George's Park,Rajasthan Royals,Deccan Chargers,142,135,7,118,7,6,12,5,49,19.67,7.22,17,78,54.93,41.53
392206,1,2009-05-02,2009,2009,New Wanderers Stadium,Chennai Super Kings,Delhi Daredevils,163,154,9,120,10,9,15,5,44,20.0,8.15,20,90,55.21,36.67
392206,2,2009-05-02,2009,2009,New Wanderers Stadium,Delhi Daredevils,Chennai Super Kings,145,142,3,120,8,8,15,4,52,20.0,7.25,19,84,57.93,43.33
392207,1,2009-05-03,2009,2009,St George's Park,Kolkata Knight Riders,Kings XI Punjab,153,146,7,120,3,3,16,3,46,20.0,7.65,19,82,53.59,38.33
392207,2,2009-05-03,2009,2009,St George's Park,Kings XI Punjab,Kolkata Knight Riders,154,144,10,120,4,4,13,4,41,20.0,7.7,17,76,49.35,34.17
392208,1,2009-05-03,2009,2009,New Wanderers Stadium,Mumbai Indians,Royal Challengers Bangalore,149,143,6,120,4,4,13,3,47,20.0,7.45,16,70,46.98,39.17
392208,2,2009-05-03,2009,2009,New Wanderers Stadium,Royal Challengers Bangalore,Mumbai Indians,150,142,8,109,1,1,14,4,43,18.17,8.26,18,80,53.33,39.45
392209,1,2009-05-04,2009,2009,Buffalo Park,Chennai Super Kings,Deccan Chargers,178,168,10,120,3,3,14,7,35,20.0,8.9,21,98,55.06,29.17
392209,2,2009-05-04,2009,2009,Buffalo Park,Deccan Chargers,Chennai Super Kings,100,93,7,88,10,10,6,6,43,14.67,6.82,12,60,60.0,48.86
392210,1,2009-05-05,2009,2009,Kingsmead,Rajasthan Royals,Kings XI Punjab,211,207,4,120,4,4,25,8,40,20.0,10.55,33,148,70.14,33.33
392210,2,2009-05-05,2009,2009,Kingsmead,Kings XI Punjab,Rajasthan Royals,133,114,19,120,8,8,11,4,59,20.0,6.65,15,68,51.13,49.17
392211,1,2009-05-05,2009,2009,Kingsmead,Kolkata Knight Riders,Delhi Daredevils,154,150,4,120,3,3,14,4,44,20.0,7.7,18,80,51.95,36.67
392211,2,2009-05-05,2009,2009,Kingsmead,Delhi Daredevils,Kolkata Knight Riders,157,149,8,114,1,1,17,2,41,19.0,8.26,19,80,50.96,35.96
392212,1,2009-05-06,2009,2009,SuperSport Park,Deccan Chargers,Mumbai Indians,145,136,9,120,6,5,8,6,44,20.0,7.25,14,68,46.9,36.67
392212,2,2009-05-06,2009,2009,SuperSport Park,Mumbai Indians,Deccan Chargers,126,123,3,120,8,8,11,3,51,20.0,6.3,14,62,49.21,42.5
392213,1,2009-05-07,2009,2009,SuperSport Park,Royal Challengers Bangalore,Rajasthan Royals,105,100,5,120,10,9,6,3,59,20.0,5.25,9,42,40.0,49.17
392213,2,2009-05-07,2009,2009,SuperSport Park,Rajasthan Royals,Royal Challengers Bangalore,107,104,3,90,3,2,10,3,41,15.0,7.13,13,58,54.21,45.56
392214,1,2009-05-07,2009,2009,SuperSport Park,Chennai Super Kings,Kings XI Punjab,185,179,6,108,3,3,19,9,37,18.0,10.28,28,130,70.27,34.26
392214,2,2009-05-07,2009,2009,SuperSport Park,Kings XI Punjab,Chennai Super Kings,174,168,6,108,3,3,12,8,26,18.0,9.67,20,96,55.17,24.07
392215,1,2009-05-08,2009,2009,Buffalo Park,Mumbai Indians,Delhi Daredevils,116,103,13,120,10,7,7,3,56,20.0,5.8,10,46,39.66,46.67
392215,2,2009-05-08,2009,2009,Buffalo Park,Delhi Daredevils,Mumbai Indians,118,112,6,113,3,3,11,2,48,18.83,6.27,13,56,47.46,42.48
392216,1,2009-05-09,2009,2009,De Beers Diamond Oval,Deccan Chargers,Kings XI Punjab,168,161,7,120,5,4,9,9,47,20.0,8.4,18,90,53.57,39.17
392216,2,2009-05-09,2009,2009,De Beers Diamond Oval,Kings XI Punjab,Deccan Chargers,169,160,9,119,7,5,10,7,31,19.83,8.52,17,82,48.52,26.05
392217,1,2009-05-09,2009,2009,De Beers Diamond Oval,Rajasthan Royals,Chennai Super Kings,140,133,7,120,7,6,11,5,49,20.0,7.0,16,74,52.86,40.83
392217,2,2009-05-09,2009,2009,De Beers Diamond Oval,Chennai Super Kings,Rajasthan Royals,141,131,10,110,3,3,14,4,50,18.33,7.69,18,80,56.74,45.45
392218,1,2009-05-10,2009,2009,St George's Park,Mumbai Indians,Royal Challengers Bangalore,157,150,7,120,2,2,10,4,40,20.0,7.85,14,64,40.76,33.33
392218,2,2009-05-10,2009,2009,St George's Park,Royal Challengers Bangalore,Mumbai Indians,141,127,14,120,7,6,9,3,46,20.0,7.05,12,54,38.3,38.33
392219,1,2009-05-10,2009,2009,New Wanderers Stadium,Kolkata Knight Riders,Delhi Daredevils,123,115,8,120,8,8,6,5,57,20.0,6.15,11,54,43.9,47.5
392219,2,2009-05-10,2009,2009,New Wanderers Stadium,Delhi Daredevils,Kolkata Knight Riders,125,112,13,103,3,3,13,1,40,17.17,7.28,14,58,46.4,38.83
392220,1,2009-05-11,2009,2009,De Beers Diamond Oval,Deccan Chargers,Rajasthan Royals,166,164,2,120,7,7,8,8,36,20.0,8.3,16,80,48.19,30.0
392220,2,2009-05-11,2009,2009,De Beers Diamond Oval,Rajasthan Royals,Deccan Chargers,113,109,4,117,10,7,10,1,51,19.5,5.79,11,46,40.71,43.59
392221,1,2009-05-12,2009,2009,SuperSport Park,Kolkata Knight Riders,Royal Challengers Bangalore,173,164,9,120,4,4,17,5,40,20.0,8.65,22,98,56.65,33.33
392221,2,2009-05-12,2009,2009,SuperSport Park,Royal Challengers Bangalore,Kolkata Knight Riders,176,167,9,116,4,4,15,7,42,19.33,9.1,22,102,57.95,36.21
392222,1,2009-05-12,2009,2009,SuperSport Park,Kings XI Punjab,Mumbai Indians,119,101,18,120,9,6,10,3,64,20.0,5.95,13,58,48.74,53.33
392222,2,2009-05-12,2009,2009,SuperSport Park,Mumbai Indians,Kings XI Punjab,122,116,6,98,2,2,12,4,47,16.33,7.47,16,72,59.02,47.96
392223,1,2009-05-13,2009,2009,Kingsmead,Delhi Daredevils,Deccan Chargers,173,161,12,120,7,6,16,6,45,20.0,8.65,22,100,57.8,37.5
392223,2,2009-05-13,2009,2009,Kingsmead,Deccan Chargers,Delhi Daredevils,161,153,8,118,10,9,13,7,44,19.67,8.19,20,94,58.39,37.29
392224,1,2009-05-14,2009,2009,Kingsmead,Chennai Super Kings,Royal Challengers Bangalore,129,125,4,118,10,8,12,3,48,19.67,6.56,15,66,51.16,40.68
392224,2,2009-05-14,2009,2009,Kingsmead,Royal Challengers Bangalore,Chennai Super Kings,132,124,8,118,8,7,11,4,51,19.67,6.71,15,68,51.52,43.22
392225,1,2009-05-14,2009,2009,Kingsmead,Rajasthan Royals,Mumbai Indians,145,138,7,120,7,6,16,3,48,20.0,7.25,19,82,56.55,40.0
392225,2,2009-05-14,2009,2009,Kingsmead,Mumbai Indians,Rajasthan Royals,143,125,18,119,10,7,10,2,44,19.83,7.21,12,52,36.36,36.97
392226,1,2009-05-15,2009,2009,OUTsurance Oval,Delhi Daredevils,Kings XI Punjab,120,106,14,120,9,8,6,1,53,20.0,6.0,7,30,25.0,44.17
392226,2,2009-05-15,2009,2009,OUTsurance Oval,Kings XI Punjab,Delhi Daredevils,123,114,9,115,4,4,12,4,63,19.17,6.42,16,72,58.54,54.78
392227,1,2009-05-16,2009,2009,St George's Park,Mumbai Indians,Chennai Super Kings,147,142,5,120,5,3,9,6,43,20.0,7.35,15,72,48.98,35.83
392227,2,2009-05-16,2009,2009,St George's Park,Chennai Super Kings,Mumbai Indians,151,125,26,115,3,3,10,4,45,19.17,7.88,14,64,42.38,39.13
392228,1,2009-05-16,2009,2009,New Wanderers Stadium,Kolkata Knight Riders,Deccan Chargers,160,153,7,120,5,4,11,6,45,20.0,8.0,17,80,50.0,37.5
392228,2,2009-05-16,2009,2009,New Wanderers Stadium,Deccan Chargers,Kolkata Knight Riders,166,159,7,120,4,2,14,6,43,20.0,8.3,20,92,55.42,35.83
392229,1,2009-05-17,2009,2009,New Wanderers Stadium,Kings XI Punjab,Deccan Chargers,134,127,7,120,7,6,10,3,48,20.0,6.7,13,58,43.28,40.0
392229,2,2009-05-17,2009,2009,New Wanderers Stadium,Deccan Chargers,Kings XI Punjab,133,128,5,120,8,7,12,4,62,20.0,6.65,16,72,54.14,51.67
392230,1,2009-05-17,2009,2009,OUTsurance Oval,Delhi Daredevils,Rajasthan Royals,150,145,5,120,3,3,11,2,37,20.0,7.5,13,56,37.33,30.83
392230,2,2009-05-17,2009,2009,OUTsurance Oval,Rajasthan Royals,Delhi Daredevils,136,123,13,120,9,9,13,1,52,20.0,6.8,14,58,42.65,43.33
392231,1,2009-05-18,2009,2009,SuperSport Park,Chennai Super Kings,Kolkata Knight Riders,188,168,20,120,3,1,16,6,35,20.0,9.4,22,100,53.19,29.17
392231,2,2009-05-18,2009,2009,SuperSport Park,Kolkata Knight Riders,Chennai Super Kings,189,184,5,120,3,2,17,8,41,20.0,9.45,25,116,61.38,34.17
392232,1,2009-05-19,2009,2009,New Wanderers Stadium,Delhi Daredevils,Royal Challengers Bangalore,134,131,3,120,7,7,8,1,36,20.0,6.7,9,38,28.36,30.0
392232,2,2009-05-19,2009,2009,New Wanderers Stadium,Royal Challengers Bangalore,Delhi Daredevils,135,132,3,114,3,3,8,5,41,19.0,7.11,13,62,45.93,35.96
392233,1,2009-05-20,2009,2009,Kingsmead,Rajasthan Royals,Kolkata Knight Riders,101,96,5,120,9,6,7,3,65,20.0,5.05,10,46,45.54,54.17
392233,2,2009-05-20,2009,2009,Kingsmead,Kolkata Knight Riders,Rajasthan Royals,102,97,5,117,6,5,9,2,62,19.5,5.23,11,48,47.06,52.99
392234,1,2009-05-20,2009,2009,Kingsmead,Chennai Super Kings,Kings XI Punjab,116,109,7,120,9,7,11,2,53,20.0,5.8,13,56,48.28,44.17
392234,2,2009-05-20,2009,2009,Kingsmead,Kings XI Punjab,Chennai Super Kings,92,86,6,120,8,8,5,1,60,20.0,4.6,6,26,28.26,50.0
392235,1,2009-05-21,2009,2009,SuperSport Park,Mumbai Indians,Delhi Daredevils,165,141,24,120,8,7,18,2,45,20.0,8.25,20,84,50.91,37.5
392235,2,2009-05-21,2009,2009,SuperSport Park,Delhi Daredevils,Mumbai Indians,166,157,9,105,6,6,17,6,36,17.5,9.49,23,104,62.65,34.29
392236,1,2009-05-21,2009,2009,SuperSport Park,Royal Challengers Bangalore,Deccan Chargers,170,168,2,120,4,4,13,7,45,20.0,8.5,20,94,55.29,37.5
392236,2,2009-05-21,2009,2009,SuperSport Park,Deccan Chargers,Royal Challengers Bangalore,158,145,13,120,6,5,10,5,37,20.0,7.9,15,70,44.3,30.83
392237,1,2009-05-22,2009,2009,SuperSport Park,Delhi Daredevils,Deccan Chargers,153,143,10,120,8,6,13,4,46,20.0,7.65,17,76,49.67,38.33
392237,2,2009-05-22,2009,2009,SuperSport Park,Deccan Chargers,Delhi Daredevils,154,148,6,106,4,4,15,6,41,17.67,8.72,21,96,62.34,38.68
392238,1,2009-05-23,2009,2009,New Wanderers Stadium,Chennai Super Kings,Royal Challengers Bangalore,146,140,6,120,5,5,11,4,40,20.0,7.3,15,68,46.58,33.33
392238,2,2009-05-23,2009,2009,New Wanderers Stadium,Royal Challengers Bangalore,Chennai Super Kings,149,144,5,113,4,4,16,4,46,18.83,7.91,20,88,59.06,40.71
392239,1,2009-05-24,2009,2009,New Wanderers Stadium,Deccan Chargers,Royal Challengers Bangalore,143,135,8,120,6,6,9,4,47,20.0,7.15,13,60,41.96,39.17
392239,2,2009-05-24,2009,2009,New Wanderers Stadium,Royal Challengers Bangalore,Deccan Chargers,137,127,10,120,9,9,10,5,53,20.0,6.85,15,70,51.09,44.17
419106,1,2010-03-12,2010,2010,Dr DY Patil Sports Academy,Kolkata Knight Riders,Deccan Chargers,161,146,15,120,4,4,11,8,50,20.0,8.05,19,92,57.14,41.67
419106,2,2010-03-12,2010,2010,Dr DY Patil Sports Academy,Deccan Chargers,Kolkata Knight Riders,150,138,12,120,7,7,11,4,45,20.0,7.5,15,68,45.33,37.5
419107,1,2010-03-13,2010,2010,Brabourne Stadium,Mumbai Indians,Rajasthan Royals,212,196,16,120,7,5,23,6,33,20.0,10.6,29,128,60.38,27.5
419107,2,2010-03-13,2010,2010,Brabourne Stadium,Rajasthan Royals,Mumbai Indians,208,203,5,120,7,4,18,11,35,20.0,10.4,29,138,66.35,29.17
419108,1,2010-03-13,2010,2010,"Punjab Cricket Association Stadium, Mohali",Kings XI Punjab,Delhi Daredevils,142,129,13,120,9,8,14,2,52,20.0,7.1,16,68,47.89,43.33
419108,2,2010-03-13,2010,2010,"Punjab Cricket Association Stadium, Mohali",Delhi Daredevils,Kings XI Punjab,146,139,7,119,5,4,16,1,44,19.83,7.36,17,70,47.95,36.97
419109,1,2010-03-14,2010,2010,Eden Gardens,Royal Challengers Bangalore,Kolkata Knight Riders,135,130,5,120,7,7,13,2,44,20.0,6.75,15,64,47.41,36.67
419109,2,2010-03-14,2010,2010,Eden Gardens,Kolkata Knight Riders,Royal Challengers Bangalore,136,130,6,116,3,3,14,3,50,19.33,7.03,17,74,54.41,43.1
419110,1,2010-03-14,2010,2010,"MA Chidambaram Stadium, Chepauk",Deccan Chargers,Chennai Super Kings,190,174,16,120,4,1,18,8,42,20.0,9.5,26,120,63.16,35.0
419110,2,2010-03-14,2010,2010,"MA Chidambaram Stadium, Chepauk",Chennai Super Kings,Deccan Chargers,159,156,3,120,9,9,7,10,44,20.0,7.95,17,88,55.35,36.67
419111,1,2010-03-15,2010,2010,"Sardar Patel Stadium, Motera",Rajasthan Royals,Delhi Daredevils,141,136,5,120,6,4,14,4,54,20.0,7.05,18,80,56.74,45.0
419111,2,2010-03-15,2010,2010,"Sardar Patel Stadium, Motera",Delhi Daredevils,Rajasthan Royals,142,133,9,103,4,4,12,5,34,17.17,8.27,17,78,54.93,33.01
419112,1,2010-03-16,2010,2010,M Chinnaswamy Stadium,Kings XI Punjab,Royal Challengers Bangalore,203,190,13,120,3,3,20,7,36,20.0,10.15,27,122,60.1,30.0
419112,2,2010-03-16,2010,2010,M Chinnaswamy Stadium,Royal Challengers Bangalore,Kings XI Punjab,204,194,10,113,2,2,15,13,36,18.83,10.83,28,138,67.65,31.86
419113,1,2010-03-16,2010,2010,Eden Gardens,Chennai Super Kings,Kolkata Knight Riders,164,161,3,120,3,3,16,4,40,20.0,8.2,20,88,53.66,33.33
419113,2,2010-03-16,2010,2010,Eden Gardens,Kolkata Knight Riders,Chennai Super Kings,109,101,8,116,10,9,14,0,57,19.33,5.64,14,56,51.38,49.14
419114,1,2010-03-17,2010,2010,Feroz Shah Kotla,Mumbai Indians,Delhi Daredevils,218,201,17,120,7,6,19,9,30,20.0,10.9,28,130,59.63,25.0
419114,2,2010-03-17,2010,2010,Feroz Shah Kotla,Delhi Daredevils,Mumbai Indians,120,109,11,99,9,8,14,2,42,16.5,7.27,16,68,56.67,42.42
419115,1,2010-03-18,2010,2010,M Chinnaswamy Stadium,Rajasthan Royals,Royal Challengers Bangalore,92,85,7,119,10,8,5,2,64,19.83,4.64,7,32,34.78,53.78
419115,2,2010-03-18,2010,2010,M Chinnaswamy Stadium,Royal Challengers Bangalore,Rajasthan Royals,93,86,7,64,0,0,14,1,27,10.67,8.72,15,62,66.67,42.19
419116,1,2010-03-19,2010,2010,Feroz Shah Kotla,Delhi Daredevils,Chennai Super Kings,185,175,10,120,6,6,21,5,34,20.0,9.25,26,114,61.62,28.33
419116,2,2010-03-19,2010,2010,Feroz Shah Kotla,Chennai Super Kings,Delhi Daredevils,190,180,10,115,5,4,17,11,41,19.17,9.91,28,134,70.53,35.65
419117,1,2010-03-19,2010,2010,Barabati Stadium,Deccan Chargers,Kings XI Punjab,170,169,1,120,8,5,13,7,35,20.0,8.5,20,94,55.29,29.17
419117,2,2010-03-19,2010,2010,Barabati Stadium,Kings XI Punjab,Deccan Chargers,164,152,12,120,8,7,18,5,50,20.0,8.2,23,102,62.2,41.67
419118,1,2010-03-20,2010,2010,"Sardar Patel Stadium, Motera",Rajasthan Royals,Kolkata Knight Riders,168,160,8,120,7,6,20,2,34,20.0,8.4,22,92,54.76,28.33
419118,2,2010-03-20,2010,2010,"Sardar Patel Stadium, Motera",Kolkata Knight Riders,Rajasthan Royals,134,129,5,120,5,4,12,2,42,20.0,6.7,14,60,44.78,35.0
419119,1,2010-03-20,2010,2010,Brabourne Stadium,Mumbai Indians,Royal Challengers Bangalore,151,137,14,120,9,9,16,2,48,20.0,7.55,18,76,50.33,40.0
419119,2,2010-03-20,2010,2010,Brabourne Stadium,Royal Challengers Bangalore,Mumbai Indians,155,153,2,115,3,2,15,5,39,19.17,8.09,20,90,58.06,33.91
419120,1,2010-03-21,2010,2010,Barabati Stadium,Deccan Chargers,Delhi Daredevils,171,169,2,120,6,5,15,9,46,20.0,8.55,24,114,66.67,38.33
419120,2,2010-03-21,2010,2010,Barabati Stadium,Delhi Daredevils,Deccan Chargers,161,157,4,120,9,7,13,6,38,20.0,8.05,19,88,54.66,31.67
419121,1,2010-03-21,2010,2010,"MA Chidambaram Stadium, Chepauk",Kings XI Punjab,Chennai Super Kings,136,132,4,120,8,6,14,3,50,20.0,6.8,17,74,54.41,41.67
419121,2,2010-03-21,2010,2010,"MA Chidambaram Stadium, Chepauk",Chennai Super Kings,Kings XI Punjab,136,123,13,120,7,6,9,5,50,20.0,6.8,14,66,48.53,41.67
419121,3,2010-03-21,2010,2010,"MA Chidambaram Stadium, Chepauk",Chennai Super Kings,Kings XI Punjab,9,9,0,5,2,2,0,1,2,0.83,10.8,1,6,66.67,40.0
419121,4,2010-03-21,2010,2010,"MA Chidambaram Stadium, Chepauk",Kings XI Punjab,Chennai Super Kings,10,10,0,4,1,1,1,1,2,0.67,15.0,2,10,100.0,50.0
419122,1,2010-03-22,2010,2010,Brabourne Stadium,Kolkata Knight Riders,Mumbai Indians,155,140,15,120,3,3,15,2,38,20.0,7.75,17,72,46.45,31.67
419122,2,2010-03-22,2010,2010,Brabourne Stadium,Mumbai Indians,Kolkata Knight Riders,156,152,4,111,3,3,21,1,37,18.5,8.43,22,90,57.69,33.33
419123,1,2010-03-23,2010,2010,M Chinnaswamy Stadium,Royal Challengers Bangalore,Chennai Super Kings,171,157,14,120,5,5,14,8,46,20.0,8.55,22,104,60.82,38.33
419123,2,2010-03-23,2010,2010,M Chinnaswamy Stadium,Chennai Super Kings,Royal Challengers Bangalore,135,124,11,120,7,6,14,3,54,20.0,6.75,17,74,54.81,45.0
419124,1,2010-03-24,2010,2010,"Punjab Cricket Association Stadium, Mohali",Rajasthan Royals,Kings XI Punjab,183,173,10,120,5,3,21,3,35,20.0,9.15,24,102,55.74,29.17
419124,2,2010-03-24,2010,2010,"Punjab Cricket Association Stadium, Mohali",Kings XI Punjab,Rajasthan Royals,152,146,6,115,10,9,13,4,38,19.17,7.93,17,76,50.0,33.04
419125,1,2010-03-25,2010,2010,"Brabourne Stadium, Mumbai",Chennai Super Kings,Mumbai Indians,180,166,14,120,2,2,18,3,30,20.0,9.0,21,90,50.0,25.0
419125,2,2010-03-25,2010,2010,"Brabourne Stadium, Mumbai",Mumbai Indians,Chennai Super Kings,181,167,14,114,5,5,16,6,35,19.0,9.53,22,100,55.25,30.7
419126,1,2010-03-26,2010,2010,"Sardar Patel Stadium, Motera",Deccan Chargers,Rajasthan Royals,148,137,11,120,9,6,8,6,40,20.0,7.4,14,68,45.95,33.33
419126,2,2010-03-26,2010,2010,"Sardar Patel Stadium, Motera",Rajasthan Royals,Deccan Chargers,151,140,11,94,2,1,11,9,35,15.67,9.64,20,98,64.9,37.23
419127,1,2010-03-27,2010,2010,"Punjab Cricket Association Stadium, Mohali",Kolkata Knight Riders,Kings XI Punjab,183,165,18,120,5,5,20,3,40,20.0,9.15,23,98,53.55,33.33
419127,2,2010-03-27,2010,2010,"Punjab Cricket Association Stadium, Mohali",Kings XI Punjab,Kolkata Knight Riders,144,138,6,120,6,6,13,3,45,20.0,7.2,16,70,48.61,37.5
419128,1,2010-03-25,2010,2010,M Chinnaswamy Stadium,Delhi Daredevils,Royal Challengers Bangalore,183,175,8,120,4,2,15,5,31,20.0,9.15,20,90,49.18,25.83
419128,2,2010-03-25,2010,2010,M Chinnaswamy Stadium,Royal Challengers Bangalore,Delhi Daredevils,166,150,16,120,9,6,15,3,31,20.0,8.3,18,78,46.99,25.83
419129,1,2010-03-28,2010,2010,"Sardar Patel Stadium, Motera",Rajasthan Royals,Chennai Super Kings,177,174,3,120,8,6,15,7,36,20.0,8.85,22,102,57.63,30.0
419129,2,2010-03-28,2010,2010,"Sardar Patel Stadium, Motera",Chennai Super Kings,Rajasthan Royals,160,154,6,120,6,4,11,6,36,20.0,8.0,17,80,50.0,30.0
419130,1,2010-03-28,2010,2010,Dr DY Patil Sports Academy,Mumbai Indians,Deccan Chargers,172,162,10,120,7,7,24,3,50,20.0,8.6,27,114,66.28,41.67
419130,2,2010-03-28,2010,2010,Dr DY Patil Sports Academy,Deccan Chargers,Mumbai Indians,131,120,11,106,10,10,9,6,47,17.67,7.42,15,72,54.96,44.34
419131,1,2010-03-29,2010,2010,Feroz Shah Kotla,Delhi Daredevils,Kolkata Knight Riders,177,173,4,120,4,4,15,7,34,20.0,8.85,22,102,57.63,28.33
419131,2,2010-03-29,2010,2010,Feroz Shah Kotla,Kolkata Knight Riders,Delhi Daredevils,137,126,11,120,9,8,11,3,44,20.0,6.85,14,62,45.26,36.67
419132,1,2010-03-30,2010,2010,Brabourne Stadium,Kings XI Punjab,Mumbai Indians,163,142,21,120,10,8,14,1,37,20.0,8.15,15,62,38.04,30.83
419132,2,2010-03-30,2010,2010,Brabourne Stadium,Mumbai Indians,Kings XI Punjab,164,147,17,117,6,6,14,4,40,19.5,8.41,18,80,48.78,34.19
419133,1,2010-03-31,2010,2010,"MA Chidambaram Stadium, Chepauk",Royal Challengers Bangalore,Chennai Super Kings,161,156,5,120,4,3,16,5,41,20.0,8.05,21,94,58.39,34.17
419133,2,2010-03-31,2010,2010,"MA Chidambaram Stadium, Chepauk",Chennai Super Kings,Royal Challengers Bangalore,162,152,10,113,5,5,9,8,35,18.83,8.6,17,84,51.85,30.97
419134,1,2010-03-31,2010,2010,Feroz Shah Kotla,Delhi Daredevils,Rajasthan Royals,188,175,13,120,6,5,17,6,33,20.0,9.4,23,104,55.32,27.5
419134,2,2010-03-31,2010,2010,Feroz Shah Kotla,Rajasthan Royals,Delhi Daredevils,121,118,3,106,10,8,9,6,52,17.67,6.85,15,72,59.5,49.06
419135,1,2010-04-01,2010,2010,Eden Gardens,Kolkata Knight Riders,Deccan Chargers,181,167,14,120,6,6,17,7,43,20.0,9.05,24,110,60.77,35.83
419135,2,2010-04-01,2010,2010,Eden Gardens,Deccan Chargers,Kolkata Knight Riders,157,150,7,120,5,5,18,2,41,20.0,7.85,20,84,53.5,34.17
419136,1,2010-04-02,2010,2010,"Punjab Cricket Association Stadium, Mohali",Kings XI Punjab,Royal Challengers Bangalore,181,170,11,120,5,4,20,3,36,20.0,9.05,23,98,54.14,30.0
419136,2,2010-04-02,2010,2010,"Punjab Cricket Association Stadium, Mohali",Royal Challengers Bangalore,Kings XI Punjab,184,174,10,115,4,3,17,4,25,19.17,9.6,21,92,50.0,21.74
419137,1,2010-04-03,2010,2010,"MA Chidambaram Stadium, Chepauk",Chennai Super Kings,Rajasthan Royals,246,240,6,120,5,4,19,17,33,20.0,12.3,36,178,72.36,27.5
419137,2,2010-04-03,2010,2010,"MA Chidambaram Stadium, Chepauk",Rajasthan Royals,Chennai Super Kings,223,208,15,120,5,5,20,13,36,20.0,11.15,33,158,70.85,30.0
419138,1,2010-04-03,2010,2010,Brabourne Stadium,Mumbai Indians,Deccan Chargers,178,171,7,120,5,5,16,5,35,20.0,8.9,21,94,52.81,29.17
419138,2,2010-04-03,2010,2010,Brabourne Stadium,Deccan Chargers,Mumbai Indians,115,108,7,110,10,9,8,1,43,18.33,6.27,9,38,33.04,39.09
419139,1,2010-04-04,2010,2010,Eden Gardens,Kolkata Knight Riders,Kings XI Punjab,200,187,13,120,3,3,16,10,36,20.0,10.0,26,124,62.0,30.0
419139,2,2010-04-04,2010,2010,Eden Gardens,Kings XI Punjab,Kolkata Knight Riders,204,199,5,110,2,2,21,8,18,18.33,11.13,29,132,64.71,16.36
419140,1,2010-04-04,2010,2010,Feroz Shah Kotla,Delhi Daredevils,Royal Challengers Bangalore,184,176,8,120,5,3,14,11,45,20.0,9.2,25,122,66.3,37.5
419140,2,2010-04-04,2010,2010,Feroz Shah Kotla,Royal Challengers Bangalore,Delhi Daredevils,147,145,2,120,9,9,9,6,40,20.0,7.35,15,72,48.98,33.33
419141,1,2010-04-05,2010,2010,"Vidarbha Cricket Association Stadium, Jamtha",Rajasthan Royals,Deccan Chargers,159,147,12,119,10,9,14,4,45,19.83,8.02,18,80,50.31,37.82
419141,2,2010-04-05,2010,2010,"Vidarbha Cricket Association Stadium, Jamtha",Deccan Chargers,Rajasthan Royals,157,147,10,119,10,9,15,5,49,19.83,7.92,20,90,57.32,41.18
419142,1,2010-04-06,2010,2010,"MA Chidambaram Stadium, Chepauk",Chennai Super Kings,Mumbai Indians,165,147,18,120,4,4,14,2,35,20.0,8.25,16,68,41.21,29.17
419142,2,2010-04-06,2010,2010,"MA Chidambaram Stadium, Chepauk",Mumbai Indians,Chennai Super Kings,141,127,14,120,9,8,11,3,47,20.0,7.05,14,62,43.97,39.17
419143,1,2010-04-07,2010,2010,Sawai Mansingh Stadium,Kings XI Punjab,Rajasthan Royals,153,144,9,120,6,5,13,4,39,20.0,7.65,17,76,49.67,32.5
419143,2,2010-04-07,2010,2010,Sawai Mansingh Stadium,Rajasthan Royals,Kings XI Punjab,157,148,9,90,1,1,20,5,30,15.0,10.47,25,110,70.06,33.33
419144,1,2010-04-07,2010,2010,Eden Gardens,Kolkata Knight Riders,Delhi Daredevils,181,174,7,120,3,2,17,6,38,20.0,9.05,23,104,57.46,31.67
419144,2,2010-04-07,2010,2010,Eden Gardens,Delhi Daredevils,Kolkata Knight Riders,167,158,9,120,8,6,16,4,35,20.0,8.35,20,88,52.69,29.17
419145,1,2010-04-08,2010,2010,M Chinnaswamy Stadium,Royal Challengers Bangalore,Deccan Chargers,184,169,15,120,6,6,15,8,46,20.0,9.2,23,108,58.7,38.33
419145,2,2010-04-08,2010,2010,M Chinnaswamy Stadium,Deccan Chargers,Royal Challengers Bangalore,186,178,8,116,3,3,17,8,34,19.33,9.62,25,116,62.37,29.31
419146,1,2010-04-09,2010,2010,"Punjab Cricket Association Stadium, Mohali",Mumbai Indians,Kings XI Punjab,154,150,4,120,9,8,15,2,33,20.0,7.7,17,72,46.75,27.5
419146,2,2010-04-09,2010,2010,"Punjab Cricket Association Stadium, Mohali",Kings XI Punjab,Mumbai Indians,158,154,4,116,4,4,20,3,42,19.33,8.17,23,98,62.03,36.21
419147,1,2010-04-10,2010,2010,"Vidarbha Cricket Association Stadium, Jamtha",Chennai Super Kings,Deccan Chargers,138,130,8,120,8,7,9,3,41,20.0,6.9,12,54,39.13,34.17
419147,2,2010-04-10,2010,2010,"Vidarbha Cricket Association Stadium, Jamtha",Deccan Chargers,Chennai Super Kings,139,131,8,115,4,4,8,6,50,19.17,7.25,14,68,48.92,43.48
419148,1,2010-04-10,2010,2010,M Chinnaswamy Stadium,Kolkata Knight Riders,Royal Challengers Bangalore,160,149,11,120,9,7,13,8,52,20.0,8.0,21,100,62.5,43.33
419148,2,2010-04-10,2010,2010,M Chinnaswamy Stadium,Royal Challengers Bangalore,Kolkata Knight Riders,162,151,11,103,3,3,13,7,31,17.17,9.44,20,94,58.02,30.1
419149,1,2010-04-11,2010,2010,Feroz Shah Kotla,Delhi Daredevils,Kings XI Punjab,111,93,18,118,10,8,8,0,58,19.67,5.64,8,32,28.83,49.15
419149,2,2010-04-11,2010,2010,Feroz Shah Kotla,Kings XI Punjab,Delhi Daredevils,112,106,6,112,3,3,11,2,45,18.67,6.0,13,56,50.0,40.18
419150,1,2010-04-11,2010,2010,Sawai Mansingh Stadium,Mumbai Indians,Rajasthan Royals,174,162,12,120,5,5,20,3,38,20.0,8.7,23,98,56.32,31.67
419150,2,2010-04-11,2010,2010,Sawai Mansingh Stadium,Rajasthan Royals,Mumbai Indians,137,129,8,120,8,5,7,5,46,20.0,6.85,12,58,42.34,38.33
419151,1,2010-04-12,2010,2010,"Vidarbha Cricket Association Stadium, Jamtha",Deccan Chargers,Royal Challengers Bangalore,151,142,9,120,6,5,11,5,46,20.0,7.55,16,74,49.01,38.33
419151,2,2010-04-12,2010,2010,"Vidarbha Cricket Association Stadium, Jamtha",Royal Challengers Bangalore,Deccan Chargers,138,125,13,118,10,9,9,3,44,19.67,7.02,12,54,39.13,37.29
419152,1,2010-04-13,2010,2010,Brabourne Stadium,Mumbai Indians,Delhi Daredevils,183,173,10,120,4,4,14,7,35,20.0,9.15,21,98,53.55,29.17
419152,2,2010-04-13,2010,2010,Brabourne Stadium,Delhi Daredevils,Mumbai Indians,144,136,8,120,7,5,11,2,30,20.0,7.2,13,56,38.89,25.0
419153,1,2010-04-13,2010,2010,"MA Chidambaram Stadium, Chepauk",Kolkata Knight Riders,Chennai Super Kings,139,119,20,120,8,8,9,5,56,20.0,6.95,14,66,47.48,46.67
419153,2,2010-04-13,2010,2010,"MA Chidambaram Stadium, Chepauk",Chennai Super Kings,Kolkata Knight Riders,143,128,15,81,1,1,15,5,27,13.5,10.59,20,90,62.94,33.33
419154,1,2010-04-14,2010,2010,Sawai Mansingh Stadium,Rajasthan Royals,Royal Challengers Bangalore,130,122,8,120,6,5,14,1,56,20.0,6.5,15,62,47.69,46.67
419154,2,2010-04-14,2010,2010,Sawai Mansingh Stadium,Royal Challengers Bangalore,Rajasthan Royals,132,131,1,94,5,4,18,4,43,15.67,8.43,22,96,72.73,45.74
419155,1,2010-04-15,2010,2010,"MA Chidambaram Stadium, Chepauk",Chennai Super Kings,Delhi Daredevils,112,104,8,121,9,8,10,1,62,20.17,5.55,11,46,41.07,51.24
419155,2,2010-04-15,2010,2010,"MA Chidambaram Stadium, Chepauk",Delhi Daredevils,Chennai Super Kings,113,100,13,112,4,4,8,0,49,18.67,6.05,8,32,28.32,43.75
419156,1,2010-04-16,2010,2010,Himachal Pradesh Cricket Association Stadium,Kings XI Punjab,Deccan Chargers,174,166,8,120,3,3,23,4,48,20.0,8.7,27,116,66.67,40.0
419156,2,2010-04-16,2010,2010,Himachal Pradesh Cricket Association Stadium,Deccan Chargers,Kings XI Punjab,178,165,13,115,5,5,17,7,39,19.17,9.29,24,110,61.8,33.91
419157,1,2010-04-17,2010,2010,M Chinnaswamy Stadium,Mumbai Indians,Royal Challengers Bangalore,191,176,15,120,4,4,14,10,40,20.0,9.55,24,116,60.73,33.33
419157,2,2010-04-17,2010,2010,M Chinnaswamy Stadium,Royal Challengers Bangalore,Mumbai Indians,134,129,5,120,9,9,10,3,39,20.0,6.7,13,58,43.28,32.5
419158,1,2010-04-17,2010,2010,Eden Gardens,Rajasthan Royals,Kolkata Knight Riders,132,129,3,120,9,8,14,2,48,20.0,6.6,16,68,51.52,40.0
419158,2,2010-04-17,2010,2010,Eden Gardens,Kolkata Knight Riders,Rajasthan Royals,133,126,7,97,2,2,17,3,40,16.17,8.23,20,86,64.66,41.24
419159,1,2010-04-18,2010,2010,Himachal Pradesh Cricket Association Stadium,Kings XI Punjab,Chennai Super Kings,192,187,5,120,3,3,19,8,36,20.0,9.6,27,124,64.58,30.0
419159,2,2010-04-18,2010,2010,Himachal Pradesh Cricket Association Stadium,Chennai Super Kings,Kings XI Punjab,195,185,10,118,4,4,22,7,36,19.67,9.92,29,130,66.67,30.51
419160,1,2010-04-18,2010,2010,Feroz Shah Kotla,Deccan Chargers,Delhi Daredevils,145,142,3,120,7,6,12,6,47,20.0,7.25,18,84,57.93,39.17
419160,2,2010-04-18,2010,2010,Feroz Shah Kotla,Delhi Daredevils,Deccan Chargers,134,129,5,120,7,6,10,4,46,20.0,6.7,14,64,47.76,38.33
419161,1,2010-04-19,2010,2010,Eden Gardens,Mumbai Indians,Kolkata Knight Riders,133,127,6,120,8,7,12,2,44,20.0,6.65,14,60,45.11,36.67
419161,2,2010-04-19,2010,2010,Eden Gardens,Kolkata Knight Riders,Mumbai Indians,135,119,16,105,1,1,13,3,42,17.5,7.71,16,70,51.85,40.0
419162,1,2010-04-21,2010,2010,Dr DY Patil Sports Academy,Mumbai Indians,Royal Challengers Bangalore,184,171,13,120,5,4,14,7,40,20.0,9.2,21,98,53.26,33.33
419162,2,2010-04-21,2010,2010,Dr DY Patil Sports Academy,Royal Challengers Bangalore,Mumbai Indians,149,139,10,120,9,8,12,3,43,20.0,7.45,15,66,44.3,35.83
419163,1,2010-04-22,2010,2010,Dr DY Patil Sports Academy,Chennai Super Kings,Deccan Chargers,142,126,16,120,7,6,11,4,44,20.0,7.1,15,68,47.89,36.67
419163,2,2010-04-22,2010,2010,Dr DY Patil Sports Academy,Deccan Chargers,Chennai Super Kings,104,96,8,116,10,10,9,2,64,19.33,5.38,11,48,46.15,55.17
419164,1,2010-04-24,2010,2010,Dr DY Patil Sports Academy,Deccan Chargers,Royal Challengers Bangalore,82,78,4,111,10,10,8,2,68,18.5,4.43,10,44,53.66,61.26
419164,2,2010-04-24,2010,2010,Dr DY Patil Sports Academy,Royal Challengers Bangalore,Deccan Chargers,86,83,3,83,1,1,9,2,37,13.83,6.22,11,48,55.81,44.58
419165,1,2010-04-25,2010,2010,Dr DY Patil Sports Academy,Chennai Super Kings,Mumbai Indians,168,157,11,120,5,4,11,8,44,20.0,8.4,19,92,54.76,36.67
419165,2,2010-04-25,2010,2010,Dr DY Patil Sports Academy,Mumbai Indians,Chennai Super Kings,146,134,12,120,9,6,12,5,48,20.0,7.3,17,78,53.42,40.0
501198,1,2011-04-08,2011,2011,"MA Chidambaram Stadium, Chepauk",Chennai Super Kings,Kolkata Knight Riders,153,150,3,120,4,4,14,4,35,20.0,7.65,18,80,52.29,29.17
501198,2,2011-04-08,2011,2011,"MA Chidambaram Stadium, Chepauk",Kolkata Knight Riders,Chennai Super Kings,151,143,8,120,7,5,14,3,40,20.0,7.55,17,74,49.01,33.33
501199,1,2011-04-09,2011,2011,"Rajiv Gandhi International Stadium, Uppal",Deccan Chargers,Rajasthan Royals,137,133,4,120,8,8,10,5,50,20.0,6.85,15,70,51.09,41.67
501199,2,2011-04-09,2011,2011,"Rajiv Gandhi International Stadium, Uppal",Rajasthan Royals,Deccan Chargers,141,136,5,113,2,2,15,3,45,18.83,7.49,18,78,55.32,39.82
501200,1,2011-04-09,2011,2011,Nehru Stadium,Kochi Tuskers Kerala,Royal Challengers Bangalore,161,150,11,120,5,5,13,5,39,20.0,8.05,18,82,50.93,32.5
501200,2,2011-04-09,2011,2011,Nehru Stadium,Royal Challengers Bangalore,Kochi Tuskers Kerala,162,149,13,112,4,4,12,7,41,18.67,8.68,19,90,55.56,36.61
501201,1,2011-04-10,2011,2011,Feroz Shah Kotla,Delhi Daredevils,Mumbai Indians,95,91,4,106,10,8,9,2,55,17.67,5.38,11,48,50.53,51.89
501201,2,2011-04-10,2011,2011,Feroz Shah Kotla,Mumbai Indians,Delhi Daredevils,99,88,11,101,2,1,8,1,43,16.83,5.88,9,38,38.38,42.57
501202,1,2011-04-10,2011,2011,Dr DY Patil Sports Academy,Kings XI Punjab,Pune Warriors,112,102,10,119,8,7,12,1,64,19.83,5.65,13,54,48.21,53.78
501202,2,2011-04-10,2011,2011,Dr DY Patil Sports Academy,Pune Warriors,Kings XI Punjab,113,109,4,79,3,3,14,4,36,13.17,8.58,18,80,70.8,45.57
501203,1,2011-04-11,2011,2011,Eden Gardens,Kolkata Knight Riders,Deccan Chargers,163,153,10,120,4,4,20,3,45,20.0,8.15,23,98,60.12,37.5
501203,2,2011-04-11,2011,2011,Eden Gardens,Deccan Chargers,Kolkata Knight Riders,154,145,9,120,8,7,13,5,40,20.0,7.7,18,82,53.25,33.33
501204,1,2011-04-12,2011,2011,Sawai Mansingh Stadium,Delhi Daredevils,Rajasthan Royals,151,142,9,120,6,6,14,6,56,20.0,7.55,20,92,60.93,46.67
501204,2,2011-04-12,2011,2011,Sawai Mansingh Stadium,Rajasthan Royals,Delhi Daredevils,152,140,12,111,4,4,13,6,44,18.5,8.22,19,88,57.89,39.64
501205,1,2011-04-12,2011,2011,M Chinnaswamy Stadium,Royal Challengers Bangalore,Mumbai Indians,140,125,15,120,4,4,12,3,40,20.0,7.0,15,66,47.14,33.33
501205,2,2011-04-12,2011,2011,M Chinnaswamy Stadium,Mumbai Indians,Royal Challengers Bangalore,143,140,3,111,1,1,18,2,40,18.5,7.73,20,84,58.74,36.04
501206,1,2011-04-13,2011,2011,"Punjab Cricket Association Stadium, Mohali",Chennai Super Kings,Kings XI Punjab,188,183,5,120,4,4,18,6,38,20.0,9.4,24,108,57.45,31.67
501206,2,2011-04-13,2011,2011,"Punjab Cricket Association Stadium, Mohali",Kings XI Punjab,Chennai Super Kings,193,192,1,115,4,3,25,4,26,19.17,10.07,29,124,64.25,22.61
501207,1,2011-04-13,2011,2011,Dr DY Patil Sports Academy,Kochi Tuskers Kerala,Pune Warriors,148,137,11,120,8,6,12,5,53,20.0,7.4,17,78,52.7,44.17
501207,2,2011-04-13,2011,2011,Dr DY Patil Sports Academy,Pune Warriors,Kochi Tuskers Kerala,151,140,11,113,6,5,12,5,45,18.83,8.02,17,78,51.66,39.82
501208,1,2011-04-14,2011,2011,"Rajiv Gandhi International Stadium, Uppal",Deccan Chargers,Royal Challengers Bangalore,175,168,7,120,5,5,17,6,39,20.0,8.75,23,104,59.43,32.5
501208,2,2011-04-14,2011,2011,"Rajiv Gandhi International Stadium, Uppal",Royal Challengers Bangalore,Deccan Chargers,142,134,8,120,9,9,12,3,49,20.0,7.1,15,66,46.48,40.83
501209,1,2011-04-15,2011,2011,Sawai Mansingh Stadium,Rajasthan Royals,Kolkata Knight Riders,159,140,19,120,4,4,10,5,39,20.0,7.95,15,70,44.03,32.5
501209,2,2011-04-15,2011,2011,Sawai Mansingh Stadium,Kolkata Knight Riders,Rajasthan Royals,160,156,4,111,1,0,18,3,33,18.5,8.65,21,90,56.25,29.73
501210,1,2011-04-15,2011,2011,Wankhede Stadium,Mumbai Indians,Kochi Tuskers Kerala,182,165,17,120,2,1,16,7,38,20.0,9.1,23,106,58.24,31.67
501210,2,2011-04-15,2011,2011,Wankhede Stadium,Kochi Tuskers Kerala,Mumbai Indians,184,173,11,114,2,2,23,4,38,19.0,9.68,27,116,63.04,33.33
501211,1,2011-04-16,2011,2011,"MA Chidambaram Stadium, Chepauk",Chennai Super Kings,Royal Challengers Bangalore,183,179,4,120,5,5,20,5,32,20.0,9.15,25,110,60.11,26.67
501211,2,2011-04-16,2011,2011,"MA Chidambaram Stadium, Chepauk",Royal Challengers Bangalore,Chennai Super Kings,162,153,9,120,7,7,13,5,40,20.0,8.1,18,82,50.62,33.33
501212,1,2011-04-16,2011,2011,"Rajiv Gandhi International Stadium, Uppal",Deccan Chargers,Kings XI Punjab,165,160,5,120,8,8,17,3,34,20.0,8.25,20,86,52.12,28.33
501212,2,2011-04-16,2011,2011,"Rajiv Gandhi International Stadium, Uppal",Kings XI Punjab,Deccan Chargers,166,152,14,106,2,2,15,8,40,17.67,9.4,23,108,65.06,37.74
501213,1,2011-04-17,2011,2011,Dr DY Patil Sports Academy,Pune Warriors,Delhi Daredevils,187,179,8,120,5,5,13,11,46,20.0,9.35,24,118,63.1,38.33
501213,2,2011-04-17,2011,2011,Dr DY Patil Sports Academy,Delhi Daredevils,Pune Warriors,190,180,10,116,7,6,16,9,39,19.33,9.83,25,118,62.11,33.62
501214,1,2011-04-17,2011,2011,Eden Gardens,Rajasthan Royals,Kolkata Knight Riders,81,76,5,92,10,8,6,1,41,15.33,5.28,7,30,37.04,44.57
501214,2,2011-04-17,2011,2011,Eden Gardens,Kolkata Knight Riders,Rajasthan Royals,85,74,11,83,2,2,7,1,38,13.83,6.14,8,34,40.0,45.78
501215,1,2011-04-18,2011,2011,Nehru Stadium,Chennai Super Kings,Kochi Tuskers Kerala,131,128,3,102,4,3,15,3,39,17.0,7.71,18,78,59.54,38.24
501215,2,2011-04-18,2011,2011,Nehru Stadium,Kochi Tuskers Kerala,Chennai Super Kings,135,132,3,90,3,3,12,7,35,15.0,9.0,19,90,66.67,38.89
501216,1,2011-04-19,2011,2011,Feroz Shah Kotla,Deccan Chargers,Delhi Daredevils,168,163,5,120,4,4,20,3,37,20.0,8.4,23,98,58.33,30.83
501216,2,2011-04-19,2011,2011,Feroz Shah Kotla,Delhi Daredevils,Deccan Chargers,152,139,13,120,7,7,12,5,47,20.0,7.6,17,78,51.32,39.17
501218,1,2011-04-20,2011,2011,Wankhede Stadium,Pune Warriors,Mumbai Indians,118,106,12,104,10,10,13,2,51,17.33,6.81,15,64,54.24,49.04
501218,2,2011-04-20,2011,2011,Wankhede Stadium,Mumbai Indians,Pune Warriors,124,114,10,120,3,3,10,1,44,20.0,6.2,11,46,37.1,36.67
501219,1,2011-04-20,2011,2011,Eden Gardens,Kochi Tuskers Kerala,Kolkata Knight Riders,132,124,8,120,7,7,11,5,52,20.0,6.6,16,74,56.06,43.33
501219,2,2011-04-20,2011,2011,Eden Gardens,Kolkata Knight Riders,Kochi Tuskers Kerala,126,115,11,120,9,7,7,3,48,20.0,6.3,10,46,36.51,40.0
501220,1,2011-04-21,2011,2011,"Punjab Cricket Association Stadium, Mohali",Kings XI Punjab,Rajasthan Royals,195,178,17,120,7,6,19,7,42,20.0,9.75,26,118,60.51,35.0
501220,2,2011-04-21,2011,2011,"Punjab Cricket Association Stadium, Mohali",Rajasthan Royals,Kings XI Punjab,147,145,2,120,7,7,16,2,44,20.0,7.35,18,76,51.7,36.67
501221,1,2011-04-22,2011,2011,Wankhede Stadium,Mumbai Indians,Chennai Super Kings,164,150,14,120,4,4,14,7,49,20.0,8.2,21,98,59.76,40.83
501221,2,2011-04-22,2011,2011,Wankhede Stadium,Chennai Super Kings,Mumbai Indians,156,146,10,120,9,9,15,4,46,20.0,7.8,19,84,53.85,38.33
501222,1,2011-04-22,2011,2011,Eden Gardens,Kolkata Knight Riders,Royal Challengers Bangalore,171,158,13,120,5,4,15,4,39,20.0,8.55,19,84,49.12,32.5
501222,2,2011-04-22,2011,2011,Eden Gardens,Royal Challengers Bangalore,Kolkata Knight Riders,175,170,5,109,1,1,19,8,38,18.17,9.63,27,124,70.86,34.86
501223,1,2011-04-23,2011,2011,Feroz Shah Kotla,Delhi Daredevils,Kings XI Punjab,231,215,16,120,4,4,20,12,32,20.0,11.55,32,152,65.8,26.67
501223,2,2011-04-23,2011,2011,Feroz Shah Kotla,Kings XI Punjab,Delhi Daredevils,202,197,5,120,6,6,21,11,46,20.0,10.1,32,150,74.26,38.33
501224,1,2011-04-24,2011,2011,"Rajiv Gandhi International Stadium, Uppal",Mumbai Indians,Deccan Chargers,172,167,5,120,4,4,18,5,38,20.0,8.6,23,102,59.3,31.67
501224,2,2011-04-24,2011,2011,"Rajiv Gandhi International Stadium, Uppal",Deccan Chargers,Mumbai Indians,135,123,12,120,8,5,14,1,47,20.0,6.75,15,62,45.93,39.17
501225,1,2011-04-24,2011,2011,Sawai Mansingh Stadium,Kochi Tuskers Kerala,Rajasthan Royals,109,100,9,120,10,8,8,0,50,20.0,5.45,8,32,29.36,41.67
501225,2,2011-04-24,2011,2011,Sawai Mansingh Stadium,Rajasthan Royals,Kochi Tuskers Kerala,111,109,2,85,2,1,12,3,33,14.17,7.84,15,66,59.46,38.82
501226,1,2011-04-25,2011,2011,"MA Chidambaram Stadium, Chepauk",Chennai Super Kings,Pune Warriors,142,138,4,120,6,6,10,4,44,20.0,7.1,14,64,45.07,36.67
501226,2,2011-04-25,2011,2011,"MA Chidambaram Stadium, Chepauk",Pune Warriors,Chennai Super Kings,117,110,7,120,9,7,6,2,50,20.0,5.85,8,36,30.77,41.67
501227,1,2011-04-26,2011,2011,Feroz Shah Kotla,Delhi Daredevils,Royal Challengers Bangalore,160,147,13,120,6,5,13,5,43,20.0,8.0,18,82,51.25,35.83
501227,2,2011-04-26,2011,2011,Feroz Shah Kotla,Royal Challengers Bangalore,Delhi Daredevils,161,143,18,117,7,6,17,5,44,19.5,8.26,22,98,60.87,37.61
501228,1,2011-04-27,2011,2011,Dr DY Patil Sports Academy,Pune Warriors,Chennai Super Kings,141,136,5,120,6,6,11,6,56,20.0,7.05,17,80,56.74,46.67
501228,2,2011-04-27,2011,2011,Dr DY Patil Sports Academy,Chennai Super Kings,Pune Warriors,145,137,8,117,2,2,9,5,39,19.5,7.44,14,66,45.52,33.33
501229,1,2011-04-27,2011,2011,Nehru Stadium,Deccan Chargers,Kochi Tuskers Kerala,129,122,7,120,7,6,13,1,52,20.0,6.45,14,58,44.96,43.33
501229,2,2011-04-27,2011,2011,Nehru Stadium,Kochi Tuskers Kerala,Deccan Chargers,74,67,7,99,10,10,9,0,58,16.5,4.48,9,36,48.65,58.59
501230,1,2011-04-28,2011,2011,Feroz Shah Kotla,Kolkata Knight Riders,Delhi Daredevils,148,140,8,120,7,6,12,4,44,20.0,7.4,16,72,48.65,36.67
501230,2,2011-04-28,2011,2011,Feroz Shah Kotla,Delhi Daredevils,Kolkata Knight Riders,131,124,7,120,9,7,9,5,53,20.0,6.55,14,66,50.38,44.17
501231,1,2011-04-29,2011,2011,Sawai Mansingh Stadium,Mumbai Indians,Rajasthan Royals,94,87,7,120,8,8,4,2,57,20.0,4.7,6,28,29.79,47.5
501231,2,2011-04-29,2011,2011,Sawai Mansingh Stadium,Rajasthan Royals,Mumbai Indians,95,93,2,109,3,3,7,2,60,18.17,5.23,9,40,42.11,55.05
501232,1,2011-04-29,2011,2011,M Chinnaswamy Stadium,Royal Challengers Bangalore,Pune Warriors,181,179,2,120,5,5,13,10,40,20.0,9.05,23,112,61.88,33.33
501232,2,2011-04-29,2011,2011,M Chinnaswamy Stadium,Pune Warriors,Royal Challengers Bangalore,155,146,9,120,5,5,11,6,41,20.0,7.75,17,80,51.61,34.17
501233,1,2011-04-30,2011,2011,Nehru Stadium,Delhi Daredevils,Kochi Tuskers Kerala,157,141,16,120,7,5,12,7,53,20.0,7.85,19,90,57.32,44.17
501233,2,2011-04-30,2011,2011,Nehru Stadium,Kochi Tuskers Kerala,Delhi Daredevils,119,111,8,113,10,10,9,3,46,18.83,6.32,12,54,45.38,40.71
501234,1,2011-04-30,2011,2011,Eden Gardens,Kings XI Punjab,Kolkata Knight Riders,119,113,6,120,6,3,11,1,55,20.0,5.95,12,50,42.02,45.83
501234,2,2011-04-30,2011,2011,Eden Gardens,Kolkata Knight Riders,Kings XI Punjab,120,108,12,104,2,2,13,1,43,17.33,6.92,14,58,48.33,41.35
501235,1,2011-05-01,2011,2011,Sawai Mansingh Stadium,Pune Warriors,Rajasthan Royals,143,138,5,120,7,5,15,2,44,20.0,7.15,17,72,50.35,36.67
501235,2,2011-05-01,2011,2011,Sawai Mansingh Stadium,Rajasthan Royals,Pune Warriors,144,133,11,117,4,4,9,6,45,19.5,7.38,15,72,50.0,38.46
501236,1,2011-05-01,2011,2011,"MA Chidambaram Stadium, Chepauk",Chennai Super Kings,Deccan Chargers,165,156,9,120,5,4,13,6,40,20.0,8.25,19,88,53.33,33.33
501236,2,2011-05-01,2011,2011,"MA Chidambaram Stadium, Chepauk",Deccan Chargers,Chennai Super Kings,146,141,5,120,8,7,10,5,45,20.0,7.3,15,70,47.95,37.5
501237,1,2011-05-02,2011,2011,Wankhede Stadium,Mumbai Indians,Kings XI Punjab,159,154,5,120,5,5,17,4,40,20.0,7.95,21,92,57.86,33.33
501237,2,2011-05-02,2011,2011,Wankhede Stadium,Kings XI Punjab,Mumbai Indians,136,124,12,120,8,8,12,2,38,20.0,6.8,14,60,44.12,31.67
501238,1,2011-05-02,2011,2011,Feroz Shah Kotla,Delhi Daredevils,Kochi Tuskers Kerala,140,133,7,120,6,6,16,2,47,20.0,7.0,18,76,54.29,39.17
501238,2,2011-05-02,2011,2011,Feroz Shah Kotla,Kochi Tuskers Kerala,Delhi Daredevils,141,123,18,90,3,2,17,3,35,15.0,9.4,20,86,60.99,38.89
501239,1,2011-05-03,2011,2011,"Rajiv Gandhi International Stadium, Uppal",Kolkata Knight Riders,Deccan Chargers,169,159,10,120,4,4,13,6,40,20.0,8.45,19,88,52.07,33.33
501239,2,2011-05-03,2011,2011,"Rajiv Gandhi International Stadium, Uppal",Deccan Chargers,Kolkata Knight Riders,149,145,4,120,6,6,13,1,35,20.0,7.45,14,58,38.93,29.17
501240,1,2011-05-04,2011,2011,"MA Chidambaram Stadium, Chepauk",Rajasthan Royals,Chennai Super Kings,147,140,7,120,6,6,18,0,44,20.0,7.35,18,72,48.98,36.67
501240,2,2011-05-04,2011,2011,"MA Chidambaram Stadium, Chepauk",Chennai Super Kings,Rajasthan Royals,149,145,4,112,2,2,12,2,31,18.67,7.98,14,60,40.27,27.68
501241,1,2011-05-04,2011,2011,Dr DY Patil Sports Academy,Mumbai Indians,Pune Warriors,160,145,15,120,7,7,13,6,46,20.0,8.0,19,88,55.0,38.33
501241,2,2011-05-04,2011,2011,Dr DY Patil Sports Academy,Pune Warriors,Mumbai Indians,139,129,10,120,7,6,8,7,55,20.0,6.95,15,74,53.24,45.83
501242,1,2011-05-05,2011,2011,Nehru Stadium,Kochi Tuskers Kerala,Kolkata Knight Riders,156,150,6,120,5,4,13,4,39,20.0,7.8,17,76,48.72,32.5
501242,2,2011-05-05,2011,2011,Nehru Stadium,Kolkata Knight Riders,Kochi Tuskers Kerala,139,136,3,120,7,5,15,2,48,20.0,6.95,17,72,51.8,40.0
501243,1,2011-05-05,2011,2011,"Rajiv Gandhi International Stadium, Uppal",Deccan Chargers,Delhi Daredevils,175,165,10,120,5,4,18,4,37,20.0,8.75,22,96,54.86,30.83
501243,2,2011-05-05,2011,2011,"Rajiv Gandhi International Stadium, Uppal",Delhi Daredevils,Deccan Chargers,179,169,10,114,6,6,17,7,40,19.0,9.42,24,110,61.45,35.09
501244,1,2011-05-06,2011,2011,M Chinnaswamy Stadium,Royal Challengers Bangalore,Kings XI Punjab,205,199,6,120,6,6,23,11,45,20.0,10.25,34,158,77.07,37.5
501244,2,2011-05-06,2011,2011,M Chinnaswamy Stadium,Kings XI Punjab,Royal Challengers Bangalore,120,115,5,120,9,8,11,1,47,20.0,6.0,12,50,41.67,39.17
501245,1,2011-05-07,2011,2011,Eden Gardens,Chennai Super Kings,Kolkata Knight Riders,114,108,6,120,4,3,6,2,46,20.0,5.7,8,36,31.58,38.33
501245,2,2011-05-07,2011,2011,Eden Gardens,Kolkata Knight Riders,Chennai Super Kings,61,57,4,60,2,2,7,0,26,10.0,6.1,7,28,45.9,43.33
501246,1,2011-05-07,2011,2011,Wankhede Stadium,Mumbai Indians,Delhi Daredevils,178,172,6,120,4,4,21,5,41,20.0,8.9,26,114,64.04,34.17
501246,2,2011-05-07,2011,2011,Wankhede Stadium,Delhi Daredevils,Mumbai Indians,146,137,9,119,10,9,20,1,52,19.83,7.36,21,86,58.9,43.7
501247,1,2011-05-08,2011,2011,M Chinnaswamy Stadium,Kochi Tuskers Kerala,Royal Challengers Bangalore,125,115,10,120,9,7,12,0,51,20.0,6.25,12,48,38.4,42.5
501247,2,2011-05-08,2011,2011,M Chinnaswamy Stadium,Royal Challengers Bangalore,Kochi Tuskers Kerala,128,123,5,79,1,1,14,6,33,13.17,9.72,20,92,71.88,41.77
501248,1,2011-05-08,2011,2011,"Punjab Cricket Association Stadium, Mohali",Kings XI Punjab,Pune Warriors,119,115,4,120,8,8,12,1,50,20.0,5.95,13,54,45.38,41.67
501248,2,2011-05-08,2011,2011,"Punjab Cricket Association Stadium, Mohali",Pune Warriors,Kings XI Punjab,120,108,12,103,5,5,14,2,49,17.17,6.99,16,68,56.67,47.57
501249,1,2011-05-09,2011,2011,Sawai Mansingh Stadium,Chennai Super Kings,Rajasthan Royals,196,188,8,120,3,2,19,6,32,20.0,9.8,25,112,57.14,26.67
501249,2,2011-05-09,2011,2011,Sawai Mansingh Stadium,Rajasthan Royals,Chennai Super Kings,133,128,5,117,10,9,11,1,44,19.5,6.82,12,50,37.59,37.61
501250,1,2011-05-10,2011,2011,"Rajiv Gandhi International Stadium, Uppal",Deccan Chargers,Pune Warriors,136,135,1,120,8,8,11,2,34,20.0,6.8,13,56,41.18,28.33
501250,2,2011-05-10,2011,2011,"Rajiv Gandhi International Stadium, Uppal",Pune Warriors,Deccan Chargers,137,134,3,110,4,4,17,5,56,18.33,7.47,22,98,71.53,50.91
501251,1,2011-05-10,2011,2011,"Punjab Cricket Association Stadium, Mohali",Kings XI Punjab,Mumbai Indians,163,141,22,120,8,7,15,3,44,20.0,8.15,18,78,47.85,36.67
501251,2,2011-05-10,2011,2011,"Punjab Cricket Association Stadium, Mohali",Mumbai Indians,Kings XI Punjab,87,82,5,77,10,9,10,2,38,12.83,6.78,12,52,59.77,49.35
501252,1,2011-05-11,2011,2011,Sawai Mansingh Stadium,Rajasthan Royals,Royal Challengers Bangalore,146,135,11,120,6,5,12,3,46,20.0,7.3,15,66,45.21,38.33
501252,2,2011-05-11,2011,2011,Sawai Mansingh Stadium,Royal Challengers Bangalore,Rajasthan Royals,151,147,4,102,1,1,18,5,35,17.0,8.88,23,102,67.55,34.31
501253,1,2011-05-12,2011,2011,"MA Chidambaram Stadium, Chepauk",Chennai Super Kings,Delhi Daredevils,176,172,4,120,4,3,15,8,39,20.0,8.8,23,108,61.36,32.5
501253,2,2011-05-12,2011,2011,"MA Chidambaram Stadium, Chepauk",Delhi Daredevils,Chennai Super Kings,158,144,14,120,6,6,11,6,46,20.0,7.9,17,80,50.63,38.33
501254,1,2011-05-13,2011,2011,Holkar Cricket Stadium,Kochi Tuskers Kerala,Kings XI Punjab,178,155,23,120,7,5,12,7,41,20.0,8.9,19,90,50.56,34.17
501254,2,2011-05-13,2011,2011,Holkar Cricket Stadium,Kings XI Punjab,Kochi Tuskers Kerala,181,173,8,113,4,4,17,10,43,18.83,9.61,27,128,70.72,38.05
501255,1,2011-05-14,2011,2011,M Chinnaswamy Stadium,Kolkata Knight Riders,Royal Challengers Bangalore,89,82,7,78,4,4,7,3,35,13.0,6.85,10,46,51.69,44.87
501255,2,2011-05-14,2011,2011,M Chinnaswamy Stadium,Royal Challengers Bangalore,Kolkata Knight Riders,105,99,6,74,6,5,13,2,31,12.33,8.51,15,64,60.95,41.89
501256,1,2011-05-14,2011,2011,Wankhede Stadium,Deccan Chargers,Mumbai Indians,135,128,7,120,6,6,9,4,41,20.0,6.75,13,60,44.44,34.17
501256,2,2011-05-14,2011,2011,Wankhede Stadium,Mumbai Indians,Deccan Chargers,125,107,18,120,8,7,8,4,60,20.0,6.25,12,56,44.8,50.0
501257,1,2011-05-15,2011,2011,Himachal Pradesh Cricket Association Stadium,Kings XI Punjab,Delhi Daredevils,170,161,9,120,6,6,20,6,52,20.0,8.5,26,116,68.24,43.33
501257,2,2011-05-15,2011,2011,Himachal Pradesh Cricket Association Stadium,Delhi Daredevils,Kings XI Punjab,141,129,12,120,8,8,13,6,62,20.0,7.05,19,88,62.41,51.67
501258,1,2011-05-15,2011,2011,Holkar Cricket Stadium,Rajasthan Royals,Kochi Tuskers Kerala,97,94,3,111,10,9,9,4,68,18.5,5.24,13,60,61.86,61.26
501258,2,2011-05-15,2011,2011,Holkar Cricket Stadium,Kochi Tuskers Kerala,Rajasthan Royals,98,89,9,44,2,2,9,7,18,7.33,13.36,16,78,79.59,40.91
501259,1,2011-05-16,2011,2011,Dr DY Patil Sports Academy,Pune Warriors,Deccan Chargers,136,133,3,120,9,8,10,7,60,20.0,6.8,17,82,60.29,50.0
501259,2,2011-05-16,2011,2011,Dr DY Patil Sports Academy,Deccan Chargers,Pune Warriors,138,129,9,116,4,4,10,4,46,19.33,7.14,14,64,46.38,39.66
501260,1,2011-05-17,2011,2011,Himachal Pradesh Cricket Association Stadium,Kings XI Punjab,Royal Challengers Bangalore,232,205,27,120,2,2,17,15,39,20.0,11.6,32,158,68.1,32.5
501260,2,2011-05-17,2011,2011,Himachal Pradesh Cricket Association Stadium,Royal Challengers Bangalore,Kings XI Punjab,121,112,9,102,10,10,12,4,51,17.0,7.12,16,72,59.5,50.0
501261,1,2011-05-18,2011,2011,"MA Chidambaram Stadium, Chepauk",Chennai Super Kings,Kochi Tuskers Kerala,152,148,4,120,5,5,10,6,38,20.0,7.6,16,76,50.0,31.67
501261,2,2011-05-18,2011,2011,"MA Chidambaram Stadium, Chepauk",Kochi Tuskers Kerala,Chennai Super Kings,141,132,9,120,5,4,10,3,40,20.0,7.05,13,58,41.13,33.33
501262,1,2011-05-19,2011,2011,Dr DY Patil Sports Academy,Pune Warriors,Kolkata Knight Riders,118,106,12,120,7,7,10,1,54,20.0,5.9,11,46,38.98,45.0
501262,2,2011-05-19,2011,2011,Dr DY Patil Sports Academy,Kolkata Knight Riders,Pune Warriors,119,114,5,100,3,3,12,2,44,16.67,7.14,14,60,50.42,44.0
501263,1,2011-05-20,2011,2011,Wankhede Stadium,Mumbai Indians,Rajasthan Royals,133,128,5,120,5,5,13,1,44,20.0,6.65,14,58,43.61,36.67
501263,2,2011-05-20,2011,2011,Wankhede Stadium,Rajasthan Royals,Mumbai Indians,134,132,2,79,0,0,15,6,26,13.17,10.18,21,96,71.64,32.91
501264,1,2011-05-21,2011,2011,Himachal Pradesh Cricket Association Stadium,Deccan Chargers,Kings XI Punjab,198,182,16,120,2,2,19,4,26,20.0,9.9,23,100,50.51,21.67
501264,2,2011-05-21,2011,2011,Himachal Pradesh Cricket Association Stadium,Kings XI Punjab,Deccan Chargers,116,112,4,114,10,9,12,4,62,19.0,6.11,16,72,62.07,54.39
501265,1,2011-05-21,2011,2011,Feroz Shah Kotla,Delhi Daredevils,Pune Warriors,56,51,5,61,3,3,3,2,29,10.17,5.51,5,24,42.86,47.54
501266,1,2011-05-22,2011,2011,M Chinnaswamy Stadium,Chennai Super Kings,Royal Challengers Bangalore,128,118,10,120,8,8,7,7,61,20.0,6.4,14,70,54.69,50.83
501266,2,2011-05-22,2011,2011,M Chinnaswamy Stadium,Royal Challengers Bangalore,Chennai Super Kings,129,119,10,108,2,2,10,6,48,18.0,7.17,16,76,58.91,44.44
501267,1,2011-05-22,2011,2011,Eden Gardens,Kolkata Knight Riders,Mumbai Indians,175,169,6,120,7,4,16,7,35,20.0,8.75,23,106,60.57,29.17
501267,2,2011-05-22,2011,2011,Eden Gardens,Mumbai Indians,Kolkata Knight Riders,178,162,16,120,5,5,20,3,37,20.0,8.9,23,98,55.06,30.83
501268,1,2011-05-24,2011,2011,Wankhede Stadium,Royal Challengers Bangalore,Chennai Super Kings,175,161,14,120,4,4,13,7,40,20.0,8.75,20,94,53.71,33.33
501268,2,2011-05-24,2011,2011,Wankhede Stadium,Chennai Super Kings,Royal Challengers Bangalore,177,169,8,118,4,4,14,10,45,19.67,9.0,24,116,65.54,38.14
501269,1,2011-05-25,2011,2011,Wankhede Stadium,Kolkata Knight Riders,Mumbai Indians,147,141,6,120,7,6,15,3,45,20.0,7.35,18,78,53.06,37.5
501269,2,2011-05-25,2011,2011,Wankhede Stadium,Mumbai Indians,Kolkata Knight Riders,148,144,4,116,6,5,18,3,47,19.33,7.66,21,90,60.81,40.52
501270,1,2011-05-27,2011,2011,"MA Chidambaram Stadium, Chepauk",Royal Challengers Bangalore,Mumbai Indians,185,171,14,120,4,4,13,8,36,20.0,9.25,21,100,54.05,30.0
501270,2,2011-05-27,2011,2011,"MA Chidambaram Stadium, Chepauk",Mumbai Indians,Royal Challengers Bangalore,142,138,4,120,8,8,13,4,47,20.0,7.1,17,76,53.52,39.17
501271,1,2011-05-28,2011,2011,"MA Chidambaram Stadium, Chepauk",Chennai Super Kings,Royal Challengers Bangalore,205,196,9,120,5,5,7,13,30,20.0,10.25,20,106,51.71,25.0
501271,2,2011-05-28,2011,2011,"MA Chidambaram Stadium, Chepauk",Royal Challengers Bangalore,Chennai Super Kings,147,141,6,120,8,8,11,4,42,20.0,7.35,15,68,46.26,35.0
548306,1,2012-04-04,2012,2012,"MA Chidambaram Stadium, Chepauk",Chennai Super Kings,Mumbai Indians,112,100,12,119,10,7,6,1,46,19.83,5.65,7,30,26.79,38.66
548306,2,2012-04-04,2012,2012,"MA Chidambaram Stadium, Chepauk",Mumbai Indians,Chennai Super Kings,115,109,6,101,3,2,9,5,43,16.83,6.83,14,66,57.39,42.57
548307,1,2012-04-05,2012,2012,Eden Gardens,Kolkata Knight Riders,Delhi Daredevils,97,90,7,72,9,7,6,5,27,12.0,8.08,11,54,55.67,37.5
548307,2,2012-04-05,2012,2012,Eden Gardens,Delhi Daredevils,Kolkata Knight Riders,100,95,5,67,2,2,8,4,17,11.17,8.96,12,56,56.0,25.37
548308,1,2012-04-06,2012,2012,Wankhede Stadium,Pune Warriors,Mumbai Indians,129,121,8,120,9,7,11,1,45,20.0,6.45,12,50,38.76,37.5
548308,2,2012-04-06,2012,2012,Wankhede Stadium,Mumbai Indians,Pune Warriors,101,96,5,120,9,9,8,2,61,20.0,5.05,10,44,43.56,50.83
548309,1,2012-04-06,2012,2012,Sawai Mansingh Stadium,Rajasthan Royals,Kings XI Punjab,191,172,19,120,4,4,23,3,35,20.0,9.55,26,110,57.59,29.17
548309,2,2012-04-06,2012,2012,Sawai Mansingh Stadium,Kings XI Punjab,Rajasthan Royals,160,154,6,120,9,8,14,4,36,20.0,8.0,18,80,50.0,30.0
548310,1,2012-04-07,2012,2012,M Chinnaswamy Stadium,Royal Challengers Bangalore,Delhi Daredevils,157,151,6,120,8,7,14,5,42,20.0,7.85,19,86,54.78,35.0
548310,2,2012-04-07,2012,2012,M Chinnaswamy Stadium,Delhi Daredevils,Royal Challengers Bangalore,137,133,4,120,7,6,13,2,45,20.0,6.85,15,64,46.72,37.5
548311,1,2012-04-07,2012,2012,Dr. Y.S. Rajasekhara Reddy ACA-VDCA Cricket Stadium,Chennai Super Kings,Deccan Chargers,193,182,11,120,6,6,10,12,38,20.0,9.65,22,112,58.03,31.67
548311,2,2012-04-07,2012,2012,Dr. Y.S. Rajasekhara Reddy ACA-VDCA Cricket Stadium,Deccan Chargers,Chennai Super Kings,119,115,4,103,10,10,11,4,43,17.17,6.93,15,68,57.14,41.75
548312,1,2012-04-08,2012,2012,Sawai Mansingh Stadium,Rajasthan Royals,Kolkata Knight Riders,164,161,3,120,5,3,13,6,42,20.0,8.2,19,88,53.66,35.0
548312,2,2012-04-08,2012,2012,Sawai Mansingh Stadium,Kolkata Knight Riders,Rajasthan Royals,142,135,7,120,10,10,10,5,47,20.0,7.1,15,70,49.3,39.17
548313,1,2012-04-08,2012,2012,Subrata Roy Sahara Stadium,Pune Warriors,Kings XI Punjab,166,154,12,120,6,5,10,8,42,20.0,8.3,18,88,53.01,35.0
548313,2,2012-04-08,2012,2012,Subrata Roy Sahara Stadium,Kings XI Punjab,Pune Warriors,144,133,11,120,8,6,11,4,45,20.0,7.2,15,68,47.22,37.5
548314,1,2012-04-09,2012,2012,Dr. Y.S. Rajasekhara Reddy ACA-VDCA Cricket Stadium,Deccan Chargers,Mumbai Indians,138,133,5,120,9,9,6,8,48,20.0,6.9,14,72,52.17,40.0
548314,2,2012-04-09,2012,2012,Dr. Y.S. Rajasekhara Reddy ACA-VDCA Cricket Stadium,Mumbai Indians,Deccan Chargers,142,138,4,120,5,5,8,8,46,20.0,7.1,16,80,56.34,38.33
548315,1,2012-04-10,2012,2012,M Chinnaswamy Stadium,Kolkata Knight Riders,Royal Challengers Bangalore,165,159,6,120,8,8,15,6,43,20.0,8.25,21,96,58.18,35.83
548315,2,2012-04-10,2012,2012,M Chinnaswamy Stadium,Royal Challengers Bangalore,Kolkata Knight Riders,123,113,10,120,9,9,8,3,49,20.0,6.15,11,50,40.65,40.83
548316,1,2012-04-10,2012,2012,Feroz Shah Kotla,Chennai Super Kings,Delhi Daredevils,110,104,6,120,8,4,7,3,58,20.0,5.5,10,46,41.82,48.33
548316,2,2012-04-10,2012,2012,Feroz Shah Kotla,Delhi Daredevils,Chennai Super Kings,111,110,1,80,2,1,11,3,25,13.33,8.32,14,62,55.86,31.25
548317,1,2012-04-11,2012,2012,Wankhede Stadium,Mumbai Indians,Rajasthan Royals,197,191,6,120,6,6,14,12,33,20.0,9.85,26,128,64.97,27.5
548317,2,2012-04-11,2012,2012,Wankhede Stadium,Rajasthan Royals,Mumbai Indians,170,166,4,118,10,10,12,10,48,19.67,8.64,22,108,63.53,40.68
548318,1,2012-04-12,2012,2012,"MA Chidambaram Stadium, Chepauk",Royal Challengers Bangalore,Chennai Super Kings,205,189,16,120,8,7,14,12,38,20.0,10.25,26,128,62.44,31.67
548318,2,2012-04-12,2012,2012,"MA Chidambaram Stadium, Chepauk",Chennai Super Kings,Royal Challengers Bangalore,208,203,5,120,5,5,15,11,33,20.0,10.4,26,126,60.58,27.5
548319,1,2012-04-12,2012,2012,"Punjab Cricket Association Stadium, Mohali",Pune Warriors,Kings XI Punjab,115,103,12,114,10,8,10,2,54,19.0,6.05,12,52,45.22,47.37
548319,2,2012-04-12,2012,2012,"Punjab Cricket Association Stadium, Mohali",Kings XI Punjab,Pune Warriors,116,116,0,106,3,3,14,1,48,17.67,6.57,15,62,53.45,45.28
548320,1,2012-04-13,2012,2012,Eden Gardens,Rajasthan Royals,Kolkata Knight Riders,131,121,10,120,5,4,13,2,52,20.0,6.55,15,64,48.85,43.33
548320,2,2012-04-13,2012,2012,Eden Gardens,Kolkata Knight Riders,Rajasthan Royals,137,125,12,116,5,4,11,3,46,19.33,7.09,14,62,45.26,39.66
548321,1,2012-04-19,2012,2012,Feroz Shah Kotla,Deccan Chargers,Delhi Daredevils,157,151,6,120,8,7,15,3,39,20.0,7.85,18,78,49.68,32.5
548321,2,2012-04-19,2012,2012,Feroz Shah Kotla,Delhi Daredevils,Deccan Chargers,162,158,4,115,5,4,12,9,45,19.17,8.45,21,102,62.96,39.13
548322,1,2012-04-14,2012,2012,Subrata Roy Sahara Stadium,Chennai Super Kings,Pune Warriors,155,149,6,120,5,5,13,4,36,20.0,7.75,17,76,49.03,30.0
548322,2,2012-04-14,2012,2012,Subrata Roy Sahara Stadium,Pune Warriors,Chennai Super Kings,156,151,5,116,3,1,12,5,34,19.33,8.07,17,78,50.0,29.31
548323,1,2012-04-15,2012,2012,Eden Gardens,Kings XI Punjab,Kolkata Knight Riders,134,127,7,120,9,8,7,5,45,20.0,6.7,12,58,43.28,37.5
548323,2,2012-04-15,2012,2012,Eden Gardens,Kolkata Knight Riders,Kings XI Punjab,132,123,9,120,7,7,10,2,40,20.0,6.6,12,52,39.39,33.33
548324,1,2012-04-15,2012,2012,M Chinnaswamy Stadium,Rajasthan Royals,Royal Challengers Bangalore,195,189,6,120,2,2,19,10,39,20.0,9.75,29,136,69.74,32.5
548324,2,2012-04-15,2012,2012,M Chinnaswamy Stadium,Royal Challengers Bangalore,Rajasthan Royals,136,133,3,119,10,10,10,5,50,19.83,6.86,15,70,51.47,42.02
548325,1,2012-04-16,2012,2012,Wankhede Stadium,Mumbai Indians,Delhi Daredevils,92,83,9,116,10,9,10,1,65,19.33,4.76,11,46,50.0,56.03
548325,2,2012-04-16,2012,2012,Wankhede Stadium,Delhi Daredevils,Mumbai Indians,93,82,11,89,3,3,7,1,40,14.83,6.27,8,34,36.56,44.94
548326,1,2012-04-17,2012,2012,Sawai Mansingh Stadium,Deccan Chargers,Rajasthan Royals,196,183,13,120,2,2,18,7,35,20.0,9.8,25,114,58.16,29.17
548326,2,2012-04-17,2012,2012,Sawai Mansingh Stadium,Rajasthan Royals,Deccan Chargers,197,191,6,118,5,5,22,6,29,19.67,10.02,28,124,62.94,24.58
548327,1,2012-04-17,2012,2012,M Chinnaswamy Stadium,Pune Warriors,Royal Challengers Bangalore,182,175,7,120,6,4,15,7,30,20.0,9.1,22,102,56.04,25.0
548327,2,2012-04-17,2012,2012,M Chinnaswamy Stadium,Royal Challengers Bangalore,Pune Warriors,186,179,7,120,4,4,8,14,38,20.0,9.3,22,116,62.37,31.67
548328,1,2012-04-18,2012,2012,"Punjab Cricket Association Stadium, Mohali",Kings XI Punjab,Kolkata Knight Riders,124,121,3,120,7,6,9,1,39,20.0,6.2,10,42,33.87,32.5
548328,2,2012-04-18,2012,2012,"Punjab Cricket Association Stadium, Mohali",Kolkata Knight Riders,Kings XI Punjab,127,122,5,99,2,2,12,3,36,16.5,7.7,15,66,51.97,36.36
548329,1,2012-05-10,2012,2012,"Rajiv Gandhi International Stadium, Uppal",Deccan Chargers,Delhi Daredevils,187,185,2,120,4,3,23,7,42,20.0,9.35,30,134,71.66,35.0
548329,2,2012-05-10,2012,2012,"Rajiv Gandhi International Stadium, Uppal",Delhi Daredevils,Deccan Chargers,193,177,16,100,1,1,13,12,33,16.67,11.58,25,124,64.25,33.0
548330,1,2012-04-19,2012,2012,"MA Chidambaram Stadium, Chepauk",Chennai Super Kings,Pune Warriors,164,162,2,120,5,5,15,5,41,20.0,8.2,20,90,54.88,34.17
548330,2,2012-04-19,2012,2012,"MA Chidambaram Stadium, Chepauk",Pune Warriors,Chennai Super Kings,151,136,15,120,7,7,11,2,41,20.0,7.55,13,56,37.09,34.17
548331,1,2012-04-20,2012,2012,"Punjab Cricket Association Stadium, Mohali",Kings XI Punjab,Royal Challengers Bangalore,163,155,8,120,6,6,13,3,33,20.0,8.15,16,70,42.94,27.5
548331,2,2012-04-20,2012,2012,"Punjab Cricket Association Stadium, Mohali",Royal Challengers Bangalore,Kings XI Punjab,166,158,8,117,5,5,16,4,40,19.5,8.51,20,88,53.01,34.19
548332,1,2012-04-21,2012,2012,"MA Chidambaram Stadium, Chepauk",Rajasthan Royals,Chennai Super Kings,146,132,14,120,4,4,12,5,55,20.0,7.3,17,78,53.42,45.83
548332,2,2012-04-21,2012,2012,"MA Chidambaram Stadium, Chepauk",Chennai Super Kings,Rajasthan Royals,147,145,2,120,3,3,12,2,32,20.0,7.35,14,60,40.82,26.67
548333,1,2012-04-21,2012,2012,Feroz Shah Kotla,Pune Warriors,Delhi Daredevils,192,177,15,120,3,3,19,7,38,20.0,9.6,26,118,61.46,31.67
548333,2,2012-04-21,2012,2012,Feroz Shah Kotla,Delhi Daredevils,Pune Warriors,172,167,5,120,7,6,12,9,37,20.0,8.6,21,102,59.3,30.83
548334,1,2012-04-22,2012,2012,Wankhede Stadium,Mumbai Indians,Kings XI Punjab,163,157,6,120,6,4,16,4,38,20.0,8.15,20,88,53.99,31.67
548334,2,2012-04-22,2012,2012,Wankhede Stadium,Kings XI Punjab,Mumbai Indians,164,158,6,117,4,4,15,4,35,19.5,8.41,19,84,51.22,29.91
548335,1,2012-04-22,2012,2012,Barabati Stadium,Deccan Chargers,Kolkata Knight Riders,126,123,3,120,7,6,9,2,41,20.0,6.3,11,48,38.1,34.17
548335,2,2012-04-22,2012,2012,Barabati Stadium,Kolkata Knight Riders,Deccan Chargers,127,118,9,114,5,5,12,1,45,19.0,6.68,13,54,42.52,39.47
548336,1,2012-04-23,2012,2012,Sawai Mansingh Stadium,Royal Challengers Bangalore,Rajasthan Royals,189,170,19,120,3,3,17,6,40,20.0,9.45,23,104,55.03,33.33
548336,2,2012-04-23,2012,2012,Sawai Mansingh Stadium,Rajasthan Royals,Royal Challengers Bangalore,143,133,10,120,7,7,15,1,46,20.0,7.15,16,66,46.15,38.33
548337,1,2012-04-24,2012,2012,Subrata Roy Sahara Stadium,Pune Warriors,Delhi Daredevils,146,141,5,120,2,2,13,3,40,20.0,7.3,16,70,47.95,33.33
548337,2,2012-04-24,2012,2012,Subrata Roy Sahara Stadium,Delhi Daredevils,Pune Warriors,148,141,7,96,2,1,14,5,25,16.0,9.25,19,86,58.11,26.04
548339,1,2012-04-25,2012,2012,"Punjab Cricket Association Stadium, Mohali",Kings XI Punjab,Mumbai Indians,168,158,10,120,3,3,12,7,43,20.0,8.4,19,90,53.57,35.83
548339,2,2012-04-25,2012,2012,"Punjab Cricket Association Stadium, Mohali",Mumbai Indians,Kings XI Punjab,171,162,9,119,6,6,13,6,34,19.83,8.62,19,88,51.46,28.57
548341,1,2012-04-26,2012,2012,Subrata Roy Sahara Stadium,Deccan Chargers,Pune Warriors,177,166,11,120,4,3,11,8,30,20.0,8.85,19,92,51.98,25.0
548341,2,2012-04-26,2012,2012,Subrata Roy Sahara Stadium,Pune Warriors,Deccan Chargers,159,150,9,120,7,6,9,9,44,20.0,7.95,18,90,56.6,36.67
548342,1,2012-04-27,2012,2012,Feroz Shah Kotla,Delhi Daredevils,Mumbai Indians,207,198,9,120,5,5,22,9,39,20.0,10.35,31,142,68.6,32.5
548342,2,2012-04-27,2012,2012,Feroz Shah Kotla,Mumbai Indians,Delhi Daredevils,170,166,4,120,9,8,17,6,40,20.0,8.5,23,104,61.18,33.33
548343,1,2012-04-28,2012,2012,"MA Chidambaram Stadium, Chepauk",Kings XI Punjab,Chennai Super Kings,156,151,5,120,8,6,14,4,43,20.0,7.8,18,80,51.28,35.83
548343,2,2012-04-28,2012,2012,"MA Chidambaram Stadium, Chepauk",Chennai Super Kings,Kings XI Punjab,149,143,6,120,8,7,11,5,45,20.0,7.45,16,74,49.66,37.5
548344,1,2012-04-28,2012,2012,Eden Gardens,Kolkata Knight Riders,Royal Challengers Bangalore,190,185,5,120,4,4,18,9,40,20.0,9.5,27,126,66.32,33.33
548344,2,2012-04-28,2012,2012,Eden Gardens,Royal Challengers Bangalore,Kolkata Knight Riders,143,138,5,120,6,6,12,7,54,20.0,7.15,19,90,62.94,45.0
548345,1,2012-04-29,2012,2012,Feroz Shah Kotla,Delhi Daredevils,Rajasthan Royals,152,144,8,120,6,6,13,5,43,20.0,7.6,18,82,53.95,35.83
548345,2,2012-04-29,2012,2012,Feroz Shah Kotla,Rajasthan Royals,Delhi Daredevils,151,147,4,120,3,2,17,1,37,20.0,7.55,18,74,49.01,30.83
548346,1,2012-04-29,2012,2012,Wankhede Stadium,Deccan Chargers,Mumbai Indians,100,95,5,112,10,10,8,2,58,18.67,5.36,10,44,44.0,51.79
548346,2,2012-04-29,2012,2012,Wankhede Stadium,Mumbai Indians,Deccan Chargers,101,91,10,109,5,5,7,1,54,18.17,5.56,8,34,33.66,49.54
548347,1,2012-04-30,2012,2012,"MA Chidambaram Stadium, Chepauk",Chennai Super Kings,Kolkata Knight Riders,139,133,6,120,5,4,8,2,38,20.0,6.95,10,44,31.65,31.67
548347,2,2012-04-30,2012,2012,"MA Chidambaram Stadium, Chepauk",Kolkata Knight Riders,Chennai Super Kings,140,127,13,118,5,5,10,2,35,19.67,7.12,12,52,37.14,29.66
548348,1,2012-05-01,2012,2012,Barabati Stadium,Deccan Chargers,Pune Warriors,186,175,11,120,4,4,16,6,30,20.0,9.3,22,100,53.76,25.0
548348,2,2012-05-01,2012,2012,Barabati Stadium,Pune Warriors,Deccan Chargers,173,167,6,120,5,4,16,5,40,20.0,8.65,21,94,54.34,33.33
548349,1,2012-05-01,2012,2012,Sawai Mansingh Stadium,Rajasthan Royals,Delhi Daredevils,141,136,5,120,6,6,16,1,41,20.0,7.05,17,70,49.65,34.17
548349,2,2012-05-01,2012,2012,Sawai Mansingh Stadium,Delhi Daredevils,Rajasthan Royals,144,135,9,92,4,4,18,3,30,15.33,9.39,21,90,62.5,32.61
548350,1,2012-05-02,2012,2012,M Chinnaswamy Stadium,Royal Challengers Bangalore,Kings XI Punjab,158,152,6,120,5,5,11,8,44,20.0,7.9,19,92,58.23,36.67
548350,2,2012-05-02,2012,2012,M Chinnaswamy Stadium,Kings XI Punjab,Royal Challengers Bangalore,163,159,4,119,6,3,14,6,41,19.83,8.22,20,92,56.44,34.45
548351,1,2012-05-03,2012,2012,Subrata Roy Sahara Stadium,Mumbai Indians,Pune Warriors,120,109,11,120,9,5,10,2,50,20.0,6.0,12,52,43.33,41.67
548351,2,2012-05-03,2012,2012,Subrata Roy Sahara Stadium,Pune Warriors,Mumbai Indians,119,113,6,120,6,6,12,1,55,20.0,5.95,13,54,45.38,45.83
548352,1,2012-05-04,2012,2012,"MA Chidambaram Stadium, Chepauk",Chennai Super Kings,Deccan Chargers,160,152,8,120,6,6,9,4,36,20.0,8.0,13,60,37.5,30.0
548352,2,2012-05-04,2012,2012,"MA Chidambaram Stadium, Chepauk",Deccan Chargers,Chennai Super Kings,150,146,4,120,5,3,14,3,37,20.0,7.5,17,74,49.33,30.83
548353,1,2012-05-05,2012,2012,Eden Gardens,Kolkata Knight Riders,Pune Warriors,150,131,19,120,5,5,9,4,43,20.0,7.5,13,60,40.0,35.83
548353,2,2012-05-05,2012,2012,Eden Gardens,Pune Warriors,Kolkata Knight Riders,143,133,10,120,8,7,11,4,43,20.0,7.15,15,68,47.55,35.83
548354,1,2012-05-05,2012,2012,"Punjab Cricket Association Stadium, Mohali",Rajasthan Royals,Kings XI Punjab,177,171,6,120,6,6,18,6,42,20.0,8.85,24,108,61.02,35.0
548354,2,2012-05-05,2012,2012,"Punjab Cricket Association Stadium, Mohali",Kings XI Punjab,Rajasthan Royals,134,122,12,120,8,8,13,3,53,20.0,6.7,16,70,52.24,44.17
548355,1,2012-05-06,2012,2012,Wankhede Stadium,Chennai Super Kings,Mumbai Indians,173,164,9,120,8,7,13,8,42,20.0,8.65,21,100,57.8,35.0
548355,2,2012-05-06,2012,2012,Wankhede Stadium,Mumbai Indians,Chennai Super Kings,174,171,3,120,8,7,21,5,42,20.0,8.7,26,114,65.52,35.0
548356,1,2012-05-06,2012,2012,M Chinnaswamy Stadium,Deccan Chargers,Royal Challengers Bangalore,181,175,6,120,2,1,15,9,39,20.0,9.05,24,114,62.98,32.5
548356,2,2012-05-06,2012,2012,M Chinnaswamy Stadium,Royal Challengers Bangalore,Deccan Chargers,185,179,6,113,5,5,17,9,37,18.83,9.82,26,122,65.95,32.74
548357,1,2012-05-07,2012,2012,Feroz Shah Kotla,Delhi Daredevils,Kolkata Knight Riders,153,139,14,120,9,6,13,4,45,20.0,7.65,17,76,49.67,37.5
548357,2,2012-05-07,2012,2012,Feroz Shah Kotla,Kolkata Knight Riders,Delhi Daredevils,154,138,16,112,4,4,14,1,35,18.67,8.25,15,62,40.26,31.25
548358,1,2012-05-08,2012,2012,Subrata Roy Sahara Stadium,Pune Warriors,Rajasthan Royals,125,115,10,120,6,5,5,2,38,20.0,6.25,7,32,25.6,31.67
548358,2,2012-05-08,2012,2012,Subrata Roy Sahara Stadium,Rajasthan Royals,Pune Warriors,126,126,0,98,3,3,13,4,35,16.33,7.71,17,76,60.32,35.71
548359,1,2012-05-08,2012,2012,"Rajiv Gandhi International Stadium, Uppal",Kings XI Punjab,Deccan Chargers,170,163,7,120,5,4,17,5,41,20.0,8.5,22,98,57.65,34.17
548359,2,2012-05-08,2012,2012,"Rajiv Gandhi International Stadium, Uppal",Deccan Chargers,Kings XI Punjab,145,133,12,120,8,7,10,4,44,20.0,7.25,14,64,44.14,36.67
548360,1,2012-05-09,2012,2012,Wankhede Stadium,Mumbai Indians,Royal Challengers Bangalore,141,134,7,120,6,6,12,3,48,20.0,7.05,15,66,46.81,40.0
548360,2,2012-05-09,2012,2012,Wankhede Stadium,Royal Challengers Bangalore,Mumbai Indians,142,137,5,108,1,1,9,8,41,18.0,7.89,17,84,59.15,37.96
548361,1,2012-05-10,2012,2012,Sawai Mansingh Stadium,Rajasthan Royals,Chennai Super Kings,126,114,12,120,6,6,12,2,54,20.0,6.3,14,60,47.62,45.0
548361,2,2012-05-10,2012,2012,Sawai Mansingh Stadium,Chennai Super Kings,Rajasthan Royals,127,114,13,109,6,5,11,5,56,18.17,6.99,16,74,58.27,51.38
548362,1,2012-05-11,2012,2012,Subrata Roy Sahara Stadium,Royal Challengers Bangalore,Pune Warriors,173,164,9,120,3,2,13,9,44,20.0,8.65,22,106,61.27,36.67
548362,2,2012-05-11,2012,2012,Subrata Roy Sahara Stadium,Pune Warriors,Royal Challengers Bangalore,138,134,4,120,9,9,14,2,45,20.0,6.9,16,68,49.28,37.5
548363,1,2012-05-12,2012,2012,Eden Gardens,Mumbai Indians,Kolkata Knight Riders,182,177,5,120,1,1,19,7,39,20.0,9.1,26,118,64.84,32.5
548363,2,2012-05-12,2012,2012,Eden Gardens,Kolkata Knight Riders,Mumbai Indians,155,151,4,120,4,4,14,4,35,20.0,7.75,18,80,51.61,29.17
548364,1,2012-05-12,2012,2012,"MA Chidambaram Stadium, Chepauk",Delhi Daredevils,Chennai Super Kings,114,107,7,120,5,5,4,3,48,20.0,5.7,7,34,29.82,40.0
548364,2,2012-05-12,2012,2012,"MA Chidambaram Stadium, Chepauk",Chennai Super Kings,Delhi Daredevils,115,114,1,92,1,1,11,4,42,15.33,7.5,15,68,59.13,45.65
548365,1,2012-05-13,2012,2012,Sawai Mansingh Stadium,Rajasthan Royals,Pune Warriors,170,167,3,120,4,4,18,4,42,20.0,8.5,22,96,56.47,35.0
548365,2,2012-05-13,2012,2012,Sawai Mansingh Stadium,Pune Warriors,Rajasthan Royals,125,121,4,120,9,9,12,0,43,20.0,6.25,12,48,38.4,35.83
548366,1,2012-05-13,2012,2012,"Punjab Cricket Association Stadium, Mohali",Deccan Chargers,Kings XI Punjab,190,181,9,120,4,4,15,6,29,20.0,9.5,21,96,50.53,24.17
548366,2,2012-05-13,2012,2012,"Punjab Cricket Association Stadium, Mohali",Kings XI Punjab,Deccan Chargers,194,186,8,120,6,6,20,7,38,20.0,9.7,27,122,62.89,31.67
548367,1,2012-05-14,2012,2012,M Chinnaswamy Stadium,Royal Challengers Bangalore,Mumbai Indians,171,157,14,120,6,4,12,8,48,20.0,8.55,20,96,56.14,40.0
548367,2,2012-05-14,2012,2012,M Chinnaswamy Stadium,Mumbai Indians,Royal Challengers Bangalore,173,162,11,118,5,4,16,7,42,19.67,8.8,23,106,61.27,35.59
548368,1,2012-05-14,2012,2012,Eden Gardens,Kolkata Knight Riders,Chennai Super Kings,158,155,3,120,6,5,13,7,39,20.0,7.9,20,94,59.49,32.5
548368,2,2012-05-14,2012,2012,Eden Gardens,Chennai Super Kings,Kolkata Knight Riders,160,155,5,120,5,4,13,7,44,20.0,8.0,20,94,58.75,36.67
548369,1,2012-05-15,2012,2012,Feroz Shah Kotla,Kings XI Punjab,Delhi Daredevils,136,132,4,120,8,6,19,1,53,20.0,6.8,20,82,60.29,44.17
548369,2,2012-05-15,2012,2012,Feroz Shah Kotla,Delhi Daredevils,Kings XI Punjab,140,138,2,114,5,5,18,3,47,19.0,7.37,21,90,64.29,41.23
548370,1,2012-05-16,2012,2012,Wankhede Stadium,Kolkata Knight Riders,Mumbai Indians,140,126,14,120,7,6,12,3,47,20.0,7.0,15,66,47.14,39.17
548370,2,2012-05-16,2012,2012,Wankhede Stadium,Mumbai Indians,Kolkata Knight Riders,108,104,4,115,10,10,9,3,59,19.17,5.63,12,54,50.0,51.3
548371,1,2012-05-17,2012,2012,Himachal Pradesh Cricket Association Stadium,Chennai Super Kings,Kings XI Punjab,120,116,4,120,7,7,9,6,63,20.0,6.0,15,72,60.0,52.5
548371,2,2012-05-17,2012,2012,Himachal Pradesh Cricket Association Stadium,Kings XI Punjab,Chennai Super Kings,123,118,5,99,4,4,18,2,46,16.5,7.45,20,84,68.29,46.46
548372,1,2012-05-17,2012,2012,Feroz Shah Kotla,Royal Challengers Bangalore,Delhi Daredevils,215,211,4,120,1,1,18,14,39,20.0,10.75,32,156,72.56,32.5
548372,2,2012-05-17,2012,2012,Feroz Shah Kotla,Delhi Daredevils,Royal Challengers Bangalore,194,187,7,120,9,9,18,8,34,20.0,9.7,26,120,61.86,28.33
548373,1,2012-05-18,2012,2012,"Rajiv Gandhi International Stadium, Uppal",Rajasthan Royals,Deccan Chargers,126,119,7,120,8,7,10,2,47,20.0,6.3,12,52,41.27,39.17
548373,2,2012-05-18,2012,2012,"Rajiv Gandhi International Stadium, Uppal",Deccan Chargers,Rajasthan Royals,128,119,9,112,5,5,10,3,48,18.67,6.86,13,58,45.31,42.86
548374,1,2012-05-19,2012,2012,Himachal Pradesh Cricket Association Stadium,Kings XI Punjab,Delhi Daredevils,141,133,8,120,8,8,16,4,58,20.0,7.05,20,88,62.41,48.33
548374,2,2012-05-19,2012,2012,Himachal Pradesh Cricket Association Stadium,Delhi Daredevils,Kings XI Punjab,145,136,9,110,4,4,15,7,60,18.33,7.91,22,102,70.34,54.55
548375,1,2012-05-19,2012,2012,Subrata Roy Sahara Stadium,Kolkata Knight Riders,Pune Warriors,136,129,7,120,4,4,12,2,45,20.0,6.8,14,60,44.12,37.5
548375,2,2012-05-19,2012,2012,Subrata Roy Sahara Stadium,Pune Warriors,Kolkata Knight Riders,102,92,10,120,8,8,1,2,47,20.0,5.1,3,16,15.69,39.17
548376,1,2012-05-20,2012,2012,"Rajiv Gandhi International Stadium, Uppal",Deccan Chargers,Royal Challengers Bangalore,132,122,10,120,7,7,7,5,49,20.0,6.6,12,58,43.94,40.83
548376,2,2012-05-20,2012,2012,"Rajiv Gandhi International Stadium, Uppal",Royal Challengers Bangalore,Deccan Chargers,123,120,3,120,9,9,7,6,58,20.0,6.15,13,64,52.03,48.33
548377,1,2012-05-20,2012,2012,Sawai Mansingh Stadium,Rajasthan Royals,Mumbai Indians,162,148,14,120,6,5,13,6,50,20.0,8.1,19,88,54.32,41.67
548377,2,2012-05-20,2012,2012,Sawai Mansingh Stadium,Mumbai Indians,Rajasthan Royals,163,145,18,108,0,0,16,3,35,18.0,9.06,19,82,50.31,32.41
548378,1,2012-05-22,2012,2012,Subrata Roy Sahara Stadium,Kolkata Knight Riders,Delhi Daredevils,162,158,4,120,4,3,14,6,40,20.0,8.1,20,92,56.79,33.33
548378,2,2012-05-22,2012,2012,Subrata Roy Sahara Stadium,Delhi Daredevils,Kolkata Knight Riders,144,130,14,120,8,8,14,3,46,20.0,7.2,17,74,51.39,38.33
548379,1,2012-05-23,2012,2012,M Chinnaswamy Stadium,Chennai Super Kings,Mumbai Indians,187,182,5,120,5,5,23,6,43,20.0,9.35,29,128,68.45,35.83
548379,2,2012-05-23,2012,2012,M Chinnaswamy Stadium,Mumbai Indians,Chennai Super Kings,149,138,11,120,9,8,14,5,48,20.0,7.45,19,86,57.72,40.0
548380,1,2012-05-25,2012,2012,"MA Chidambaram Stadium, Chepauk",Chennai Super Kings,Delhi Daredevils,222,216,6,120,5,4,24,9,29,20.0,11.1,33,150,67.57,24.17
548380,2,2012-05-25,2012,2012,"MA Chidambaram Stadium, Chepauk",Delhi Daredevils,Chennai Super Kings,136,125,11,101,10,8,7,7,36,16.83,8.08,14,70,51.47,35.64
548381,1,2012-05-27,2012,2012,"MA Chidambaram Stadium, Chepauk",Chennai Super Kings,Kolkata Knight Riders,190,183,7,120,3,3,13,8,31,20.0,9.5,21,100,52.63,25.83
548381,2,2012-05-27,2012,2012,"MA Chidambaram Stadium, Chepauk",Kolkata Knight Riders,Chennai Super Kings,192,184,8,118,5,5,18,6,29,19.67,9.76,24,108,56.25,24.58
597998,1,2013-04-03,2013,2013,Eden Gardens,Delhi Daredevils,Kolkata Knight Riders,128,123,5,120,10,9,15,1,53,20.0,6.4,16,66,51.56,44.17
597998,2,2013-04-03,2013,2013,Eden Gardens,Kolkata Knight Riders,Delhi Daredevils,129,123,6,112,4,4,14,2,45,18.67,6.91,16,68,52.71,40.18
597999,1,2013-04-04,2013,2013,M Chinnaswamy Stadium,Royal Challengers Bangalore,Mumbai Indians,156,140,16,120,5,5,18,6,60,20.0,7.8,24,108,69.23,50.0
597999,2,2013-04-04,2013,2013,M Chinnaswamy Stadium,Mumbai Indians,Royal Challengers Bangalore,154,146,8,120,5,4,11,5,39,20.0,7.7,16,74,48.05,32.5
598000,1,2013-04-05,2013,2013,"Rajiv Gandhi International Stadium, Uppal",Sunrisers Hyderabad,Pune Warriors,126,123,3,120,6,6,12,1,46,20.0,6.3,13,54,42.86,38.33
598000,2,2013-04-05,2013,2013,"Rajiv Gandhi International Stadium, Uppal",Pune Warriors,Sunrisers Hyderabad,104,102,2,113,10,9,6,2,54,18.83,5.52,8,36,34.62,47.79
598001,1,2013-04-06,2013,2013,Feroz Shah Kotla,Rajasthan Royals,Delhi Daredevils,165,156,9,120,7,7,14,5,37,20.0,8.25,19,86,52.12,30.83
598001,2,2013-04-06,2013,2013,Feroz Shah Kotla,Delhi Daredevils,Rajasthan Royals,160,149,11,120,6,5,13,3,36,20.0,8.0,16,70,43.75,30.0
598002,1,2013-04-06,2013,2013,"MA Chidambaram Stadium, Chepauk",Mumbai Indians,Chennai Super Kings,148,139,9,120,6,6,10,7,49,20.0,7.4,17,82,55.41,40.83
598002,2,2013-04-06,2013,2013,"MA Chidambaram Stadium, Chepauk",Chennai Super Kings,Mumbai Indians,139,132,7,120,9,9,11,4,54,20.0,6.95,15,68,48.92,45.0
598003,1,2013-04-07,2013,2013,Subrata Roy Sahara Stadium,Pune Warriors,Kings XI Punjab,99,96,3,120,9,7,10,1,61,20.0,4.95,11,46,46.46,50.83
598003,2,2013-04-07,2013,2013,Subrata Roy Sahara Stadium,Kings XI Punjab,Pune Warriors,100,97,3,74,2,2,14,1,29,12.33,8.11,15,62,62.0,39.19
598004,1,2013-04-07,2013,2013,"Rajiv Gandhi International Stadium, Uppal",Royal Challengers Bangalore,Sunrisers Hyderabad,130,122,8,120,8,8,11,1,50,20.0,6.5,12,50,38.46,41.67
598004,2,2013-04-07,2013,2013,"Rajiv Gandhi International Stadium, Uppal",Sunrisers Hyderabad,Royal Challengers Bangalore,130,114,16,120,7,6,7,1,37,20.0,6.5,8,34,26.15,30.83
598004,3,2013-04-07,2013,2013,"Rajiv Gandhi International Stadium, Uppal",Sunrisers Hyderabad,Royal Challengers Bangalore,20,19,1,6,0,0,0,2,0,1.0,20.0,2,12,60.0,0.0
598004,4,2013-04-07,2013,2013,"Rajiv Gandhi International Stadium, Uppal",Royal Challengers Bangalore,Sunrisers Hyderabad,15,15,0,6,0,0,1,1,0,1.0,15.0,2,10,66.67,0.0
598005,1,2013-04-08,2013,2013,Sawai Mansingh Stadium,Rajasthan Royals,Kolkata Knight Riders,144,135,9,120,6,5,17,2,47,20.0,7.2,19,80,55.56,39.17
598005,2,2013-04-08,2013,2013,Sawai Mansingh Stadium,Kolkata Knight Riders,Rajasthan Royals,125,114,11,114,10,10,8,4,55,19.0,6.58,12,56,44.8,48.25
598006,1,2013-04-09,2013,2013,Wankhede Stadium,Mumbai Indians,Delhi Daredevils,209,199,10,120,5,4,21,10,35,20.0,10.45,31,144,68.9,29.17
598006,2,2013-04-09,2013,2013,Wankhede Stadium,Delhi Daredevils,Mumbai Indians,165,155,10,120,9,8,15,5,40,20.0,8.25,20,90,54.55,33.33
598007,1,2013-04-10,2013,2013,"Punjab Cricket Association Stadium, Mohali",Kings XI Punjab,Chennai Super Kings,138,130,8,119,10,9,15,1,45,19.83,6.96,16,66,47.83,37.82
598007,2,2013-04-10,2013,2013,"Punjab Cricket Association Stadium, Mohali",Chennai Super Kings,Kings XI Punjab,139,136,3,104,0,0,14,3,34,17.33,8.02,17,74,53.24,32.69
598008,1,2013-04-11,2013,2013,M Chinnaswamy Stadium,Kolkata Knight Riders,Royal Challengers Bangalore,154,148,6,120,8,7,17,2,43,20.0,7.7,19,80,51.95,35.83
598008,2,2013-04-11,2013,2013,M Chinnaswamy Stadium,Royal Challengers Bangalore,Kolkata Knight Riders,158,148,10,105,2,2,11,12,53,17.5,9.03,23,116,73.42,50.48
598009,1,2013-04-11,2013,2013,Subrata Roy Sahara Stadium,Rajasthan Royals,Pune Warriors,145,138,7,120,5,5,17,1,41,20.0,7.25,18,74,51.03,34.17
598009,2,2013-04-11,2013,2013,Subrata Roy Sahara Stadium,Pune Warriors,Rajasthan Royals,148,142,6,112,3,3,11,8,47,18.67,7.93,19,92,62.16,41.96
598010,1,2013-04-12,2013,2013,Feroz Shah Kotla,Delhi Daredevils,Sunrisers Hyderabad,114,107,7,120,8,8,7,3,54,20.0,5.7,10,46,40.35,45.0
598010,2,2013-04-12,2013,2013,Feroz Shah Kotla,Sunrisers Hyderabad,Delhi Daredevils,115,112,3,116,7,6,13,1,56,19.33,5.95,14,58,50.43,48.28
598011,1,2013-04-13,2013,2013,Wankhede Stadium,Mumbai Indians,Pune Warriors,183,180,3,120,3,3,17,8,41,20.0,9.15,25,116,63.39,34.17
598011,2,2013-04-13,2013,2013,Wankhede Stadium,Pune Warriors,Mumbai Indians,142,137,5,120,8,7,11,5,49,20.0,7.1,16,74,52.11,40.83
598012,1,2013-04-13,2013,2013,"MA Chidambaram Stadium, Chepauk",Royal Challengers Bangalore,Chennai Super Kings,165,157,8,120,6,6,13,4,42,20.0,8.25,17,76,46.06,35.0
598012,2,2013-04-13,2013,2013,"MA Chidambaram Stadium, Chepauk",Chennai Super Kings,Royal Challengers Bangalore,166,158,8,119,6,6,13,4,39,19.83,8.37,17,76,45.78,32.77
598013,1,2013-04-14,2013,2013,Eden Gardens,Kolkata Knight Riders,Sunrisers Hyderabad,180,172,8,120,4,2,22,4,39,20.0,9.0,26,112,62.22,32.5
598013,2,2013-04-14,2013,2013,Eden Gardens,Sunrisers Hyderabad,Kolkata Knight Riders,132,120,12,120,7,7,7,3,35,20.0,6.6,10,46,34.85,29.17
598014,1,2013-04-14,2013,2013,Sawai Mansingh Stadium,Kings XI Punjab,Rajasthan Royals,124,114,10,113,10,8,12,2,52,18.83,6.58,14,60,48.39,46.02
598014,2,2013-04-14,2013,2013,Sawai Mansingh Stadium,Rajasthan Royals,Kings XI Punjab,126,117,9,116,4,4,17,0,53,19.33,6.52,17,68,53.97,45.69
598015,1,2013-04-15,2013,2013,"MA Chidambaram Stadium, Chepauk",Pune Warriors,Chennai Super Kings,159,151,8,120,5,5,16,5,41,20.0,7.95,21,94,59.12,34.17
598015,2,2013-04-15,2013,2013,"MA Chidambaram Stadium, Chepauk",Chennai Super Kings,Pune Warriors,135,133,2,120,8,8,10,3,44,20.0,6.75,13,58,42.96,36.67
598016,1,2013-04-16,2013,2013,"Punjab Cricket Association Stadium, Mohali",Kings XI Punjab,Kolkata Knight Riders,157,151,6,120,9,9,16,3,39,20.0,7.85,19,82,52.23,32.5
598016,2,2013-04-16,2013,2013,"Punjab Cricket Association Stadium, Mohali",Kolkata Knight Riders,Kings XI Punjab,153,141,12,120,9,8,17,2,46,20.0,7.65,19,80,52.29,38.33
598017,1,2013-04-16,2013,2013,M Chinnaswamy Stadium,Delhi Daredevils,Royal Challengers Bangalore,152,147,5,120,5,4,17,2,46,20.0,7.6,19,80,52.63,38.33
598017,2,2013-04-16,2013,2013,M Chinnaswamy Stadium,Royal Challengers Bangalore,Delhi Daredevils,152,148,4,120,7,5,12,5,46,20.0,7.6,17,78,51.32,38.33
598017,3,2013-04-16,2013,2013,M Chinnaswamy Stadium,Royal Challengers Bangalore,Delhi Daredevils,15,15,0,6,0,0,0,2,1,1.0,15.0,2,12,80.0,16.67
598017,4,2013-04-16,2013,2013,M Chinnaswamy Stadium,Delhi Daredevils,Royal Challengers Bangalore,11,11,0,6,2,2,1,1,3,1.0,11.0,2,10,90.91,50.0
598018,1,2013-04-17,2013,2013,Maharashtra Cricket Association Stadium,Sunrisers Hyderabad,Pune Warriors,119,114,5,120,8,7,9,2,50,20.0,5.95,11,48,40.34,41.67
598018,2,2013-04-17,2013,2013,Maharashtra Cricket Association Stadium,Pune Warriors,Sunrisers Hyderabad,108,108,0,114,10,10,11,1,54,19.0,5.68,12,50,46.3,47.37
598019,1,2013-04-17,2013,2013,Sawai Mansingh Stadium,Rajasthan Royals,Mumbai Indians,179,164,15,120,3,2,17,5,38,20.0,8.95,22,98,54.75,31.67
598019,2,2013-04-17,2013,2013,Sawai Mansingh Stadium,Mumbai Indians,Rajasthan Royals,92,85,7,110,10,9,8,0,53,18.33,5.02,8,32,34.78,48.18
598020,1,2013-04-18,2013,2013,Feroz Shah Kotla,Chennai Super Kings,Delhi Daredevils,169,160,9,120,4,3,19,3,38,20.0,8.45,22,94,55.62,31.67
598020,2,2013-04-18,2013,2013,Feroz Shah Kotla,Delhi Daredevils,Chennai Super Kings,83,79,4,105,10,9,5,1,53,17.5,4.74,6,26,31.33,50.48
598021,1,2013-04-19,2013,2013,"Rajiv Gandhi International Stadium, Uppal",Kings XI Punjab,Sunrisers Hyderabad,123,116,7,120,9,7,9,4,55,20.0,6.15,13,60,48.78,45.83
598021,2,2013-04-19,2013,2013,"Rajiv Gandhi International Stadium, Uppal",Sunrisers Hyderabad,Kings XI Punjab,127,121,6,113,5,5,10,3,44,18.83,6.74,13,58,45.67,38.94
598022,1,2013-04-20,2013,2013,Eden Gardens,Kolkata Knight Riders,Chennai Super Kings,119,115,4,120,9,7,10,4,57,20.0,5.95,14,64,53.78,47.5
598022,2,2013-04-20,2013,2013,Eden Gardens,Chennai Super Kings,Kolkata Knight Riders,124,118,6,115,6,5,9,4,44,19.17,6.47,13,60,48.39,38.26
598023,1,2013-04-20,2013,2013,M Chinnaswamy Stadium,Rajasthan Royals,Royal Challengers Bangalore,117,117,0,118,10,10,14,2,59,19.67,5.95,16,68,58.12,50.0
598023,2,2013-04-20,2013,2013,M Chinnaswamy Stadium,Royal Challengers Bangalore,Rajasthan Royals,123,107,16,107,3,3,12,2,48,17.83,6.9,14,60,48.78,44.86
598024,1,2013-04-21,2013,2013,Feroz Shah Kotla,Mumbai Indians,Delhi Daredevils,161,158,3,120,4,3,11,8,41,20.0,8.05,19,92,57.14,34.17
598024,2,2013-04-21,2013,2013,Feroz Shah Kotla,Delhi Daredevils,Mumbai Indians,165,161,4,102,1,1,22,3,26,17.0,9.71,25,106,64.24,25.49
598025,1,2013-04-21,2013,2013,"Punjab Cricket Association Stadium, Mohali",Pune Warriors,Kings XI Punjab,185,177,8,120,4,4,20,6,41,20.0,9.25,26,116,62.7,34.17
598025,2,2013-04-21,2013,2013,"Punjab Cricket Association Stadium, Mohali",Kings XI Punjab,Pune Warriors,186,183,3,119,3,3,16,5,28,19.83,9.38,21,94,50.54,23.53
598026,1,2013-04-22,2013,2013,"MA Chidambaram Stadium, Chepauk",Rajasthan Royals,Chennai Super Kings,185,175,10,120,4,4,12,7,30,20.0,9.25,19,90,48.65,25.0
598026,2,2013-04-22,2013,2013,"MA Chidambaram Stadium, Chepauk",Chennai Super Kings,Rajasthan Royals,186,179,7,119,5,4,18,4,21,19.83,9.38,22,96,51.61,17.65
598027,1,2013-04-23,2013,2013,M Chinnaswamy Stadium,Royal Challengers Bangalore,Pune Warriors,263,252,11,120,5,4,21,21,37,20.0,13.15,42,210,79.85,30.83
598027,2,2013-04-23,2013,2013,M Chinnaswamy Stadium,Pune Warriors,Royal Challengers Bangalore,133,129,4,120,9,9,15,3,55,20.0,6.65,18,78,58.65,45.83
598028,1,2013-05-16,2013,2013,Himachal Pradesh Cricket Association Stadium,Kings XI Punjab,Delhi Daredevils,171,162,9,120,4,4,18,7,46,20.0,8.55,25,114,66.67,38.33
598028,2,2013-05-16,2013,2013,Himachal Pradesh Cricket Association Stadium,Delhi Daredevils,Kings XI Punjab,164,151,13,120,7,7,15,7,51,20.0,8.2,22,102,62.2,42.5
598029,1,2013-04-24,2013,2013,Eden Gardens,Kolkata Knight Riders,Mumbai Indians,159,153,6,120,6,6,16,4,45,20.0,7.95,20,88,55.35,37.5
598029,2,2013-04-24,2013,2013,Eden Gardens,Mumbai Indians,Kolkata Knight Riders,162,158,4,119,5,5,8,9,38,19.83,8.17,17,86,53.09,31.93
598030,1,2013-04-25,2013,2013,"MA Chidambaram Stadium, Chepauk",Sunrisers Hyderabad,Chennai Super Kings,159,151,8,120,6,5,17,4,48,20.0,7.95,21,92,57.86,40.0
598030,2,2013-04-25,2013,2013,"MA Chidambaram Stadium, Chepauk",Chennai Super Kings,Sunrisers Hyderabad,160,154,6,118,5,5,15,6,49,19.67,8.14,21,96,60.0,41.53
598031,1,2013-04-26,2013,2013,Eden Gardens,Kings XI Punjab,Kolkata Knight Riders,149,144,5,120,6,5,15,4,43,20.0,7.45,19,84,56.38,35.83
598031,2,2013-04-26,2013,2013,Eden Gardens,Kolkata Knight Riders,Kings XI Punjab,150,138,12,110,4,4,14,7,48,18.33,8.18,21,98,65.33,43.64
598032,1,2013-04-27,2013,2013,Sawai Mansingh Stadium,Sunrisers Hyderabad,Rajasthan Royals,144,133,11,120,9,9,16,2,56,20.0,7.2,18,76,52.78,46.67
598032,2,2013-04-27,2013,2013,Sawai Mansingh Stadium,Rajasthan Royals,Sunrisers Hyderabad,146,144,2,107,2,2,18,5,43,17.83,8.19,23,102,69.86,40.19
598033,1,2013-04-27,2013,2013,Wankhede Stadium,Mumbai Indians,Royal Challengers Bangalore,194,185,9,120,7,4,18,8,37,20.0,9.7,26,120,61.86,30.83
598033,2,2013-04-27,2013,2013,Wankhede Stadium,Royal Challengers Bangalore,Mumbai Indians,136,125,11,120,7,7,12,3,55,20.0,6.8,15,66,48.53,45.83
598034,1,2013-04-28,2013,2013,"MA Chidambaram Stadium, Chepauk",Chennai Super Kings,Kolkata Knight Riders,200,197,3,120,3,2,20,6,27,20.0,10.0,26,116,58.0,22.5
598034,2,2013-04-28,2013,2013,"MA Chidambaram Stadium, Chepauk",Kolkata Knight Riders,Chennai Super Kings,186,166,20,120,4,3,20,5,38,20.0,9.3,25,110,59.14,31.67
598035,1,2013-04-28,2013,2013,Shaheed Veer Narayan Singh International Stadium,Delhi Daredevils,Pune Warriors,164,150,14,120,5,5,12,8,51,20.0,8.2,20,96,58.54,42.5
598035,2,2013-04-28,2013,2013,Shaheed Veer Narayan Singh International Stadium,Pune Warriors,Delhi Daredevils,149,143,6,120,4,4,18,1,48,20.0,7.45,19,78,52.35,40.0
598036,1,2013-04-29,2013,2013,Sawai Mansingh Stadium,Royal Challengers Bangalore,Rajasthan Royals,171,161,10,120,6,5,15,5,40,20.0,8.55,20,90,52.63,33.33
598036,2,2013-04-29,2013,2013,Sawai Mansingh Stadium,Rajasthan Royals,Royal Challengers Bangalore,173,168,5,119,6,5,16,5,36,19.83,8.72,21,94,54.34,30.25
598037,1,2013-04-29,2013,2013,Wankhede Stadium,Mumbai Indians,Kings XI Punjab,174,166,8,120,3,3,14,9,44,20.0,8.7,23,110,63.22,36.67
598037,2,2013-04-29,2013,2013,Wankhede Stadium,Kings XI Punjab,Mumbai Indians,170,157,13,120,10,10,11,9,47,20.0,8.5,20,98,57.65,39.17
598038,1,2013-04-30,2013,2013,Subrata Roy Sahara Stadium,Chennai Super Kings,Pune Warriors,164,160,4,120,3,3,13,5,33,20.0,8.2,18,82,50.0,27.5
598038,2,2013-04-30,2013,2013,Subrata Roy Sahara Stadium,Pune Warriors,Chennai Super Kings,127,121,6,120,9,6,9,4,55,20.0,6.35,13,60,47.24,45.83
598039,1,2013-05-01,2013,2013,"Rajiv Gandhi International Stadium, Uppal",Mumbai Indians,Sunrisers Hyderabad,129,122,7,120,4,4,12,2,52,20.0,6.45,14,60,46.51,43.33
598039,2,2013-05-01,2013,2013,"Rajiv Gandhi International Stadium, Uppal",Sunrisers Hyderabad,Mumbai Indians,130,127,3,108,3,3,15,1,42,18.0,7.22,16,66,50.77,38.89
598040,1,2013-05-01,2013,2013,Shaheed Veer Narayan Singh International Stadium,Kolkata Knight Riders,Delhi Daredevils,136,129,7,120,7,6,14,4,60,20.0,6.8,18,80,58.82,50.0
598040,2,2013-05-01,2013,2013,Shaheed Veer Narayan Singh International Stadium,Delhi Daredevils,Kolkata Knight Riders,137,135,2,107,3,3,13,4,42,17.83,7.68,17,76,55.47,39.25
598041,1,2013-05-02,2013,2013,"MA Chidambaram Stadium, Chepauk",Chennai Super Kings,Kings XI Punjab,186,183,3,120,4,3,14,8,32,20.0,9.3,22,104,55.91,26.67
598041,2,2013-05-02,2013,2013,"MA Chidambaram Stadium, Chepauk",Kings XI Punjab,Chennai Super Kings,171,168,3,120,6,6,18,5,34,20.0,8.55,23,102,59.65,28.33
598042,1,2013-05-02,2013,2013,Subrata Roy Sahara Stadium,Royal Challengers Bangalore,Pune Warriors,187,175,12,120,3,3,17,6,36,20.0,9.35,23,104,55.61,30.0
598042,2,2013-05-02,2013,2013,Subrata Roy Sahara Stadium,Pune Warriors,Royal Challengers Bangalore,170,164,6,120,9,8,9,11,43,20.0,8.5,20,102,60.0,35.83
598043,1,2013-05-03,2013,2013,Eden Gardens,Rajasthan Royals,Kolkata Knight Riders,132,125,7,120,6,6,11,2,43,20.0,6.6,13,56,42.42,35.83
598043,2,2013-05-03,2013,2013,Eden Gardens,Kolkata Knight Riders,Rajasthan Royals,133,123,10,104,2,2,10,5,40,17.33,7.67,15,70,52.63,38.46
598044,1,2013-05-04,2013,2013,"Rajiv Gandhi International Stadium, Uppal",Delhi Daredevils,Sunrisers Hyderabad,80,74,6,115,10,9,4,1,66,19.17,4.17,5,22,27.5,57.39
598044,2,2013-05-04,2013,2013,"Rajiv Gandhi International Stadium, Uppal",Sunrisers Hyderabad,Delhi Daredevils,81,78,3,83,4,4,8,1,39,13.83,5.86,9,38,46.91,46.99
598045,1,2013-05-14,2013,2013,M Chinnaswamy Stadium,Royal Challengers Bangalore,Kings XI Punjab,174,167,7,120,5,5,15,9,49,20.0,8.7,24,114,65.52,40.83
598045,2,2013-05-14,2013,2013,M Chinnaswamy Stadium,Kings XI Punjab,Royal Challengers Bangalore,176,168,8,109,3,3,21,5,32,18.17,9.69,26,114,64.77,29.36
598046,1,2013-05-05,2013,2013,Wankhede Stadium,Mumbai Indians,Chennai Super Kings,139,135,4,120,5,5,11,6,57,20.0,6.95,17,80,57.55,47.5
598046,2,2013-05-05,2013,2013,Wankhede Stadium,Chennai Super Kings,Mumbai Indians,79,70,9,92,10,10,6,1,51,15.33,5.15,7,30,37.97,55.43
598047,1,2013-05-05,2013,2013,Sawai Mansingh Stadium,Pune Warriors,Rajasthan Royals,178,167,11,120,4,3,20,5,50,20.0,8.9,25,110,61.8,41.67
598047,2,2013-05-05,2013,2013,Sawai Mansingh Stadium,Rajasthan Royals,Pune Warriors,182,179,3,119,5,5,20,5,36,19.83,9.18,25,110,60.44,30.25
598048,1,2013-04-09,2013,2013,M Chinnaswamy Stadium,Sunrisers Hyderabad,Royal Challengers Bangalore,161,156,5,120,6,6,10,7,39,20.0,8.05,17,82,50.93,32.5
598048,2,2013-04-09,2013,2013,M Chinnaswamy Stadium,Royal Challengers Bangalore,Sunrisers Hyderabad,162,157,5,106,3,3,17,7,42,17.67,9.17,24,110,67.9,39.62
598049,1,2013-05-07,2013,2013,Sawai Mansingh Stadium,Delhi Daredevils,Rajasthan Royals,154,147,7,120,4,4,19,2,49,20.0,7.7,21,88,57.14,40.83
598049,2,2013-05-07,2013,2013,Sawai Mansingh Stadium,Rajasthan Royals,Delhi Daredevils,155,144,11,107,1,1,15,2,29,17.83,8.69,17,72,46.45,27.1
598050,1,2013-05-07,2013,2013,Wankhede Stadium,Mumbai Indians,Kolkata Knight Riders,170,159,11,120,6,4,20,4,47,20.0,8.5,24,104,61.18,39.17
598050,2,2013-05-07,2013,2013,Wankhede Stadium,Kolkata Knight Riders,Mumbai Indians,105,96,9,110,10,9,8,4,55,18.33,5.73,12,56,53.33,50.0
598051,1,2013-05-08,2013,2013,"Rajiv Gandhi International Stadium, Uppal",Chennai Super Kings,Sunrisers Hyderabad,223,213,10,120,3,3,21,10,33,20.0,11.15,31,144,64.57,27.5
598051,2,2013-05-08,2013,2013,"Rajiv Gandhi International Stadium, Uppal",Sunrisers Hyderabad,Chennai Super Kings,146,142,4,120,8,6,11,6,48,20.0,7.3,17,80,54.79,40.0
598052,1,2013-05-09,2013,2013,"Punjab Cricket Association Stadium, Mohali",Kings XI Punjab,Rajasthan Royals,145,136,9,120,6,6,12,2,40,20.0,7.25,14,60,41.38,33.33
598052,2,2013-05-09,2013,2013,"Punjab Cricket Association Stadium, Mohali",Rajasthan Royals,Kings XI Punjab,147,141,6,114,2,2,12,5,39,19.0,7.74,17,78,53.06,34.21
598053,1,2013-05-09,2013,2013,Subrata Roy Sahara Stadium,Kolkata Knight Riders,Pune Warriors,152,141,11,120,6,6,15,2,43,20.0,7.6,17,72,47.37,35.83
598053,2,2013-05-09,2013,2013,Subrata Roy Sahara Stadium,Pune Warriors,Kolkata Knight Riders,106,102,4,117,10,10,4,4,50,19.5,5.44,8,40,37.74,42.74
598054,1,2013-05-10,2013,2013,Feroz Shah Kotla,Royal Challengers Bangalore,Delhi Daredevils,183,178,5,120,4,3,19,6,38,20.0,9.15,25,112,61.2,31.67
598054,2,2013-05-10,2013,2013,Feroz Shah Kotla,Delhi Daredevils,Royal Challengers Bangalore,179,168,11,120,7,7,23,3,42,20.0,8.95,26,110,61.45,35.0
598055,1,2013-05-11,2013,2013,Subrata Roy Sahara Stadium,Pune Warriors,Mumbai Indians,112,108,4,120,8,7,5,3,48,20.0,5.6,8,38,33.93,40.0
598055,2,2013-05-11,2013,2013,Subrata Roy Sahara Stadium,Mumbai Indians,Pune Warriors,116,112,4,113,5,5,11,3,52,18.83,6.16,14,62,53.45,46.02
598056,1,2013-05-11,2013,2013,"Punjab Cricket Association Stadium, Mohali",Sunrisers Hyderabad,Kings XI Punjab,150,146,4,120,7,6,14,5,48,20.0,7.5,19,86,57.33,40.0
598056,2,2013-05-11,2013,2013,"Punjab Cricket Association Stadium, Mohali",Kings XI Punjab,Sunrisers Hyderabad,120,112,8,120,9,7,10,3,60,20.0,6.0,13,58,48.33,50.0
598057,1,2013-05-12,2013,2013,JSCA International Stadium Complex,Royal Challengers Bangalore,Kolkata Knight Riders,115,112,3,120,9,9,5,2,44,20.0,5.75,7,32,27.83,36.67
598057,2,2013-05-12,2013,2013,JSCA International Stadium Complex,Kolkata Knight Riders,Royal Challengers Bangalore,116,111,5,116,5,5,13,1,58,19.33,6.0,14,58,50.0,50.0
598058,1,2013-05-12,2013,2013,Sawai Mansingh Stadium,Chennai Super Kings,Rajasthan Royals,141,133,8,120,4,3,16,0,49,20.0,7.05,16,64,45.39,40.83
598058,2,2013-05-12,2013,2013,Sawai Mansingh Stadium,Rajasthan Royals,Chennai Super Kings,144,143,1,103,5,5,11,9,47,17.17,8.39,20,98,68.06,45.63
598059,1,2013-04-23,2013,2013,Feroz Shah Kotla,Delhi Daredevils,Kings XI Punjab,120,113,7,120,7,7,10,2,49,20.0,6.0,12,52,43.33,40.83
598059,2,2013-04-23,2013,2013,Feroz Shah Kotla,Kings XI Punjab,Delhi Daredevils,121,115,6,102,5,4,15,1,42,17.0,7.12,16,66,54.55,41.18
598060,1,2013-05-13,2013,2013,Wankhede Stadium,Sunrisers Hyderabad,Mumbai Indians,178,171,7,120,3,3,18,5,35,20.0,8.9,23,102,57.3,29.17
598060,2,2013-05-13,2013,2013,Wankhede Stadium,Mumbai Indians,Sunrisers Hyderabad,184,177,7,117,4,3,13,11,39,19.5,9.44,24,118,64.13,33.33
598061,1,2013-05-15,2013,2013,JSCA International Stadium Complex,Pune Warriors,Kolkata Knight Riders,170,169,1,120,4,3,11,9,40,20.0,8.5,20,98,57.65,33.33
598061,2,2013-05-15,2013,2013,JSCA International Stadium Complex,Kolkata Knight Riders,Pune Warriors,163,148,15,120,7,4,15,4,43,20.0,8.15,19,84,51.53,35.83
598062,1,2013-05-14,2013,2013,"MA Chidambaram Stadium, Chepauk",Chennai Super Kings,Delhi Daredevils,168,158,10,120,4,3,11,5,37,20.0,8.4,16,74,44.05,30.83
598062,2,2013-05-14,2013,2013,"MA Chidambaram Stadium, Chepauk",Delhi Daredevils,Chennai Super Kings,135,126,9,120,9,9,8,4,49,20.0,6.75,12,56,41.48,40.83
598063,1,2013-05-15,2013,2013,Wankhede Stadium,Mumbai Indians,Rajasthan Royals,166,159,7,120,8,6,15,6,43,20.0,8.3,21,96,57.83,35.83
598063,2,2013-05-15,2013,2013,Wankhede Stadium,Rajasthan Royals,Mumbai Indians,152,136,16,120,7,7,15,4,54,20.0,7.6,19,84,55.26,45.0
598064,1,2013-05-06,2013,2013,"Punjab Cricket Association Stadium, Mohali",Royal Challengers Bangalore,Kings XI Punjab,190,180,10,120,3,3,21,6,41,20.0,9.5,27,120,63.16,34.17
598064,2,2013-05-06,2013,2013,"Punjab Cricket Association Stadium, Mohali",Kings XI Punjab,Royal Challengers Bangalore,194,183,11,108,4,4,18,8,31,18.0,10.78,26,120,61.86,28.7
598065,1,2013-05-17,2013,2013,"Rajiv Gandhi International Stadium, Uppal",Sunrisers Hyderabad,Rajasthan Royals,136,121,15,120,9,7,7,2,39,20.0,6.8,9,40,29.41,32.5
598065,2,2013-05-17,2013,2013,"Rajiv Gandhi International Stadium, Uppal",Rajasthan Royals,Sunrisers Hyderabad,113,107,6,120,9,8,7,4,58,20.0,5.65,11,52,46.02,48.33
598066,1,2013-05-18,2013,2013,Himachal Pradesh Cricket Association Stadium,Kings XI Punjab,Mumbai Indians,183,176,7,120,8,7,24,5,43,20.0,9.15,29,126,68.85,35.83
598066,2,2013-05-18,2013,2013,Himachal Pradesh Cricket Association Stadium,Mumbai Indians,Kings XI Punjab,133,124,9,115,9,9,10,5,50,19.17,6.94,15,70,52.63,43.48
598067,1,2013-05-19,2013,2013,Subrata Roy Sahara Stadium,Pune Warriors,Delhi Daredevils,172,167,5,120,5,5,14,8,41,20.0,8.6,22,104,60.47,34.17
598067,2,2013-05-19,2013,2013,Subrata Roy Sahara Stadium,Delhi Daredevils,Pune Warriors,134,118,16,120,9,9,12,2,52,20.0,6.7,14,60,44.78,43.33
598068,1,2013-05-18,2013,2013,M Chinnaswamy Stadium,Royal Challengers Bangalore,Chennai Super Kings,106,101,5,48,2,2,10,8,15,8.0,13.25,18,88,83.02,31.25
598068,2,2013-05-18,2013,2013,M Chinnaswamy Stadium,Chennai Super Kings,Royal Challengers Bangalore,82,80,2,48,6,6,6,5,15,8.0,10.25,11,54,65.85,31.25
598069,1,2013-05-19,2013,2013,"Rajiv Gandhi International Stadium, Uppal",Kolkata Knight Riders,Sunrisers Hyderabad,130,116,14,120,7,6,9,3,52,20.0,6.5,12,54,41.54,43.33
598069,2,2013-05-19,2013,2013,"Rajiv Gandhi International Stadium, Uppal",Sunrisers Hyderabad,Kolkata Knight Riders,132,123,9,113,5,4,11,4,46,18.83,7.01,15,68,51.52,40.71
598070,1,2013-05-21,2013,2013,Feroz Shah Kotla,Chennai Super Kings,Mumbai Indians,192,191,1,120,1,1,17,7,24,20.0,9.6,24,110,57.29,20.0
598070,2,2013-05-21,2013,2013,Feroz Shah Kotla,Mumbai Indians,Chennai Super Kings,144,139,5,112,10,10,10,7,43,18.67,7.71,17,82,56.94,38.39
598071,1,2013-05-22,2013,2013,Feroz Shah Kotla,Sunrisers Hyderabad,Rajasthan Royals,132,126,6,120,7,5,11,4,53,20.0,6.6,15,68,51.52,44.17
598071,2,2013-05-22,2013,2013,Feroz Shah Kotla,Rajasthan Royals,Sunrisers Hyderabad,135,131,4,116,6,6,12,6,57,19.33,6.98,18,84,62.22,49.14
598072,1,2013-05-24,2013,2013,Eden Gardens,Rajasthan Royals,Mumbai Indians,165,151,14,120,6,6,22,1,45,20.0,8.25,23,94,56.97,37.5
598072,2,2013-05-24,2013,2013,Eden Gardens,Mumbai Indians,Rajasthan Royals,169,159,10,119,6,6,15,6,42,19.83,8.52,21,96,56.8,35.29
598073,1,2013-05-26,2013,2013,Eden Gardens,Mumbai Indians,Chennai Super Kings,148,143,5,120,9,8,18,3,49,20.0,7.4,21,90,60.81,40.83
598073,2,2013-05-26,2013,2013,Eden Gardens,Chennai Super Kings,Mumbai Indians,125,116,9,120,9,9,8,6,62,20.0,6.25,14,68,54.4,51.67
729279,1,2014-04-16,2014,2014,Sheikh Zayed Stadium,Kolkata Knight Riders,Mumbai Indians,163,155,8,120,5,5,14,5,42,20.0,8.15,19,86,52.76,35.0
729279,2,2014-04-16,2014,2014,Sheikh Zayed Stadium,Mumbai Indians,Kolkata Knight Riders,122,117,5,120,7,7,7,2,52,20.0,6.1,9,40,32.79,43.33
729281,1,2014-04-17,2014,2014,Sharjah Cricket Stadium,Delhi Daredevils,Royal Challengers Bangalore,145,135,10,120,4,4,9,4,43,20.0,7.25,13,60,41.38,35.83
729281,2,2014-04-17,2014,2014,Sharjah Cricket Stadium,Royal Challengers Bangalore,Delhi Daredevils,146,142,4,100,2,2,11,9,41,16.67,8.76,20,98,67.12,41.0
729283,1,2014-04-18,2014,2014,Sheikh Zayed Stadium,Chennai Super Kings,Kings XI Punjab,205,191,14,120,4,4,15,10,34,20.0,10.25,25,120,58.54,28.33
729283,2,2014-04-18,2014,2014,Sheikh Zayed Stadium,Kings XI Punjab,Chennai Super Kings,206,200,6,113,4,4,26,5,30,18.83,10.94,31,134,65.05,26.55
729285,1,2014-04-18,2014,2014,Sheikh Zayed Stadium,Sunrisers Hyderabad,Rajasthan Royals,133,118,15,120,6,6,6,2,38,20.0,6.65,8,36,27.07,31.67
729285,2,2014-04-18,2014,2014,Sheikh Zayed Stadium,Rajasthan Royals,Sunrisers Hyderabad,135,130,5,117,6,6,14,1,45,19.5,6.92,15,62,45.93,38.46
729287,1,2014-04-19,2014,2014,Dubai International Cricket Stadium,Mumbai Indians,Royal Challengers Bangalore,115,103,12,120,9,8,8,0,48,20.0,5.75,8,32,27.83,40.0
729287,2,2014-04-19,2014,2014,Dubai International Cricket Stadium,Royal Challengers Bangalore,Mumbai Indians,116,114,2,105,3,3,12,1,42,17.5,6.63,13,54,46.55,40.0
729289,1,2014-04-19,2014,2014,Dubai International Cricket Stadium,Kolkata Knight Riders,Delhi Daredevils,166,152,14,120,5,5,16,2,35,20.0,8.3,18,76,45.78,29.17
729289,2,2014-04-19,2014,2014,Dubai International Cricket Stadium,Delhi Daredevils,Kolkata Knight Riders,167,156,11,117,6,5,13,6,40,19.5,8.56,19,88,52.69,34.19
729291,1,2014-04-20,2014,2014,Sharjah Cricket Stadium,Rajasthan Royals,Kings XI Punjab,191,185,6,120,5,4,17,10,46,20.0,9.55,27,128,67.02,38.33
729291,2,2014-04-20,2014,2014,Sharjah Cricket Stadium,Kings XI Punjab,Rajasthan Royals,193,184,9,112,3,3,11,12,29,18.67,10.34,23,116,60.1,25.89
729293,1,2014-04-21,2014,2014,Sheikh Zayed Stadium,Chennai Super Kings,Delhi Daredevils,177,171,6,120,7,6,14,5,33,20.0,8.85,19,86,48.59,27.5
729293,2,2014-04-21,2014,2014,Sheikh Zayed Stadium,Delhi Daredevils,Chennai Super Kings,84,82,2,94,9,9,7,0,46,15.67,5.36,7,28,33.33,48.94
729295,1,2014-04-22,2014,2014,Sharjah Cricket Stadium,Kings XI Punjab,Sunrisers Hyderabad,193,184,9,120,6,6,14,13,46,20.0,9.65,27,134,69.43,38.33
729295,2,2014-04-22,2014,2014,Sharjah Cricket Stadium,Sunrisers Hyderabad,Kings XI Punjab,121,113,8,116,10,10,6,4,47,19.33,6.26,10,48,39.67,40.52
729297,1,2014-04-23,2014,2014,Dubai International Cricket Stadium,Chennai Super Kings,Rajasthan Royals,140,127,13,120,6,5,10,3,48,20.0,7.0,13,58,41.43,40.0
729297,2,2014-04-23,2014,2014,Dubai International Cricket Stadium,Rajasthan Royals,Chennai Super Kings,133,131,2,119,10,8,7,6,53,19.83,6.71,13,64,48.12,44.54
729299,1,2014-04-24,2014,2014,Sharjah Cricket Stadium,Kolkata Knight Riders,Royal Challengers Bangalore,150,143,7,120,7,7,7,6,38,20.0,7.5,13,64,42.67,31.67
729299,2,2014-04-24,2014,2014,Sharjah Cricket Stadium,Royal Challengers Bangalore,Kolkata Knight Riders,148,140,8,120,5,5,18,1,49,20.0,7.4,19,78,52.7,40.83
729301,1,2014-04-25,2014,2014,Dubai International Cricket Stadium,Sunrisers Hyderabad,Delhi Daredevils,184,179,5,120,1,1,16,8,37,20.0,9.2,24,112,60.87,30.83
729301,2,2014-04-25,2014,2014,Dubai International Cricket Stadium,Delhi Daredevils,Sunrisers Hyderabad,180,174,6,120,4,4,18,6,35,20.0,9.0,24,108,60.0,29.17
729303,1,2014-04-25,2014,2014,Dubai International Cricket Stadium,Mumbai Indians,Chennai Super Kings,141,140,1,120,7,6,12,4,42,20.0,7.05,16,72,51.06,35.0
729303,2,2014-04-25,2014,2014,Dubai International Cricket Stadium,Chennai Super Kings,Mumbai Indians,142,135,7,114,3,3,9,7,46,19.0,7.47,16,78,54.93,40.35
729305,1,2014-04-26,2014,2014,Sheikh Zayed Stadium,Royal Challengers Bangalore,Rajasthan Royals,70,66,4,90,10,9,6,1,50,15.0,4.67,7,30,42.86,55.56
729305,2,2014-04-26,2014,2014,Sheikh Zayed Stadium,Rajasthan Royals,Royal Challengers Bangalore,71,68,3,78,4,3,6,2,47,13.0,5.46,8,36,50.7,60.26
729307,1,2014-04-26,2014,2014,Sheikh Zayed Stadium,Kings XI Punjab,Kolkata Knight Riders,132,127,5,120,9,8,12,2,48,20.0,6.6,14,60,45.45,40.0
729307,2,2014-04-26,2014,2014,Sheikh Zayed Stadium,Kolkata Knight Riders,Kings XI Punjab,109,99,10,110,10,9,10,1,52,18.33,5.95,11,46,42.2,47.27
729309,1,2014-04-27,2014,2014,Sharjah Cricket Stadium,Mumbai Indians,Delhi Daredevils,125,114,11,120,7,4,10,3,53,20.0,6.25,13,58,46.4,44.17
729309,2,2014-04-27,2014,2014,Sharjah Cricket Stadium,Delhi Daredevils,Mumbai Indians,126,117,9,113,4,4,10,2,45,18.83,6.69,12,52,41.27,39.82
729311,1,2014-04-27,2014,2014,Sharjah Cricket Stadium,Sunrisers Hyderabad,Chennai Super Kings,145,129,16,120,5,5,9,4,37,20.0,7.25,13,60,41.38,30.83
729311,2,2014-04-27,2014,2014,Sharjah Cricket Stadium,Chennai Super Kings,Sunrisers Hyderabad,146,142,4,117,5,5,9,8,44,19.5,7.49,17,84,57.53,37.61
729313,1,2014-04-28,2014,2014,Dubai International Cricket Stadium,Royal Challengers Bangalore,Kings XI Punjab,124,114,10,120,8,8,8,4,55,20.0,6.2,12,56,45.16,45.83
729313,2,2014-04-28,2014,2014,Dubai International Cricket Stadium,Kings XI Punjab,Royal Challengers Bangalore,127,115,12,113,5,5,13,0,47,18.83,6.74,13,52,40.94,41.59
729315,1,2014-04-29,2014,2014,Sheikh Zayed Stadium,Rajasthan Royals,Kolkata Knight Riders,152,147,5,120,5,4,17,1,45,20.0,7.6,18,74,48.68,37.5
729315,2,2014-04-29,2014,2014,Sheikh Zayed Stadium,Kolkata Knight Riders,Rajasthan Royals,152,141,11,120,8,7,12,2,40,20.0,7.6,14,60,39.47,33.33
729315,3,2014-04-29,2014,2014,Sheikh Zayed Stadium,Kolkata Knight Riders,Rajasthan Royals,11,10,1,6,2,0,0,1,0,1.0,11.0,1,6,54.55,0.0
729315,4,2014-04-29,2014,2014,Sheikh Zayed Stadium,Rajasthan Royals,Kolkata Knight Riders,11,11,0,6,0,0,1,0,0,1.0,11.0,1,4,36.36,0.0
729317,1,2014-04-30,2014,2014,Dubai International Cricket Stadium,Sunrisers Hyderabad,Mumbai Indians,172,154,18,120,5,5,11,5,33,20.0,8.6,16,74,43.02,27.5
729317,2,2014-04-30,2014,2014,Dubai International Cricket Stadium,Mumbai Indians,Sunrisers Hyderabad,157,148,9,120,7,7,14,6,50,20.0,7.85,20,92,58.6,41.67
733971,1,2014-05-02,2014,2014,JSCA International Stadium Complex,Chennai Super Kings,Kolkata Knight Riders,148,142,6,102,3,3,13,6,33,17.0,8.71,19,88,59.46,32.35
733971,2,2014-05-02,2014,2014,JSCA International Stadium Complex,Kolkata Knight Riders,Chennai Super Kings,114,110,4,102,9,8,8,5,47,17.0,6.71,13,62,54.39,46.08
733973,1,2014-05-03,2014,2014,Wankhede Stadium,Kings XI Punjab,Mumbai Indians,168,155,13,120,5,4,16,6,45,20.0,8.4,22,100,59.52,37.5
733973,2,2014-05-03,2014,2014,Wankhede Stadium,Mumbai Indians,Kings XI Punjab,170,164,6,115,5,5,15,9,47,19.17,8.87,24,114,67.06,40.87
733975,1,2014-05-03,2014,2014,Feroz Shah Kotla,Delhi Daredevils,Rajasthan Royals,152,148,4,120,5,5,14,4,37,20.0,7.6,18,80,52.63,30.83
733975,2,2014-05-03,2014,2014,Feroz Shah Kotla,Rajasthan Royals,Delhi Daredevils,156,152,4,111,3,3,12,7,40,18.5,8.43,19,90,57.69,36.04
733977,1,2014-05-04,2014,2014,M Chinnaswamy Stadium,Sunrisers Hyderabad,Royal Challengers Bangalore,155,145,10,120,6,6,12,6,46,20.0,7.75,18,84,54.19,38.33
733977,2,2014-05-04,2014,2014,M Chinnaswamy Stadium,Royal Challengers Bangalore,Sunrisers Hyderabad,158,153,5,119,6,5,11,11,58,19.83,7.97,22,110,69.62,48.74
733979,1,2014-05-05,2014,2014,"Sardar Patel Stadium, Motera",Rajasthan Royals,Kolkata Knight Riders,170,163,7,120,6,5,12,6,37,20.0,8.5,18,84,49.41,30.83
733979,2,2014-05-05,2014,2014,"Sardar Patel Stadium, Motera",Kolkata Knight Riders,Rajasthan Royals,160,150,10,120,6,6,12,5,35,20.0,8.0,17,78,48.75,29.17
733981,1,2014-05-05,2014,2014,Feroz Shah Kotla,Delhi Daredevils,Chennai Super Kings,178,167,11,120,5,4,16,8,45,20.0,8.9,24,112,62.92,37.5
733981,2,2014-05-05,2014,2014,Feroz Shah Kotla,Chennai Super Kings,Delhi Daredevils,181,170,11,118,2,2,16,10,47,19.67,9.2,26,124,68.51,39.83
733983,1,2014-05-06,2014,2014,Wankhede Stadium,Mumbai Indians,Royal Challengers Bangalore,187,162,25,120,5,4,14,8,41,20.0,9.35,22,104,55.61,34.17
733983,2,2014-05-06,2014,2014,Wankhede Stadium,Royal Challengers Bangalore,Mumbai Indians,168,158,10,120,8,7,15,8,48,20.0,8.4,23,108,64.29,40.0
733985,1,2014-05-07,2014,2014,Feroz Shah Kotla,Delhi Daredevils,Kolkata Knight Riders,160,152,8,120,5,4,13,6,40,20.0,8.0,19,88,55.0,33.33
733985,2,2014-05-07,2014,2014,Feroz Shah Kotla,Kolkata Knight Riders,Delhi Daredevils,161,149,12,110,2,2,14,3,25,18.33,8.78,17,74,45.96,22.73
733987,1,2014-05-07,2014,2014,Barabati Stadium,Kings XI Punjab,Chennai Super Kings,231,221,10,120,4,4,24,13,36,20.0,11.55,37,174,75.32,30.0
733987,2,2014-05-07,2014,2014,Barabati Stadium,Chennai Super Kings,Kings XI Punjab,187,183,4,120,6,5,19,4,30,20.0,9.35,23,100,53.48,25.0
733989,1,2014-05-08,2014,2014,"Sardar Patel Stadium, Motera",Sunrisers Hyderabad,Rajasthan Royals,134,122,12,120,9,7,15,0,43,20.0,6.7,15,60,44.78,35.83
733989,2,2014-05-08,2014,2014,"Sardar Patel Stadium, Motera",Rajasthan Royals,Sunrisers Hyderabad,102,92,10,119,10,9,6,1,56,19.83,5.14,7,30,29.41,47.06
733991,1,2014-05-09,2014,2014,M Chinnaswamy Stadium,Kings XI Punjab,Royal Challengers Bangalore,198,183,15,120,8,8,19,7,40,20.0,9.9,26,118,59.6,33.33
733991,2,2014-05-09,2014,2014,M Chinnaswamy Stadium,Royal Challengers Bangalore,Kings XI Punjab,166,160,6,120,9,9,13,9,52,20.0,8.3,22,106,63.86,43.33
733993,1,2014-05-10,2014,2014,Feroz Shah Kotla,Delhi Daredevils,Sunrisers Hyderabad,143,138,5,120,7,7,10,5,43,20.0,7.15,15,70,48.95,35.83
733993,2,2014-05-10,2014,2014,Feroz Shah Kotla,Sunrisers Hyderabad,Delhi Daredevils,44,33,11,26,2,2,2,2,8,4.33,10.15,4,20,45.45,30.77
733995,1,2014-05-10,2014,2014,Wankhede Stadium,Mumbai Indians,Chennai Super Kings,157,152,5,120,6,6,10,8,48,20.0,7.85,18,88,56.05,40.0
733995,2,2014-05-10,2014,2014,Wankhede Stadium,Chennai Super Kings,Mumbai Indians,160,149,11,117,6,5,13,6,42,19.5,8.21,19,88,55.0,35.9
733997,1,2014-05-11,2014,2014,Barabati Stadium,Kings XI Punjab,Kolkata Knight Riders,149,145,4,120,8,7,17,2,42,20.0,7.45,19,80,53.69,35.0
733997,2,2014-05-11,2014,2014,Barabati Stadium,Kolkata Knight Riders,Kings XI Punjab,150,145,5,108,1,1,18,1,34,18.0,8.33,19,78,52.0,31.48
733999,1,2014-05-11,2014,2014,M Chinnaswamy Stadium,Royal Challengers Bangalore,Rajasthan Royals,190,183,7,120,5,5,15,12,46,20.0,9.5,27,132,69.47,38.33
733999,2,2014-05-11,2014,2014,M Chinnaswamy Stadium,Rajasthan Royals,Royal Challengers Bangalore,191,184,7,113,5,5,19,8,35,18.83,10.14,27,124,64.92,30.97
734001,1,2014-05-12,2014,2014,"Rajiv Gandhi International Stadium, Uppal",Sunrisers Hyderabad,Mumbai Indians,157,151,6,120,3,2,16,5,49,20.0,7.85,21,94,59.87,40.83
734001,2,2014-05-12,2014,2014,"Rajiv Gandhi International Stadium, Uppal",Mumbai Indians,Sunrisers Hyderabad,160,157,3,112,3,3,15,6,41,18.67,8.57,21,96,60.0,36.61
734003,1,2014-05-13,2014,2014,JSCA International Stadium Complex,Rajasthan Royals,Chennai Super Kings,148,136,12,120,8,7,10,7,53,20.0,7.4,17,82,55.41,44.17
734003,2,2014-05-13,2014,2014,JSCA International Stadium Complex,Chennai Super Kings,Rajasthan Royals,149,141,8,118,5,5,9,5,37,19.67,7.58,14,66,44.3,31.36
734005,1,2014-05-13,2014,2014,M Chinnaswamy Stadium,Royal Challengers Bangalore,Delhi Daredevils,186,177,9,120,4,3,11,12,45,20.0,9.3,23,116,62.37,37.5
734005,2,2014-05-13,2014,2014,M Chinnaswamy Stadium,Delhi Daredevils,Royal Challengers Bangalore,170,160,10,120,7,6,11,8,37,20.0,8.5,19,92,54.12,30.83
734007,1,2014-05-14,2014,2014,"Rajiv Gandhi International Stadium, Uppal",Sunrisers Hyderabad,Kings XI Punjab,205,190,15,120,5,4,14,12,41,20.0,10.25,26,128,62.44,34.17
734007,2,2014-05-14,2014,2014,"Rajiv Gandhi International Stadium, Uppal",Kings XI Punjab,Sunrisers Hyderabad,211,207,4,112,4,3,19,12,31,18.67,11.3,31,148,70.14,27.68
734009,1,2014-05-14,2014,2014,Barabati Stadium,Mumbai Indians,Kolkata Knight Riders,141,134,7,120,5,5,11,4,51,20.0,7.05,15,68,48.23,42.5
734009,2,2014-05-14,2014,2014,Barabati Stadium,Kolkata Knight Riders,Mumbai Indians,142,137,5,112,4,4,14,3,40,18.67,7.61,17,74,52.11,35.71
734011,1,2014-05-15,2014,2014,"Sardar Patel Stadium, Motera",Rajasthan Royals,Delhi Daredevils,201,186,15,120,6,5,13,12,34,20.0,10.05,25,124,61.69,28.33
734011,2,2014-05-15,2014,2014,"Sardar Patel Stadium, Motera",Delhi Daredevils,Rajasthan Royals,139,130,9,120,9,8,12,3,43,20.0,6.95,15,66,47.48,35.83
734013,1,2014-05-18,2014,2014,JSCA International Stadium Complex,Chennai Super Kings,Royal Challengers Bangalore,138,132,6,120,4,4,10,4,43,20.0,6.9,14,64,46.38,35.83
734013,2,2014-05-18,2014,2014,JSCA International Stadium Complex,Royal Challengers Bangalore,Chennai Super Kings,142,129,13,119,5,5,8,8,55,19.83,7.16,16,80,56.34,46.22
734015,1,2014-05-18,2014,2014,"Rajiv Gandhi International Stadium, Uppal",Sunrisers Hyderabad,Kolkata Knight Riders,142,132,10,120,8,7,13,4,52,20.0,7.1,17,76,53.52,43.33
734015,2,2014-05-18,2014,2014,"Rajiv Gandhi International Stadium, Uppal",Kolkata Knight Riders,Sunrisers Hyderabad,146,145,1,118,3,2,13,5,41,19.67,7.42,18,82,56.16,34.75
734017,1,2014-05-19,2014,2014,"Sardar Patel Stadium, Motera",Mumbai Indians,Rajasthan Royals,178,172,6,120,3,2,12,9,38,20.0,8.9,21,102,57.3,31.67
734017,2,2014-05-19,2014,2014,"Sardar Patel Stadium, Motera",Rajasthan Royals,Mumbai Indians,153,145,8,120,8,8,7,8,50,20.0,7.65,15,76,49.67,41.67
734019,1,2014-05-19,2014,2014,Feroz Shah Kotla,Delhi Daredevils,Kings XI Punjab,164,159,5,120,7,7,16,5,43,20.0,8.2,21,94,57.32,35.83
734019,2,2014-05-19,2014,2014,Feroz Shah Kotla,Kings XI Punjab,Delhi Daredevils,165,150,15,118,6,6,13,6,47,19.67,8.39,19,88,53.33,39.83
734021,1,2014-05-20,2014,2014,"Rajiv Gandhi International Stadium, Uppal",Royal Challengers Bangalore,Sunrisers Hyderabad,160,153,7,120,6,5,13,6,43,20.0,8.0,19,88,55.0,35.83
734021,2,2014-05-20,2014,2014,"Rajiv Gandhi International Stadium, Uppal",Sunrisers Hyderabad,Royal Challengers Bangalore,161,154,7,118,3,2,11,8,43,19.67,8.19,19,92,57.14,36.44
734023,1,2014-05-20,2014,2014,Eden Gardens,Chennai Super Kings,Kolkata Knight Riders,154,151,3,120,4,3,8,9,44,20.0,7.7,17,86,55.84,36.67
734023,2,2014-05-20,2014,2014,Eden Gardens,Kolkata Knight Riders,Chennai Super Kings,156,152,4,108,2,2,19,3,32,18.0,8.67,22,94,60.26,29.63
734025,1,2014-05-21,2014,2014,"Punjab Cricket Association Stadium, Mohali",Kings XI Punjab,Mumbai Indians,156,148,8,120,8,6,12,7,54,20.0,7.8,19,90,57.69,45.0
734025,2,2014-05-21,2014,2014,"Punjab Cricket Association Stadium, Mohali",Mumbai Indians,Kings XI Punjab,159,149,10,114,3,3,16,3,38,19.0,8.37,19,82,51.57,33.33
734027,1,2014-05-22,2014,2014,Eden Gardens,Kolkata Knight Riders,Royal Challengers Bangalore,195,188,7,120,4,3,20,7,39,20.0,9.75,27,122,62.56,32.5
734027,2,2014-05-22,2014,2014,Eden Gardens,Royal Challengers Bangalore,Kolkata Knight Riders,165,155,10,120,5,5,14,4,37,20.0,8.25,18,80,48.48,30.83
734029,1,2014-05-22,2014,2014,JSCA International Stadium Complex,Chennai Super Kings,Sunrisers Hyderabad,185,177,8,120,3,2,15,10,41,20.0,9.25,25,120,64.86,34.17
734029,2,2014-05-22,2014,2014,JSCA International Stadium Complex,Sunrisers Hyderabad,Chennai Super Kings,189,184,5,118,4,3,17,7,33,19.67,9.61,24,110,58.2,27.97
734031,1,2014-05-23,2014,2014,Wankhede Stadium,Mumbai Indians,Delhi Daredevils,173,164,9,117,10,7,20,3,31,19.5,8.87,23,98,56.65,26.5
734031,2,2014-05-23,2014,2014,Wankhede Stadium,Delhi Daredevils,Mumbai Indians,158,152,6,120,4,4,13,6,41,20.0,7.9,19,88,55.7,34.17
734033,1,2014-05-23,2014,2014,"Punjab Cricket Association Stadium, Mohali",Kings XI Punjab,Rajasthan Royals,179,165,14,120,4,3,16,6,38,20.0,8.95,22,100,55.87,31.67
734033,2,2014-05-23,2014,2014,"Punjab Cricket Association Stadium, Mohali",Rajasthan Royals,Kings XI Punjab,163,156,7,120,8,8,9,8,43,20.0,8.15,17,84,51.53,35.83
734035,1,2014-05-24,2014,2014,M Chinnaswamy Stadium,Royal Challengers Bangalore,Chennai Super Kings,154,148,6,120,6,6,10,6,43,20.0,7.7,16,76,49.35,35.83
734035,2,2014-05-24,2014,2014,M Chinnaswamy Stadium,Chennai Super Kings,Royal Challengers Bangalore,160,155,5,106,2,2,13,7,30,17.67,9.06,20,94,58.75,28.3
734037,1,2014-05-24,2014,2014,Eden Gardens,Sunrisers Hyderabad,Kolkata Knight Riders,160,139,21,120,7,4,19,5,59,20.0,8.0,24,106,66.25,49.17
734037,2,2014-05-24,2014,2014,Eden Gardens,Kolkata Knight Riders,Sunrisers Hyderabad,161,156,5,86,6,5,14,11,33,14.33,11.23,25,122,75.78,38.37
734039,1,2014-05-25,2014,2014,"Punjab Cricket Association Stadium, Mohali",Delhi Daredevils,Kings XI Punjab,115,108,7,109,10,9,15,0,51,18.17,6.33,15,60,52.17,46.79
734039,2,2014-05-25,2014,2014,"Punjab Cricket Association Stadium, Mohali",Kings XI Punjab,Delhi Daredevils,119,104,15,83,3,3,10,4,35,13.83,8.6,14,64,53.78,42.17
734041,1,2014-05-25,2014,2014,Wankhede Stadium,Rajasthan Royals,Mumbai Indians,189,184,5,120,4,4,17,9,40,20.0,9.45,26,122,64.55,33.33
734041,2,2014-05-25,2014,2014,Wankhede Stadium,Mumbai Indians,Rajasthan Royals,195,188,7,88,5,4,19,12,22,14.67,13.3,31,148,75.9,25.0
734043,1,2014-05-27,2014,2014,Eden Gardens,Kolkata Knight Riders,Kings XI Punjab,163,156,7,120,8,7,17,6,45,20.0,8.15,23,104,63.8,37.5
734043,2,2014-05-27,2014,2014,Eden Gardens,Kings XI Punjab,Kolkata Knight Riders,135,130,5,120,8,7,4,9,52,20.0,6.75,13,70,51.85,43.33
734045,1,2014-05-28,2014,2014,Brabourne Stadium,Mumbai Indians,Chennai Super Kings,173,171,2,120,8,8,14,9,41,20.0,8.65,23,110,63.58,34.17
734045,2,2014-05-28,2014,2014,Brabourne Stadium,Chennai Super Kings,Mumbai Indians,176,167,9,112,3,3,15,8,35,18.67,9.43,23,108,61.36,31.25
734047,1,2014-05-30,2014,2014,Wankhede Stadium,Kings XI Punjab,Chennai Super Kings,226,215,11,120,6,5,19,13,33,20.0,11.3,32,154,68.14,27.5
734047,2,2014-05-30,2014,2014,Wankhede Stadium,Chennai Super Kings,Kings XI Punjab,202,186,16,120,7,5,17,10,37,20.0,10.1,27,128,63.37,30.83
734049,1,2014-06-01,2014,2014,M Chinnaswamy Stadium,Kings XI Punjab,Kolkata Knight Riders,199,191,8,120,4,4,17,10,40,20.0,9.95,27,128,64.32,33.33
734049,2,2014-06-01,2014,2014,M Chinnaswamy Stadium,Kolkata Knight Riders,Kings XI Punjab,200,194,6,117,7,6,15,11,36,19.5,10.26,26,126,63.0,30.77
829705,1,2015-04-08,2015,2015,Eden Gardens,Mumbai Indians,Kolkata Knight Riders,168,165,3,120,3,3,18,7,47,20.0,8.4,25,114,67.86,39.17
829705,2,2015-04-08,2015,2015,Eden Gardens,Kolkata Knight Riders,Mumbai Indians,170,166,4,111,3,3,11,11,38,18.5,9.19,22,110,64.71,34.23
829707,1,2015-04-09,2015,2015,"MA Chidambaram Stadium, Chepauk",Chennai Super Kings,Delhi Daredevils,150,136,14,120,7,7,13,3,48,20.0,7.5,16,70,46.67,40.0
829707,2,2015-04-09,2015,2015,"MA Chidambaram Stadium, Chepauk",Delhi Daredevils,Chennai Super Kings,149,144,5,120,9,8,15,2,43,20.0,7.45,17,72,48.32,35.83
829709,1,2015-04-10,2015,2015,Maharashtra Cricket Association Stadium,Rajasthan Royals,Kings XI Punjab,162,141,21,120,7,7,10,7,49,20.0,8.1,17,82,50.62,40.83
829709,2,2015-04-10,2015,2015,Maharashtra Cricket Association Stadium,Kings XI Punjab,Rajasthan Royals,136,127,9,120,8,6,14,3,59,20.0,6.8,17,74,54.41,49.17
829711,1,2015-04-11,2015,2015,"MA Chidambaram Stadium, Chepauk",Chennai Super Kings,Sunrisers Hyderabad,209,194,15,120,4,1,16,14,46,20.0,10.45,30,148,70.81,38.33
829711,2,2015-04-11,2015,2015,"MA Chidambaram Stadium, Chepauk",Sunrisers Hyderabad,Chennai Super Kings,164,153,11,120,6,6,8,7,34,20.0,8.2,15,74,45.12,28.33
829713,1,2015-04-11,2015,2015,Eden Gardens,Kolkata Knight Riders,Royal Challengers Bangalore,177,171,6,120,6,4,23,3,37,20.0,8.85,26,110,62.15,30.83
829713,2,2015-04-11,2015,2015,Eden Gardens,Royal Challengers Bangalore,Kolkata Knight Riders,179,171,8,114,7,5,12,12,40,19.0,9.42,24,120,67.04,35.09
829715,1,2015-04-12,2015,2015,Feroz Shah Kotla,Delhi Daredevils,Rajasthan Royals,184,175,9,120,3,3,12,10,37,20.0,9.2,22,108,58.7,30.83
829715,2,2015-04-12,2015,2015,Feroz Shah Kotla,Rajasthan Royals,Delhi Daredevils,186,180,6,120,7,7,15,8,38,20.0,9.3,23,108,58.06,31.67
829717,1,2015-04-12,2015,2015,Wankhede Stadium,Kings XI Punjab,Mumbai Indians,177,171,6,120,5,5,21,4,37,20.0,8.85,25,108,61.02,30.83
829717,2,2015-04-12,2015,2015,Wankhede Stadium,Mumbai Indians,Kings XI Punjab,159,151,8,120,7,7,14,9,58,20.0,7.95,23,110,69.18,48.33
829719,1,2015-04-13,2015,2015,M Chinnaswamy Stadium,Royal Challengers Bangalore,Sunrisers Hyderabad,166,150,16,119,10,10,15,7,51,19.83,8.37,22,102,61.45,42.86
829719,2,2015-04-13,2015,2015,M Chinnaswamy Stadium,Sunrisers Hyderabad,Royal Challengers Bangalore,172,156,16,104,2,2,14,7,29,17.33,9.92,21,98,56.98,27.88
829721,1,2015-04-14,2015,2015,"Sardar Patel Stadium, Motera",Mumbai Indians,Rajasthan Royals,164,159,5,120,6,5,17,8,58,20.0,8.2,25,116,70.73,48.33
829721,2,2015-04-14,2015,2015,"Sardar Patel Stadium, Motera",Rajasthan Royals,Mumbai Indians,165,161,4,115,3,3,15,3,35,19.17,8.61,18,78,47.27,30.43
829723,1,2015-04-30,2015,2015,Eden Gardens,Chennai Super Kings,Kolkata Knight Riders,165,145,20,120,9,9,19,5,52,20.0,8.25,24,106,64.24,43.33
829723,2,2015-04-30,2015,2015,Eden Gardens,Kolkata Knight Riders,Chennai Super Kings,169,159,10,119,3,3,11,7,37,19.83,8.52,18,86,50.89,31.09
829725,1,2015-04-15,2015,2015,Maharashtra Cricket Association Stadium,Kings XI Punjab,Delhi Daredevils,165,157,8,120,7,7,7,10,42,20.0,8.25,17,88,53.33,35.0
829725,2,2015-04-15,2015,2015,Maharashtra Cricket Association Stadium,Delhi Daredevils,Kings XI Punjab,169,158,11,119,5,4,17,5,42,19.83,8.52,22,98,57.99,35.29
829727,1,2015-04-16,2015,2015,Dr. Y.S. Rajasekhara Reddy ACA-VDCA Cricket Stadium,Sunrisers Hyderabad,Rajasthan Royals,127,121,6,120,5,4,11,4,60,20.0,6.35,15,68,53.54,50.0
829727,2,2015-04-16,2015,2015,Dr. Y.S. Rajasekhara Reddy ACA-VDCA Cricket Stadium,Rajasthan Royals,Sunrisers Hyderabad,131,124,7,120,4,4,15,0,48,20.0,6.55,15,60,45.8,40.0
829729,1,2015-04-17,2015,2015,Wankhede Stadium,Mumbai Indians,Chennai Super Kings,183,176,7,120,7,7,14,10,46,20.0,9.15,24,116,63.39,38.33
829729,2,2015-04-17,2015,2015,Wankhede Stadium,Chennai Super Kings,Mumbai Indians,189,178,11,100,4,4,21,9,35,16.67,11.34,30,138,73.02,35.0
829731,1,2015-04-18,2015,2015,Dr. Y.S. Rajasekhara Reddy ACA-VDCA Cricket Stadium,Delhi Daredevils,Sunrisers Hyderabad,167,158,9,120,4,4,9,9,39,20.0,8.35,18,90,53.89,32.5
829731,2,2015-04-18,2015,2015,Dr. Y.S. Rajasekhara Reddy ACA-VDCA Cricket Stadium,Sunrisers Hyderabad,Delhi Daredevils,163,159,4,120,8,7,10,8,40,20.0,8.15,18,88,53.99,33.33
829733,1,2015-04-18,2015,2015,Maharashtra Cricket Association Stadium,Kings XI Punjab,Kolkata Knight Riders,155,142,13,120,9,8,10,7,46,20.0,7.75,17,82,52.9,38.33
829733,2,2015-04-18,2015,2015,Maharashtra Cricket Association Stadium,Kolkata Knight Riders,Kings XI Punjab,159,157,2,107,6,6,21,4,42,17.83,8.92,25,108,67.92,39.25
829735,1,2015-04-19,2015,2015,"Sardar Patel Stadium, Motera",Chennai Super Kings,Rajasthan Royals,156,150,6,120,4,4,18,3,49,20.0,7.8,21,90,57.69,40.83
829735,2,2015-04-19,2015,2015,"Sardar Patel Stadium, Motera",Rajasthan Royals,Chennai Super Kings,157,156,1,110,2,2,12,6,30,18.33,8.56,18,84,53.5,27.27
829737,1,2015-04-19,2015,2015,M Chinnaswamy Stadium,Mumbai Indians,Royal Challengers Bangalore,209,192,17,120,7,6,23,10,48,20.0,10.45,33,152,72.73,40.0
829737,2,2015-04-19,2015,2015,M Chinnaswamy Stadium,Royal Challengers Bangalore,Mumbai Indians,191,175,16,120,7,6,20,8,50,20.0,9.55,28,128,67.02,41.67
829739,1,2015-04-20,2015,2015,Feroz Shah Kotla,Delhi Daredevils,Kolkata Knight Riders,146,133,13,120,8,7,13,5,51,20.0,7.3,18,82,56.16,42.5
829739,2,2015-04-20,2015,2015,Feroz Shah Kotla,Kolkata Knight Riders,Delhi Daredevils,147,140,7,109,4,4,18,2,36,18.17,8.09,20,84,57.14,33.03
829741,1,2015-04-21,2015,2015,"Sardar Patel Stadium, Motera",Rajasthan Royals,Kings XI Punjab,191,181,10,120,6,6,16,8,36,20.0,9.55,24,112,58.64,30.0
829741,2,2015-04-21,2015,2015,"Sardar Patel Stadium, Motera",Kings XI Punjab,Rajasthan Royals,191,186,5,120,6,4,12,10,36,20.0,9.55,22,108,56.54,30.0
829741,3,2015-04-21,2015,2015,"Sardar Patel Stadium, Motera",Kings XI Punjab,Rajasthan Royals,15,13,2,6,2,1,3,0,2,1.0,15.0,3,12,80.0,33.33
829741,4,2015-04-21,2015,2015,"Sardar Patel Stadium, Motera",Rajasthan Royals,Kings XI Punjab,6,5,1,3,2,1,1,0,2,0.5,12.0,1,4,66.67,66.67
829743,1,2015-04-22,2015,2015,Dr. Y.S. Rajasekhara Reddy ACA-VDCA Cricket Stadium,Sunrisers Hyderabad,Kolkata Knight Riders,176,172,4,120,4,4,15,7,38,20.0,8.8,22,102,57.95,31.67
829743,2,2015-04-22,2015,2015,Dr. Y.S. Rajasekhara Reddy ACA-VDCA Cricket Stadium,Kolkata Knight Riders,Sunrisers Hyderabad,101,98,3,72,4,4,6,5,22,12.0,8.42,11,54,53.47,30.56
829745,1,2015-04-22,2015,2015,M Chinnaswamy Stadium,Chennai Super Kings,Royal Challengers Bangalore,181,171,10,120,8,8,17,10,51,20.0,9.05,27,128,70.72,42.5
829745,2,2015-04-22,2015,2015,M Chinnaswamy Stadium,Royal Challengers Bangalore,Chennai Super Kings,154,148,6,120,8,7,12,7,49,20.0,7.7,19,90,58.44,40.83
829747,1,2015-04-23,2015,2015,Feroz Shah Kotla,Delhi Daredevils,Mumbai Indians,190,182,8,120,4,4,13,11,39,20.0,9.5,24,118,62.11,32.5
829747,2,2015-04-23,2015,2015,Feroz Shah Kotla,Mumbai Indians,Delhi Daredevils,153,142,11,120,9,9,13,6,54,20.0,7.65,19,88,57.52,45.0
829749,1,2015-04-24,2015,2015,"Sardar Patel Stadium, Motera",Rajasthan Royals,Royal Challengers Bangalore,130,126,4,120,9,8,10,3,43,20.0,6.5,13,58,44.62,35.83
829749,2,2015-04-24,2015,2015,"Sardar Patel Stadium, Motera",Royal Challengers Bangalore,Rajasthan Royals,134,129,5,97,1,1,10,4,26,16.17,8.29,14,64,47.76,26.8
829751,1,2015-04-25,2015,2015,Wankhede Stadium,Mumbai Indians,Sunrisers Hyderabad,157,147,10,120,8,8,16,3,42,20.0,7.85,19,82,52.23,35.0
829751,2,2015-04-25,2015,2015,Wankhede Stadium,Sunrisers Hyderabad,Mumbai Indians,137,132,5,120,8,8,14,2,52,20.0,6.85,16,68,49.64,43.33
829753,1,2015-04-25,2015,2015,"MA Chidambaram Stadium, Chepauk",Chennai Super Kings,Kings XI Punjab,192,180,12,120,3,2,19,7,44,20.0,9.6,26,118,61.46,36.67
829753,2,2015-04-25,2015,2015,"MA Chidambaram Stadium, Chepauk",Kings XI Punjab,Chennai Super Kings,95,87,8,120,9,9,5,2,60,20.0,4.75,7,32,33.68,50.0
829757,1,2015-04-26,2015,2015,Feroz Shah Kotla,Delhi Daredevils,Royal Challengers Bangalore,95,87,8,110,10,9,8,1,54,18.33,5.18,9,38,40.0,49.09
829757,2,2015-04-26,2015,2015,Feroz Shah Kotla,Royal Challengers Bangalore,Delhi Daredevils,99,97,2,63,0,0,12,4,23,10.5,9.43,16,72,72.73,36.51
829759,1,2015-04-27,2015,2015,"Punjab Cricket Association Stadium, Mohali",Sunrisers Hyderabad,Kings XI Punjab,150,149,1,120,6,6,17,3,42,20.0,7.5,20,86,57.33,35.0
829759,2,2015-04-27,2015,2015,"Punjab Cricket Association Stadium, Mohali",Kings XI Punjab,Sunrisers Hyderabad,130,123,7,120,9,8,7,2,41,20.0,6.5,9,40,30.77,34.17
829761,1,2015-05-07,2015,2015,Eden Gardens,Kolkata Knight Riders,Delhi Daredevils,171,159,12,120,7,6,16,6,45,20.0,8.55,22,100,58.48,37.5
829761,2,2015-05-07,2015,2015,Eden Gardens,Delhi Daredevils,Kolkata Knight Riders,158,151,7,120,6,6,14,7,46,20.0,7.9,21,98,62.03,38.33
829763,1,2015-04-29,2015,2015,M Chinnaswamy Stadium,Royal Challengers Bangalore,Rajasthan Royals,200,184,16,120,7,4,25,5,42,20.0,10.0,30,130,65.0,35.0
829765,1,2015-04-28,2015,2015,"MA Chidambaram Stadium, Chepauk",Chennai Super Kings,Kolkata Knight Riders,134,122,12,120,6,5,12,3,52,20.0,6.7,15,66,49.25,43.33
829765,2,2015-04-28,2015,2015,"MA Chidambaram Stadium, Chepauk",Kolkata Knight Riders,Chennai Super Kings,132,127,5,120,9,8,12,3,50,20.0,6.6,15,66,50.0,41.67
829767,1,2015-05-01,2015,2015,Feroz Shah Kotla,Kings XI Punjab,Delhi Daredevils,118,110,8,120,8,8,9,3,52,20.0,5.9,12,54,45.76,43.33
829767,2,2015-05-01,2015,2015,Feroz Shah Kotla,Delhi Daredevils,Kings XI Punjab,119,111,8,83,1,1,11,4,26,13.83,8.6,15,68,57.14,31.33
829769,1,2015-05-01,2015,2015,Wankhede Stadium,Mumbai Indians,Rajasthan Royals,187,178,9,120,5,5,18,6,34,20.0,9.35,24,108,57.75,28.33
829769,2,2015-05-01,2015,2015,Wankhede Stadium,Rajasthan Royals,Mumbai Indians,179,167,12,120,7,6,15,5,32,20.0,8.95,20,90,50.28,26.67
829771,1,2015-05-02,2015,2015,M Chinnaswamy Stadium,Kolkata Knight Riders,Royal Challengers Bangalore,111,103,8,60,4,3,11,5,17,10.0,11.1,16,74,66.67,28.33
829771,2,2015-05-02,2015,2015,M Chinnaswamy Stadium,Royal Challengers Bangalore,Kolkata Knight Riders,115,111,4,58,3,3,6,9,14,9.67,11.9,15,78,67.83,24.14
829773,1,2015-05-02,2015,2015,"Rajiv Gandhi International Stadium, Uppal",Sunrisers Hyderabad,Chennai Super Kings,192,187,5,120,7,6,23,6,38,20.0,9.6,29,128,66.67,31.67
829773,2,2015-05-02,2015,2015,"Rajiv Gandhi International Stadium, Uppal",Chennai Super Kings,Sunrisers Hyderabad,170,163,7,120,6,5,16,5,34,20.0,8.5,21,94,55.29,28.33
829775,1,2015-05-03,2015,2015,"Punjab Cricket Association Stadium, Mohali",Mumbai Indians,Kings XI Punjab,172,167,5,120,3,3,17,4,39,20.0,8.6,21,92,53.49,32.5
829775,2,2015-05-03,2015,2015,"Punjab Cricket Association Stadium, Mohali",Kings XI Punjab,Mumbai Indians,149,137,12,120,7,4,10,3,36,20.0,7.45,13,58,38.93,30.0
829777,1,2015-05-03,2015,2015,Brabourne Stadium,Rajasthan Royals,Delhi Daredevils,189,181,8,120,2,2,20,5,39,20.0,9.45,25,110,58.2,32.5
829777,2,2015-05-03,2015,2015,Brabourne Stadium,Delhi Daredevils,Rajasthan Royals,175,160,15,120,7,7,13,8,51,20.0,8.75,21,100,57.14,42.5
829779,1,2015-05-04,2015,2015,"MA Chidambaram Stadium, Chepauk",Chennai Super Kings,Royal Challengers Bangalore,148,143,5,120,9,8,12,5,47,20.0,7.4,17,78,52.7,39.17
829779,2,2015-05-04,2015,2015,"MA Chidambaram Stadium, Chepauk",Royal Challengers Bangalore,Chennai Super Kings,124,122,2,118,10,8,15,1,56,19.67,6.31,16,66,53.23,47.46
829781,1,2015-05-04,2015,2015,Eden Gardens,Kolkata Knight Riders,Sunrisers Hyderabad,167,160,7,120,7,6,16,3,37,20.0,8.35,19,82,49.1,30.83
829781,2,2015-05-04,2015,2015,Eden Gardens,Sunrisers Hyderabad,Kolkata Knight Riders,132,128,4,120,9,7,8,6,49,20.0,6.6,14,68,51.52,40.83
829783,1,2015-05-05,2015,2015,Wankhede Stadium,Delhi Daredevils,Mumbai Indians,152,148,4,120,6,6,15,6,51,20.0,7.6,21,96,63.16,42.5
829783,2,2015-05-05,2015,2015,Wankhede Stadium,Mumbai Indians,Delhi Daredevils,153,144,9,117,5,5,9,7,41,19.5,7.85,16,78,50.98,35.04
829785,1,2015-05-06,2015,2015,M Chinnaswamy Stadium,Royal Challengers Bangalore,Kings XI Punjab,226,215,11,120,3,3,14,18,38,20.0,11.3,32,164,72.57,31.67
829785,2,2015-05-06,2015,2015,M Chinnaswamy Stadium,Kings XI Punjab,Royal Challengers Bangalore,88,79,9,82,10,10,8,3,44,13.67,6.44,11,50,56.82,53.66
829787,1,2015-05-07,2015,2015,Brabourne Stadium,Sunrisers Hyderabad,Rajasthan Royals,201,186,15,120,4,4,21,7,41,20.0,10.05,28,126,62.69,34.17
829787,2,2015-05-07,2015,2015,Brabourne Stadium,Rajasthan Royals,Sunrisers Hyderabad,194,187,7,120,7,7,18,10,41,20.0,9.7,28,132,68.04,34.17
829789,1,2015-05-08,2015,2015,"MA Chidambaram Stadium, Chepauk",Chennai Super Kings,Mumbai Indians,158,152,6,120,5,4,14,5,46,20.0,7.9,19,86,54.43,38.33
829789,2,2015-05-08,2015,2015,"MA Chidambaram Stadium, Chepauk",Mumbai Indians,Chennai Super Kings,159,157,2,116,4,3,10,8,39,19.33,8.22,18,88,55.35,33.62
829791,1,2015-05-09,2015,2015,Eden Gardens,Kings XI Punjab,Kolkata Knight Riders,183,174,9,120,5,5,11,11,40,20.0,9.15,22,110,60.11,33.33
829791,2,2015-05-09,2015,2015,Eden Gardens,Kolkata Knight Riders,Kings XI Punjab,184,177,7,119,9,7,20,8,40,19.83,9.28,28,128,69.57,33.61
829793,1,2015-05-09,2015,2015,Shaheed Veer Narayan Singh International Stadium,Sunrisers Hyderabad,Delhi Daredevils,163,159,4,120,4,4,9,6,39,20.0,8.15,15,72,44.17,32.5
829793,2,2015-05-09,2015,2015,Shaheed Veer Narayan Singh International Stadium,Delhi Daredevils,Sunrisers Hyderabad,157,153,4,120,4,4,19,4,48,20.0,7.85,23,100,63.69,40.0
829795,1,2015-05-10,2015,2015,Wankhede Stadium,Royal Challengers Bangalore,Mumbai Indians,235,228,7,120,1,1,26,9,27,20.0,11.75,35,158,67.23,22.5
829795,2,2015-05-10,2015,2015,Wankhede Stadium,Mumbai Indians,Royal Challengers Bangalore,196,192,4,120,7,6,15,11,36,20.0,9.8,26,126,64.29,30.0
829797,1,2015-05-10,2015,2015,"MA Chidambaram Stadium, Chepauk",Chennai Super Kings,Rajasthan Royals,157,149,8,120,5,4,14,5,46,20.0,7.85,19,86,54.78,38.33
829797,2,2015-05-10,2015,2015,"MA Chidambaram Stadium, Chepauk",Rajasthan Royals,Chennai Super Kings,145,139,6,120,9,9,11,3,40,20.0,7.25,14,62,42.76,33.33
829799,1,2015-05-11,2015,2015,"Rajiv Gandhi International Stadium, Uppal",Sunrisers Hyderabad,Kings XI Punjab,185,180,5,120,5,4,16,9,41,20.0,9.25,25,118,63.78,34.17
829799,2,2015-05-11,2015,2015,"Rajiv Gandhi International Stadium, Uppal",Kings XI Punjab,Sunrisers Hyderabad,180,173,7,120,7,7,11,12,43,20.0,9.0,23,116,64.44,35.83
829801,1,2015-05-12,2015,2015,Shaheed Veer Narayan Singh International Stadium,Chennai Super Kings,Delhi Daredevils,119,112,7,120,6,6,10,3,56,20.0,5.95,13,58,48.74,46.67
829801,2,2015-05-12,2015,2015,Shaheed Veer Narayan Singh International Stadium,Delhi Daredevils,Chennai Super Kings,120,120,0,100,4,4,15,3,43,16.67,7.2,18,78,65.0,43.0
829803,1,2015-05-13,2015,2015,"Punjab Cricket Association Stadium, Mohali",Kings XI Punjab,Royal Challengers Bangalore,106,102,4,60,6,6,8,5,13,10.0,10.6,13,62,58.49,21.67
829803,2,2015-05-13,2015,2015,"Punjab Cricket Association Stadium, Mohali",Royal Challengers Bangalore,Kings XI Punjab,84,76,8,60,6,6,6,2,15,10.0,8.4,8,36,42.86,25.0
829805,1,2015-05-14,2015,2015,Wankhede Stadium,Mumbai Indians,Kolkata Knight Riders,171,161,10,120,4,4,18,4,41,20.0,8.55,22,96,56.14,34.17
829805,2,2015-05-14,2015,2015,Wankhede Stadium,Kolkata Knight Riders,Mumbai Indians,166,158,8,120,7,6,19,3,42,20.0,8.3,22,94,56.63,35.0
829807,1,2015-05-15,2015,2015,"Rajiv Gandhi International Stadium, Uppal",Sunrisers Hyderabad,Royal Challengers Bangalore,135,128,7,66,3,3,11,6,11,11.0,12.27,17,80,59.26,16.67
829807,2,2015-05-15,2015,2015,"Rajiv Gandhi International Stadium, Uppal",Royal Challengers Bangalore,Sunrisers Hyderabad,83,82,1,35,4,3,7,6,9,5.83,14.23,13,64,77.11,25.71
829809,1,2015-05-16,2015,2015,"Punjab Cricket Association Stadium, Mohali",Kings XI Punjab,Chennai Super Kings,130,121,9,120,7,7,11,4,54,20.0,6.5,15,68,52.31,45.0
829809,2,2015-05-16,2015,2015,"Punjab Cricket Association Stadium, Mohali",Chennai Super Kings,Kings XI Punjab,134,128,6,101,3,3,12,3,36,16.83,7.96,15,66,49.25,35.64
829811,1,2015-05-16,2015,2015,Brabourne Stadium,Rajasthan Royals,Kolkata Knight Riders,199,189,10,120,6,4,19,7,33,20.0,9.95,26,118,59.3,27.5
829811,2,2015-05-16,2015,2015,Brabourne Stadium,Kolkata Knight Riders,Rajasthan Royals,190,164,26,120,9,9,22,4,43,20.0,9.5,26,112,58.95,35.83
829813,1,2015-05-17,2015,2015,M Chinnaswamy Stadium,Delhi Daredevils,Royal Challengers Bangalore,187,181,6,120,5,4,14,9,31,20.0,9.35,23,110,58.82,25.83
829813,2,2015-05-17,2015,2015,M Chinnaswamy Stadium,Royal Challengers Bangalore,Delhi Daredevils,2,2,0,7,0,0,0,0,5,1.17,1.71,0,0,0.0,71.43
829815,1,2015-05-17,2015,2015,"Rajiv Gandhi International Stadium, Uppal",Sunrisers Hyderabad,Mumbai Indians,113,107,6,120,10,9,8,1,49,20.0,5.65,9,38,33.63,40.83
829815,2,2015-05-17,2015,2015,"Rajiv Gandhi International Stadium, Uppal",Mumbai Indians,Sunrisers Hyderabad,114,106,8,83,1,1,13,3,32,13.83,8.24,16,70,61.4,38.55
829817,1,2015-05-19,2015,2015,Wankhede Stadium,Mumbai Indians,Chennai Super Kings,187,178,9,120,6,6,11,12,42,20.0,9.35,23,116,62.03,35.0
829817,2,2015-05-19,2015,2015,Wankhede Stadium,Chennai Super Kings,Mumbai Indians,162,154,8,114,10,9,11,7,33,19.0,8.53,18,86,53.09,28.95
829819,1,2015-05-20,2015,2015,Maharashtra Cricket Association Stadium,Royal Challengers Bangalore,Rajasthan Royals,180,168,12,120,4,3,15,8,43,20.0,9.0,23,108,60.0,35.83
829819,2,2015-05-20,2015,2015,Maharashtra Cricket Association Stadium,Rajasthan Royals,Royal Challengers Bangalore,109,106,3,114,10,9,11,0,51,19.0,5.74,11,44,40.37,44.74
829821,1,2015-05-22,2015,2015,JSCA International Stadium Complex,Royal Challengers Bangalore,Chennai Super Kings,139,132,7,120,8,7,11,5,54,20.0,6.95,16,74,53.24,45.0
829821,2,2015-05-22,2015,2015,JSCA International Stadium Complex,Chennai Super Kings,Royal Challengers Bangalore,140,133,7,119,7,6,9,3,39,19.83,7.06,12,54,38.57,32.77
829823,1,2015-05-24,2015,2015,Eden Gardens,Mumbai Indians,Chennai Super Kings,202,196,6,120,5,4,16,12,40,20.0,10.1,28,136,67.33,33.33
829823,2,2015-05-24,2015,2015,Eden Gardens,Chennai Super Kings,Mumbai Indians,161,154,7,120,8,8,16,6,50,20.0,8.05,22,100,62.11,41.67
980901,1,2016-04-09,2016,2016,Wankhede Stadium,Mumbai Indians,Rising Pune Supergiants,121,108,13,120,8,8,12,3,66,20.0,6.05,15,66,54.55,55.0
980901,2,2016-04-09,2016,2016,Wankhede Stadium,Rising Pune Supergiants,Mumbai Indians,126,121,5,88,1,1,8,8,38,14.67,8.59,16,80,63.49,43.18
980903,1,2016-04-10,2016,2016,Eden Gardens,Delhi Daredevils,Kolkata Knight Riders,98,86,12,106,10,10,8,3,66,17.67,5.55,11,50,51.02,62.26
980903,2,2016-04-10,2016,2016,Eden Gardens,Kolkata Knight Riders,Delhi Daredevils,99,88,11,85,1,1,15,0,42,14.17,6.99,15,60,60.61,49.41
980905,1,2016-04-11,2016,2016,"Punjab Cricket Association IS Bindra Stadium, Mohali",Kings XI Punjab,Gujarat Lions,161,154,7,120,6,6,14,4,39,20.0,8.05,18,80,49.69,32.5
980905,2,2016-04-11,2016,2016,"Punjab Cricket Association IS Bindra Stadium, Mohali",Gujarat Lions,Kings XI Punjab,162,156,6,106,5,4,22,2,31,17.67,9.17,24,100,61.73,29.25
980907,1,2016-04-12,2016,2016,M Chinnaswamy Stadium,Royal Challengers Bangalore,Sunrisers Hyderabad,227,220,7,120,4,4,20,14,35,20.0,11.35,34,164,72.25,29.17
980907,2,2016-04-12,2016,2016,M Chinnaswamy Stadium,Sunrisers Hyderabad,Royal Challengers Bangalore,182,171,11,120,6,6,15,9,47,20.0,9.1,24,114,62.64,39.17
980909,1,2016-04-13,2016,2016,Eden Gardens,Kolkata Knight Riders,Mumbai Indians,187,177,10,120,5,4,11,8,29,20.0,9.35,19,92,49.2,24.17
980909,2,2016-04-13,2016,2016,Eden Gardens,Mumbai Indians,Kolkata Knight Riders,188,178,10,115,4,3,17,9,38,19.17,9.81,26,122,64.89,33.04
980911,1,2016-04-14,2016,2016,Saurashtra Cricket Association Stadium,Rising Pune Supergiants,Gujarat Lions,163,161,2,120,5,5,13,6,39,20.0,8.15,19,88,53.99,32.5
980911,2,2016-04-14,2016,2016,Saurashtra Cricket Association Stadium,Gujarat Lions,Rising Pune Supergiants,164,149,15,108,3,3,14,6,35,18.0,9.11,20,92,56.1,32.41
980913,1,2016-04-15,2016,2016,Feroz Shah Kotla,Kings XI Punjab,Delhi Daredevils,111,107,4,120,9,7,11,2,67,20.0,5.55,13,56,50.45,55.83
980913,2,2016-04-15,2016,2016,Feroz Shah Kotla,Delhi Daredevils,Kings XI Punjab,113,103,10,81,2,2,12,3,31,13.5,8.37,15,66,58.41,38.27
980915,1,2016-04-16,2016,2016,"Rajiv Gandhi International Stadium, Uppal",Sunrisers Hyderabad,Kolkata Knight Riders,142,134,8,120,7,6,9,5,48,20.0,7.1,14,66,46.48,40.0
980915,2,2016-04-16,2016,2016,"Rajiv Gandhi International Stadium, Uppal",Kolkata Knight Riders,Sunrisers Hyderabad,146,141,5,110,2,2,16,2,36,18.33,7.96,18,76,52.05,32.73
980917,1,2016-04-16,2016,2016,Wankhede Stadium,Mumbai Indians,Gujarat Lions,143,133,10,120,8,7,11,5,55,20.0,7.15,16,74,51.75,45.83
980917,2,2016-04-16,2016,2016,Wankhede Stadium,Gujarat Lions,Mumbai Indians,147,136,11,120,7,7,14,3,47,20.0,7.35,17,74,50.34,39.17
980919,1,2016-04-17,2016,2016,"Punjab Cricket Association IS Bindra Stadium, Mohali",Rising Pune Supergiants,Kings XI Punjab,152,141,11,120,7,6,18,0,38,20.0,7.6,18,72,47.37,31.67
980919,2,2016-04-17,2016,2016,"Punjab Cricket Association IS Bindra Stadium, Mohali",Kings XI Punjab,Rising Pune Supergiants,153,151,2,112,4,4,15,4,36,18.67,8.2,19,84,54.9,32.14
980921,1,2016-04-17,2016,2016,M Chinnaswamy Stadium,Royal Challengers Bangalore,Delhi Daredevils,191,182,9,120,5,4,19,7,30,20.0,9.55,26,118,61.78,25.0
980921,2,2016-04-17,2016,2016,M Chinnaswamy Stadium,Delhi Daredevils,Royal Challengers Bangalore,192,178,14,115,3,3,22,4,32,19.17,10.02,26,112,58.33,27.83
980923,1,2016-04-18,2016,2016,"Rajiv Gandhi International Stadium, Uppal",Mumbai Indians,Sunrisers Hyderabad,142,134,8,120,6,5,9,5,47,20.0,7.1,14,66,46.48,39.17
980923,2,2016-04-18,2016,2016,"Rajiv Gandhi International Stadium, Uppal",Sunrisers Hyderabad,Mumbai Indians,145,140,5,105,3,3,11,5,35,17.5,8.29,16,74,51.03,33.33
980925,1,2016-04-19,2016,2016,"Punjab Cricket Association IS Bindra Stadium, Mohali",Kings XI Punjab,Kolkata Knight Riders,138,131,7,120,8,7,10,2,43,20.0,6.9,12,52,37.68,35.83
980925,2,2016-04-19,2016,2016,"Punjab Cricket Association IS Bindra Stadium, Mohali",Kolkata Knight Riders,Kings XI Punjab,141,133,8,103,4,4,18,0,30,17.17,8.21,18,72,51.06,29.13
980927,1,2016-04-20,2016,2016,Wankhede Stadium,Royal Challengers Bangalore,Mumbai Indians,170,157,13,120,7,6,12,7,41,20.0,8.5,19,90,52.94,34.17
980927,2,2016-04-20,2016,2016,Wankhede Stadium,Mumbai Indians,Royal Challengers Bangalore,171,167,4,108,4,4,16,8,36,18.0,9.5,24,112,65.5,33.33
980929,1,2016-04-21,2016,2016,Saurashtra Cricket Association Stadium,Gujarat Lions,Sunrisers Hyderabad,135,130,5,120,8,8,11,1,36,20.0,6.75,12,50,37.04,30.0
980929,2,2016-04-21,2016,2016,Saurashtra Cricket Association Stadium,Sunrisers Hyderabad,Gujarat Lions,137,127,10,89,0,0,14,0,21,14.83,9.24,14,56,40.88,23.6
980931,1,2016-04-22,2016,2016,Maharashtra Cricket Association Stadium,Royal Challengers Bangalore,Rising Pune Supergiants,185,173,12,120,3,3,14,6,27,20.0,9.25,20,92,49.73,22.5
980931,2,2016-04-22,2016,2016,Maharashtra Cricket Association Stadium,Rising Pune Supergiants,Royal Challengers Bangalore,172,165,7,120,9,7,16,4,34,20.0,8.6,20,88,51.16,28.33
980933,1,2016-04-23,2016,2016,Feroz Shah Kotla,Delhi Daredevils,Mumbai Indians,164,152,12,120,4,4,12,5,33,20.0,8.2,17,78,47.56,27.5
980933,2,2016-04-23,2016,2016,Feroz Shah Kotla,Mumbai Indians,Delhi Daredevils,154,151,3,120,7,4,15,4,40,20.0,7.7,19,84,54.55,33.33
980935,1,2016-04-23,2016,2016,"Rajiv Gandhi International Stadium, Uppal",Kings XI Punjab,Sunrisers Hyderabad,143,138,5,120,6,5,9,6,47,20.0,7.15,15,72,50.35,39.17
980935,2,2016-04-23,2016,2016,"Rajiv Gandhi International Stadium, Uppal",Sunrisers Hyderabad,Kings XI Punjab,146,141,5,107,5,3,14,4,39,17.83,8.19,18,80,54.79,36.45
980937,1,2016-04-24,2016,2016,Saurashtra Cricket Association Stadium,Royal Challengers Bangalore,Gujarat Lions,180,177,3,120,2,2,18,4,27,20.0,9.0,22,96,53.33,22.5
980937,2,2016-04-24,2016,2016,Saurashtra Cricket Association Stadium,Gujarat Lions,Royal Challengers Bangalore,182,168,14,117,4,4,15,5,31,19.5,9.33,20,90,49.45,26.5
980939,1,2016-04-24,2016,2016,Maharashtra Cricket Association Stadium,Rising Pune Supergiants,Kolkata Knight Riders,160,154,6,120,5,4,8,7,34,20.0,8.0,15,74,46.25,28.33
980939,2,2016-04-24,2016,2016,Maharashtra Cricket Association Stadium,Kolkata Knight Riders,Rising Pune Supergiants,162,152,10,117,8,7,11,8,40,19.5,8.31,19,92,56.79,34.19
980941,1,2016-04-25,2016,2016,"Punjab Cricket Association IS Bindra Stadium, Mohali",Mumbai Indians,Kings XI Punjab,189,184,5,120,6,6,18,7,33,20.0,9.45,25,114,60.32,27.5
980941,2,2016-04-25,2016,2016,"Punjab Cricket Association IS Bindra Stadium, Mohali",Kings XI Punjab,Mumbai Indians,164,159,5,120,7,7,11,5,33,20.0,8.2,16,74,45.12,27.5
980943,1,2016-04-26,2016,2016,"Rajiv Gandhi International Stadium, Uppal",Sunrisers Hyderabad,Rising Pune Supergiants,118,110,8,120,8,7,6,3,54,20.0,5.9,9,42,35.59,45.0
980943,2,2016-04-26,2016,2016,"Rajiv Gandhi International Stadium, Uppal",Rising Pune Supergiants,Sunrisers Hyderabad,94,81,13,66,3,3,11,2,31,11.0,8.55,13,56,59.57,46.97
980945,1,2016-04-27,2016,2016,Feroz Shah Kotla,Gujarat Lions,Delhi Daredevils,172,169,3,120,6,6,14,7,35,20.0,8.6,21,98,56.98,29.17
980945,2,2016-04-27,2016,2016,Feroz Shah Kotla,Delhi Daredevils,Gujarat Lions,171,168,3,120,5,5,11,9,39,20.0,8.55,20,98,57.31,32.5
980947,1,2016-04-28,2016,2016,Wankhede Stadium,Kolkata Knight Riders,Mumbai Indians,174,173,1,120,5,5,17,3,30,20.0,8.7,20,86,49.43,25.0
980947,2,2016-04-28,2016,2016,Wankhede Stadium,Mumbai Indians,Kolkata Knight Riders,178,173,5,108,4,4,18,9,37,18.0,9.89,27,126,70.79,34.26
980949,1,2016-04-29,2016,2016,Maharashtra Cricket Association Stadium,Rising Pune Supergiants,Gujarat Lions,195,188,7,120,3,1,15,7,27,20.0,9.75,22,102,52.31,22.5
980949,2,2016-04-29,2016,2016,Maharashtra Cricket Association Stadium,Gujarat Lions,Rising Pune Supergiants,196,189,7,120,7,5,22,3,30,20.0,9.8,25,106,54.08,25.0
980951,1,2016-04-30,2016,2016,Feroz Shah Kotla,Delhi Daredevils,Kolkata Knight Riders,186,176,10,120,8,7,17,6,35,20.0,9.3,23,104,55.91,29.17
980951,2,2016-04-30,2016,2016,Feroz Shah Kotla,Kolkata Knight Riders,Delhi Daredevils,159,146,13,111,10,8,13,4,31,18.5,8.59,17,76,47.8,27.93
980953,1,2016-04-30,2016,2016,"Rajiv Gandhi International Stadium, Uppal",Sunrisers Hyderabad,Royal Challengers Bangalore,194,189,5,120,5,4,19,8,36,20.0,9.7,27,124,63.92,30.0
980953,2,2016-04-30,2016,2016,"Rajiv Gandhi International Stadium, Uppal",Royal Challengers Bangalore,Sunrisers Hyderabad,179,176,3,120,6,5,14,6,30,20.0,8.95,20,92,51.4,25.0
980955,1,2016-05-01,2016,2016,Saurashtra Cricket Association Stadium,Kings XI Punjab,Gujarat Lions,154,150,4,119,10,9,15,1,38,19.83,7.76,16,66,42.86,31.93
980955,2,2016-05-01,2016,2016,Saurashtra Cricket Association Stadium,Gujarat Lions,Kings XI Punjab,131,127,4,120,9,8,11,2,48,20.0,6.55,13,56,42.75,40.0
980957,1,2016-05-01,2016,2016,Maharashtra Cricket Association Stadium,Rising Pune Supergiants,Mumbai Indians,159,151,8,120,5,5,10,6,42,20.0,7.95,16,76,47.8,35.0
980957,2,2016-05-01,2016,2016,Maharashtra Cricket Association Stadium,Mumbai Indians,Rising Pune Supergiants,161,155,6,111,2,2,15,5,33,18.5,8.7,20,90,55.9,29.73
980959,1,2016-05-02,2016,2016,M Chinnaswamy Stadium,Royal Challengers Bangalore,Kolkata Knight Riders,185,181,4,120,7,6,18,7,37,20.0,9.25,25,114,61.62,30.83
980959,2,2016-05-02,2016,2016,M Chinnaswamy Stadium,Kolkata Knight Riders,Royal Challengers Bangalore,189,170,19,115,5,5,13,9,34,19.17,9.86,22,106,56.08,29.57
980961,1,2016-05-03,2016,2016,Saurashtra Cricket Association Stadium,Gujarat Lions,Delhi Daredevils,149,143,6,120,7,6,14,2,43,20.0,7.45,16,68,45.64,35.83
980961,2,2016-05-03,2016,2016,Saurashtra Cricket Association Stadium,Delhi Daredevils,Gujarat Lions,150,147,3,104,2,2,16,4,32,17.33,8.65,20,88,58.67,30.77
980963,1,2016-05-04,2016,2016,Eden Gardens,Kolkata Knight Riders,Kings XI Punjab,164,159,5,120,3,0,13,5,29,20.0,8.2,18,82,50.0,24.17
980963,2,2016-05-04,2016,2016,Eden Gardens,Kings XI Punjab,Kolkata Knight Riders,157,145,12,120,9,7,12,6,46,20.0,7.85,18,84,53.5,38.33
980965,1,2016-05-05,2016,2016,Feroz Shah Kotla,Delhi Daredevils,Rising Pune Supergiants,162,154,8,120,7,5,11,6,38,20.0,8.1,17,80,49.38,31.67
980965,2,2016-05-05,2016,2016,Feroz Shah Kotla,Rising Pune Supergiants,Delhi Daredevils,166,155,11,115,3,3,11,6,30,19.17,8.66,17,80,48.19,26.09
980967,1,2016-05-06,2016,2016,"Rajiv Gandhi International Stadium, Uppal",Gujarat Lions,Sunrisers Hyderabad,126,121,5,120,6,6,8,3,49,20.0,6.3,11,50,39.68,40.83
980967,2,2016-05-06,2016,2016,"Rajiv Gandhi International Stadium, Uppal",Sunrisers Hyderabad,Gujarat Lions,129,123,6,114,5,5,13,2,49,19.0,6.79,15,64,49.61,42.98
980969,1,2016-05-07,2016,2016,M Chinnaswamy Stadium,Rising Pune Supergiants,Royal Challengers Bangalore,191,184,7,120,6,5,20,7,39,20.0,9.55,27,122,63.87,32.5
980969,2,2016-05-07,2016,2016,M Chinnaswamy Stadium,Royal Challengers Bangalore,Rising Pune Supergiants,195,189,6,117,3,3,14,11,28,19.5,10.0,25,122,62.56,23.93
980971,1,2016-05-07,2016,2016,"Punjab Cricket Association IS Bindra Stadium, Mohali",Kings XI Punjab,Delhi Daredevils,181,173,8,120,5,4,15,5,32,20.0,9.05,20,90,49.72,26.67
980971,2,2016-05-07,2016,2016,"Punjab Cricket Association IS Bindra Stadium, Mohali",Delhi Daredevils,Kings XI Punjab,172,163,9,120,5,5,13,5,34,20.0,8.6,18,82,47.67,28.33
980973,1,2016-05-08,2016,2016,Dr. Y.S. Rajasekhara Reddy ACA-VDCA Cricket Stadium,Sunrisers Hyderabad,Mumbai Indians,177,172,5,120,3,3,20,4,37,20.0,8.85,24,104,58.76,30.83
980973,2,2016-05-08,2016,2016,Dr. Y.S. Rajasekhara Reddy ACA-VDCA Cricket Stadium,Mumbai Indians,Sunrisers Hyderabad,92,86,6,99,10,10,10,1,51,16.5,5.58,11,46,50.0,51.52
980975,1,2016-05-08,2016,2016,Eden Gardens,Kolkata Knight Riders,Gujarat Lions,158,152,6,120,4,4,14,5,43,20.0,7.9,19,86,54.43,35.83
980975,2,2016-05-08,2016,2016,Eden Gardens,Gujarat Lions,Kolkata Knight Riders,164,159,5,108,5,4,19,7,44,18.0,9.11,26,118,71.95,40.74
980977,1,2016-05-09,2016,2016,"Punjab Cricket Association IS Bindra Stadium, Mohali",Royal Challengers Bangalore,Kings XI Punjab,175,171,4,120,6,5,15,3,31,20.0,8.75,18,78,44.57,25.83
980977,2,2016-05-09,2016,2016,"Punjab Cricket Association IS Bindra Stadium, Mohali",Kings XI Punjab,Royal Challengers Bangalore,174,169,5,120,4,3,19,2,28,20.0,8.7,21,88,50.57,23.33
980979,1,2016-05-10,2016,2016,Dr. Y.S. Rajasekhara Reddy ACA-VDCA Cricket Stadium,Sunrisers Hyderabad,Rising Pune Supergiants,137,132,5,120,8,8,8,7,53,20.0,6.85,15,74,54.01,44.17
980979,2,2016-05-10,2016,2016,Dr. Y.S. Rajasekhara Reddy ACA-VDCA Cricket Stadium,Rising Pune Supergiants,Sunrisers Hyderabad,133,130,3,120,8,6,10,4,44,20.0,6.65,14,64,48.12,36.67
980981,1,2016-05-11,2016,2016,M Chinnaswamy Stadium,Royal Challengers Bangalore,Mumbai Indians,151,144,7,120,4,3,8,9,46,20.0,7.55,17,86,56.95,38.33
980981,2,2016-05-11,2016,2016,M Chinnaswamy Stadium,Mumbai Indians,Royal Challengers Bangalore,153,143,10,112,4,4,9,8,43,18.67,8.2,17,84,54.9,38.39
980983,1,2016-05-12,2016,2016,"Rajiv Gandhi International Stadium, Uppal",Sunrisers Hyderabad,Delhi Daredevils,146,135,11,120,8,7,14,2,41,20.0,7.3,16,68,46.58,34.17
980983,2,2016-05-12,2016,2016,"Rajiv Gandhi International Stadium, Uppal",Delhi Daredevils,Sunrisers Hyderabad,150,147,3,109,3,3,12,7,41,18.17,8.26,19,90,60.0,37.61
980985,1,2016-05-13,2016,2016,Dr. Y.S. Rajasekhara Reddy ACA-VDCA Cricket Stadium,Mumbai Indians,Kings XI Punjab,124,116,8,120,9,9,5,8,62,20.0,6.2,13,68,54.84,51.67
980985,2,2016-05-13,2016,2016,Dr. Y.S. Rajasekhara Reddy ACA-VDCA Cricket Stadium,Kings XI Punjab,Mumbai Indians,127,116,11,102,3,3,12,2,37,17.0,7.47,14,60,47.24,36.27
980987,1,2016-05-14,2016,2016,M Chinnaswamy Stadium,Royal Challengers Bangalore,Gujarat Lions,248,244,4,120,3,3,17,20,34,20.0,12.4,37,188,75.81,28.33
980987,2,2016-05-14,2016,2016,M Chinnaswamy Stadium,Gujarat Lions,Royal Challengers Bangalore,104,92,12,112,10,10,9,2,56,18.67,5.57,11,48,46.15,50.0
980989,1,2016-05-14,2016,2016,Eden Gardens,Rising Pune Supergiants,Kolkata Knight Riders,103,97,6,106,6,5,7,2,48,17.67,5.83,9,40,38.83,45.28
980989,2,2016-05-14,2016,2016,Eden Gardens,Kolkata Knight Riders,Rising Pune Supergiants,66,56,10,30,2,2,6,3,9,5.0,13.2,9,42,63.64,30.0
980991,1,2016-05-15,2016,2016,"Punjab Cricket Association IS Bindra Stadium, Mohali",Kings XI Punjab,Sunrisers Hyderabad,179,176,3,120,4,4,23,3,34,20.0,8.95,26,110,61.45,28.33
980991,2,2016-05-15,2016,2016,"Punjab Cricket Association IS Bindra Stadium, Mohali",Sunrisers Hyderabad,Kings XI Punjab,180,171,9,118,3,2,15,7,33,19.67,9.15,22,102,56.67,27.97
980993,1,2016-05-15,2016,2016,Dr. Y.S. Rajasekhara Reddy ACA-VDCA Cricket Stadium,Mumbai Indians,Delhi Daredevils,206,199,7,120,4,4,13,14,39,20.0,10.3,27,136,66.02,32.5
980993,2,2016-05-15,2016,2016,Dr. Y.S. Rajasekhara Reddy ACA-VDCA Cricket Stadium,Delhi Daredevils,Mumbai Indians,126,123,3,115,10,7,11,5,51,19.17,6.57,16,74,58.73,44.35
980995,1,2016-05-16,2016,2016,Eden Gardens,Kolkata Knight Riders,Royal Challengers Bangalore,183,171,12,120,5,4,16,6,32,20.0,9.15,22,100,54.64,26.67
980995,2,2016-05-16,2016,2016,Eden Gardens,Royal Challengers Bangalore,Kolkata Knight Riders,186,183,3,112,1,1,15,10,35,18.67,9.96,25,120,64.52,31.25
980997,1,2016-05-17,2016,2016,Dr. Y.S. Rajasekhara Reddy ACA-VDCA Cricket Stadium,Delhi Daredevils,Rising Pune Supergiants,121,119,2,120,6,6,11,2,52,20.0,6.05,13,56,46.28,43.33
980997,2,2016-05-17,2016,2016,Dr. Y.S. Rajasekhara Reddy ACA-VDCA Cricket Stadium,Rising Pune Supergiants,Delhi Daredevils,76,69,7,66,1,1,10,1,31,11.0,6.91,11,46,60.53,46.97
980999,1,2016-05-18,2016,2016,M Chinnaswamy Stadium,Royal Challengers Bangalore,Kings XI Punjab,211,203,8,90,3,3,19,16,29,15.0,14.07,35,172,81.52,32.22
980999,2,2016-05-18,2016,2016,M Chinnaswamy Stadium,Kings XI Punjab,Royal Challengers Bangalore,120,114,6,84,9,8,12,4,26,14.0,8.57,16,72,60.0,30.95
981001,1,2016-05-19,2016,2016,Green Park,Kolkata Knight Riders,Gujarat Lions,124,117,7,120,8,7,10,4,53,20.0,6.2,14,64,51.61,44.17
981001,2,2016-05-19,2016,2016,Green Park,Gujarat Lions,Kolkata Knight Riders,125,108,17,81,4,3,11,4,30,13.5,9.26,15,68,54.4,37.04
981003,1,2016-05-20,2016,2016,Shaheed Veer Narayan Singh International Stadium,Sunrisers Hyderabad,Delhi Daredevils,158,155,3,120,7,4,15,3,38,20.0,7.9,18,78,49.37,31.67
981003,2,2016-05-20,2016,2016,Shaheed Veer Narayan Singh International Stadium,Delhi Daredevils,Sunrisers Hyderabad,161,147,14,120,4,3,14,3,38,20.0,8.05,17,74,45.96,31.67
981005,1,2016-05-21,2016,2016,Dr. Y.S. Rajasekhara Reddy ACA-VDCA Cricket Stadium,Kings XI Punjab,Rising Pune Supergiants,172,168,4,120,7,7,13,8,38,20.0,8.6,21,100,58.14,31.67
981005,2,2016-05-21,2016,2016,Dr. Y.S. Rajasekhara Reddy ACA-VDCA Cricket Stadium,Rising Pune Supergiants,Kings XI Punjab,173,165,8,120,6,6,14,8,46,20.0,8.65,22,104,60.12,38.33
981007,1,2016-05-21,2016,2016,Green Park,Mumbai Indians,Gujarat Lions,172,164,8,120,8,8,17,7,45,20.0,8.6,24,110,63.95,37.5
981007,2,2016-05-21,2016,2016,Green Park,Gujarat Lions,Mumbai Indians,173,167,6,107,4,4,24,5,37,17.83,9.7,29,126,72.83,34.58
981009,1,2016-05-22,2016,2016,Eden Gardens,Kolkata Knight Riders,Sunrisers Hyderabad,171,167,4,120,6,6,13,5,28,20.0,8.55,18,82,47.95,23.33
981009,2,2016-05-22,2016,2016,Eden Gardens,Sunrisers Hyderabad,Kolkata Knight Riders,149,138,11,120,8,7,9,6,45,20.0,7.45,15,72,48.32,37.5
981011,1,2016-05-22,2016,2016,Shaheed Veer Narayan Singh International Stadium,Delhi Daredevils,Royal Challengers Bangalore,138,132,6,120,8,7,9,3,39,20.0,6.9,12,54,39.13,32.5
981011,2,2016-05-22,2016,2016,Shaheed Veer Narayan Singh International Stadium,Royal Challengers Bangalore,Delhi Daredevils,139,129,10,109,4,4,13,2,41,18.17,7.65,15,64,46.04,37.61
981013,1,2016-05-24,2016,2016,M Chinnaswamy Stadium,Gujarat Lions,Royal Challengers Bangalore,158,147,11,120,10,9,12,8,47,20.0,7.9,20,96,60.76,39.17
981013,2,2016-05-24,2016,2016,M Chinnaswamy Stadium,Royal Challengers Bangalore,Gujarat Lions,159,143,16,110,6,6,12,7,40,18.33,8.67,19,90,56.6,36.36
981015,1,2016-05-25,2016,2016,Feroz Shah Kotla,Sunrisers Hyderabad,Kolkata Knight Riders,162,156,6,120,8,7,14,7,45,20.0,8.1,21,98,60.49,37.5
981015,2,2016-05-25,2016,2016,Feroz Shah Kotla,Kolkata Knight Riders,Sunrisers Hyderabad,140,131,9,120,8,7,8,3,38,20.0,7.0,11,50,35.71,31.67
981017,1,2016-05-27,2016,2016,Feroz Shah Kotla,Gujarat Lions,Sunrisers Hyderabad,162,157,5,120,7,6,22,3,49,20.0,8.1,25,106,65.43,40.83
981017,2,2016-05-27,2016,2016,Feroz Shah Kotla,Sunrisers Hyderabad,Gujarat Lions,163,161,2,116,6,5,15,7,42,19.33,8.43,22,102,62.58,36.21
981019,1,2016-05-29,2016,2016,M Chinnaswamy Stadium,Sunrisers Hyderabad,Royal Challengers Bangalore,208,194,14,120,7,6,20,10,36,20.0,10.4,30,140,67.31,30.0
981019,2,2016-05-29,2016,2016,M Chinnaswamy Stadium,Royal Challengers Bangalore,Sunrisers Hyderabad,200,191,9,120,7,5,12,13,36,20.0,10.0,25,126,63.0,30.0
1082591,1,2017-04-05,2017,2017,"Rajiv Gandhi International Stadium, Uppal",Sunrisers Hyderabad,Royal Challengers Bangalore,207,200,7,120,4,4,17,9,26,20.0,10.35,26,122,58.94,21.67
1082591,2,2017-04-05,2017,2017,"Rajiv Gandhi International Stadium, Uppal",Royal Challengers Bangalore,Sunrisers Hyderabad,172,166,6,118,10,8,15,8,44,19.67,8.75,23,108,62.79,37.29
1082592,1,2017-04-06,2017,2017,Maharashtra Cricket Association Stadium,Mumbai Indians,Rising Pune Supergiant,184,176,8,120,8,7,12,11,41,20.0,9.2,23,114,61.96,34.17
1082592,2,2017-04-06,2017,2017,Maharashtra Cricket Association Stadium,Rising Pune Supergiant,Mumbai Indians,187,183,4,119,3,3,18,6,29,19.83,9.43,24,108,57.75,24.37
1082593,1,2017-04-07,2017,2017,Saurashtra Cricket Association Stadium,Gujarat Lions,Kolkata Knight Riders,183,179,4,120,4,4,20,6,35,20.0,9.15,26,116,63.39,29.17
1082593,2,2017-04-07,2017,2017,Saurashtra Cricket Association Stadium,Kolkata Knight Riders,Gujarat Lions,184,169,15,89,0,0,18,8,21,14.83,12.4,26,120,65.22,23.6
1082594,1,2017-04-08,2017,2017,Holkar Cricket Stadium,Rising Pune Supergiant,Kings XI Punjab,163,157,6,120,6,6,11,7,32,20.0,8.15,18,86,52.76,26.67
1082594,2,2017-04-08,2017,2017,Holkar Cricket Stadium,Kings XI Punjab,Rising Pune Supergiant,164,154,10,114,4,4,11,9,40,19.0,8.63,20,98,59.76,35.09
1082595,1,2017-04-08,2017,2017,M.Chinnaswamy Stadium,Royal Challengers Bangalore,Delhi Daredevils,157,151,6,120,8,7,14,7,50,20.0,7.85,21,98,62.42,41.67
1082595,2,2017-04-08,2017,2017,M.Chinnaswamy Stadium,Delhi Daredevils,Royal Challengers Bangalore,142,137,5,120,9,9,10,5,47,20.0,7.1,15,70,49.3,39.17
1082596,1,2017-04-09,2017,2017,"Rajiv Gandhi International Stadium, Uppal",Gujarat Lions,Sunrisers Hyderabad,135,132,3,120,7,6,11,2,36,20.0,6.75,13,56,41.48,30.0
1082596,2,2017-04-09,2017,2017,"Rajiv Gandhi International Stadium, Uppal",Sunrisers Hyderabad,Gujarat Lions,140,137,3,93,1,1,12,5,27,15.5,9.03,17,78,55.71,29.03
1082597,1,2017-04-09,2017,2017,Wankhede Stadium,Kolkata Knight Riders,Mumbai Indians,178,169,9,120,7,7,14,6,35,20.0,8.9,20,92,51.69,29.17
1082597,2,2017-04-09,2017,2017,Wankhede Stadium,Mumbai Indians,Kolkata Knight Riders,180,168,12,119,6,6,15,9,48,19.83,9.08,24,114,63.33,40.34
1082598,1,2017-04-10,2017,2017,Holkar Cricket Stadium,Royal Challengers Bangalore,Kings XI Punjab,148,144,4,120,4,4,6,11,53,20.0,7.4,17,90,60.81,44.17
1082598,2,2017-04-10,2017,2017,Holkar Cricket Stadium,Kings XI Punjab,Royal Challengers Bangalore,150,144,6,87,2,2,11,9,21,14.5,10.34,20,98,65.33,24.14
1082599,1,2017-04-11,2017,2017,Maharashtra Cricket Association Stadium,Delhi Daredevils,Rising Pune Supergiant,205,197,8,120,4,3,17,10,32,20.0,10.25,27,128,62.44,26.67
1082599,2,2017-04-11,2017,2017,Maharashtra Cricket Association Stadium,Rising Pune Supergiant,Delhi Daredevils,108,103,5,97,10,10,7,4,41,16.17,6.68,11,52,48.15,42.27
1082600,1,2017-04-12,2017,2017,Wankhede Stadium,Sunrisers Hyderabad,Mumbai Indians,158,147,11,120,8,8,18,3,45,20.0,7.9,21,90,56.96,37.5
1082600,2,2017-04-12,2017,2017,Wankhede Stadium,Mumbai Indians,Sunrisers Hyderabad,159,155,4,112,6,6,16,6,39,18.67,8.52,22,100,62.89,34.82
1082601,1,2017-04-13,2017,2017,Eden Gardens,Kings XI Punjab,Kolkata Knight Riders,170,154,16,120,9,9,18,6,54,20.0,8.5,24,108,63.53,45.0
1082601,2,2017-04-13,2017,2017,Eden Gardens,Kolkata Knight Riders,Kings XI Punjab,171,160,11,99,2,2,20,5,25,16.5,10.36,25,110,64.33,25.25
1082602,1,2017-04-14,2017,2017,M Chinnaswamy Stadium,Royal Challengers Bangalore,Mumbai Indians,142,131,11,120,5,4,7,4,41,20.0,7.1,11,52,36.62,34.17
1082602,2,2017-04-14,2017,2017,M Chinnaswamy Stadium,Mumbai Indians,Royal Challengers Bangalore,145,132,13,113,6,6,7,7,41,18.83,7.7,14,70,48.28,36.28
1082603,1,2017-04-14,2017,2017,Saurashtra Cricket Association Stadium,Rising Pune Supergiant,Gujarat Lions,171,166,5,120,8,8,15,6,37,20.0,8.55,21,96,56.14,30.83
1082603,2,2017-04-14,2017,2017,Saurashtra Cricket Association Stadium,Gujarat Lions,Rising Pune Supergiant,172,167,5,108,3,3,20,7,41,18.0,9.56,27,122,70.93,37.96
1082604,1,2017-04-15,2017,2017,Eden Gardens,Kolkata Knight Riders,Sunrisers Hyderabad,172,161,11,120,6,6,13,7,40,20.0,8.6,20,94,54.65,33.33
1082604,2,2017-04-15,2017,2017,Eden Gardens,Sunrisers Hyderabad,Kolkata Knight Riders,155,148,7,120,6,6,16,5,48,20.0,7.75,21,94,60.65,40.0
1082605,1,2017-04-15,2017,2017,Feroz Shah Kotla,Delhi Daredevils,Kings XI Punjab,188,178,10,120,6,6,23,5,41,20.0,9.4,28,122,64.89,34.17
1082605,2,2017-04-15,2017,2017,Feroz Shah Kotla,Kings XI Punjab,Delhi Daredevils,137,135,2,120,9,9,11,3,40,20.0,6.85,14,62,45.26,33.33
1082606,1,2017-04-16,2017,2017,Wankhede Stadium,Gujarat Lions,Mumbai Indians,176,165,11,120,4,4,12,6,36,20.0,8.8,18,84,47.73,30.0
1082606,2,2017-04-16,2017,2017,Wankhede Stadium,Mumbai Indians,Gujarat Lions,177,164,13,117,4,4,11,8,32,19.5,9.08,19,92,51.98,27.35
1082607,1,2017-04-16,2017,2017,M Chinnaswamy Stadium,Rising Pune Supergiant,Royal Challengers Bangalore,161,148,13,120,8,7,17,4,43,20.0,8.05,21,92,57.14,35.83
1082607,2,2017-04-16,2017,2017,M Chinnaswamy Stadium,Royal Challengers Bangalore,Rising Pune Supergiant,134,126,8,120,9,9,7,5,46,20.0,6.7,12,58,43.28,38.33
1082608,1,2017-04-17,2017,2017,Feroz Shah Kotla,Delhi Daredevils,Kolkata Knight Riders,168,165,3,120,7,6,19,4,35,20.0,8.4,23,100,59.52,29.17
1082608,2,2017-04-17,2017,2017,Feroz Shah Kotla,Kolkata Knight Riders,Delhi Daredevils,169,158,11,119,6,6,13,5,33,19.83,8.52,18,82,48.52,27.73
1082609,1,2017-04-17,2017,2017,"Rajiv Gandhi International Stadium, Uppal",Sunrisers Hyderabad,Kings XI Punjab,159,148,11,120,6,6,11,4,38,20.0,7.95,15,68,42.77,31.67
1082609,2,2017-04-17,2017,2017,"Rajiv Gandhi International Stadium, Uppal",Kings XI Punjab,Sunrisers Hyderabad,154,144,10,118,10,10,11,7,52,19.67,7.83,18,86,55.84,44.07
1082610,1,2017-04-18,2017,2017,Saurashtra Cricket Association Stadium,Royal Challengers Bangalore,Gujarat Lions,213,209,4,120,2,2,19,11,35,20.0,10.65,30,142,66.67,29.17
1082610,2,2017-04-18,2017,2017,Saurashtra Cricket Association Stadium,Gujarat Lions,Royal Challengers Bangalore,192,184,8,120,7,6,10,14,39,20.0,9.6,24,124,64.58,32.5
1082611,1,2017-04-19,2017,2017,"Rajiv Gandhi International Stadium, Uppal",Sunrisers Hyderabad,Delhi Daredevils,191,187,4,120,4,4,15,7,24,20.0,9.55,22,102,53.4,20.0
1082611,2,2017-04-19,2017,2017,"Rajiv Gandhi International Stadium, Uppal",Delhi Daredevils,Sunrisers Hyderabad,176,169,7,120,5,4,18,6,35,20.0,8.8,24,108,61.36,29.17
1082612,1,2017-04-20,2017,2017,Holkar Cricket Stadium,Kings XI Punjab,Mumbai Indians,198,186,12,120,4,4,17,9,35,20.0,9.9,26,122,61.62,29.17
1082612,2,2017-04-20,2017,2017,Holkar Cricket Stadium,Mumbai Indians,Kings XI Punjab,199,191,8,93,2,2,13,15,16,15.5,12.84,28,142,71.36,17.2
1082613,1,2017-04-21,2017,2017,Eden Gardens,Kolkata Knight Riders,Gujarat Lions,187,184,3,120,5,4,23,4,30,20.0,9.35,27,116,62.03,25.0
1082613,2,2017-04-21,2017,2017,Eden Gardens,Gujarat Lions,Kolkata Knight Riders,188,183,5,110,6,6,20,8,30,18.33,10.25,28,128,68.09,27.27
1082614,1,2017-04-22,2017,2017,Wankhede Stadium,Mumbai Indians,Delhi Daredevils,142,126,16,120,8,5,11,4,51,20.0,7.1,15,68,47.89,42.5
1082614,2,2017-04-22,2017,2017,Wankhede Stadium,Delhi Daredevils,Mumbai Indians,128,120,8,120,7,6,12,2,50,20.0,6.4,14,60,46.88,41.67
1082615,1,2017-04-22,2017,2017,Maharashtra Cricket Association Stadium,Sunrisers Hyderabad,Rising Pune Supergiant,176,168,8,120,3,3,17,5,34,20.0,8.8,22,98,55.68,28.33
1082615,2,2017-04-22,2017,2017,Maharashtra Cricket Association Stadium,Rising Pune Supergiant,Sunrisers Hyderabad,179,176,3,120,4,3,16,8,36,20.0,8.95,24,112,62.57,30.0
1082616,1,2017-04-23,2017,2017,Saurashtra Cricket Association Stadium,Kings XI Punjab,Gujarat Lions,188,183,5,120,7,6,17,9,35,20.0,9.4,26,122,64.89,29.17
1082616,2,2017-04-23,2017,2017,Saurashtra Cricket Association Stadium,Gujarat Lions,Kings XI Punjab,162,155,7,120,7,7,16,2,33,20.0,8.1,18,76,46.91,27.5
1082617,1,2017-04-23,2017,2017,Eden Gardens,Kolkata Knight Riders,Royal Challengers Bangalore,131,123,8,117,10,10,14,2,53,19.5,6.72,16,68,51.91,45.3
1082617,2,2017-04-23,2017,2017,Eden Gardens,Royal Challengers Bangalore,Kolkata Knight Riders,49,42,7,58,10,10,8,0,39,9.67,5.07,8,32,65.31,67.24
1082618,1,2017-04-24,2017,2017,Wankhede Stadium,Rising Pune Supergiant,Mumbai Indians,160,156,4,120,6,6,17,3,41,20.0,8.0,20,86,53.75,34.17
1082618,2,2017-04-24,2017,2017,Wankhede Stadium,Mumbai Indians,Rising Pune Supergiant,157,151,6,120,8,7,16,5,44,20.0,7.85,21,94,59.87,36.67
1082620,1,2017-04-26,2017,2017,Maharashtra Cricket Association Stadium,Rising Pune Supergiant,Kolkata Knight Riders,182,175,7,120,5,5,16,6,32,20.0,9.1,22,100,54.95,26.67
1082620,2,2017-04-26,2017,2017,Maharashtra Cricket Association Stadium,Kolkata Knight Riders,Rising Pune Supergiant,184,171,13,109,3,2,17,7,27,18.17,10.13,24,110,59.78,24.77
1082621,1,2017-04-27,2017,2017,M Chinnaswamy Stadium,Royal Challengers Bangalore,Gujarat Lions,134,122,12,120,10,8,9,4,45,20.0,6.7,13,60,44.78,37.5
1082621,2,2017-04-27,2017,2017,M Chinnaswamy Stadium,Gujarat Lions,Royal Challengers Bangalore,135,127,8,83,3,3,13,7,31,13.83,9.76,20,94,69.63,37.35
1082622,1,2017-04-28,2017,2017,Eden Gardens,Delhi Daredevils,Kolkata Knight Riders,160,153,7,120,6,5,14,4,36,20.0,8.0,18,80,50.0,30.0
1082622,2,2017-04-28,2017,2017,Eden Gardens,Kolkata Knight Riders,Delhi Daredevils,161,151,10,98,3,2,20,4,28,16.33,9.86,24,104,64.6,28.57
1082623,1,2017-04-28,2017,2017,"Punjab Cricket Association IS Bindra Stadium, Mohali",Sunrisers Hyderabad,Kings XI Punjab,207,204,3,120,3,3,19,7,23,20.0,10.35,26,118,57.0,19.17
1082623,2,2017-04-28,2017,2017,"Punjab Cricket Association IS Bindra Stadium, Mohali",Kings XI Punjab,Sunrisers Hyderabad,181,176,5,120,9,9,25,4,38,20.0,9.05,29,124,68.51,31.67
1082624,1,2017-04-29,2017,2017,Maharashtra Cricket Association Stadium,Rising Pune Supergiant,Royal Challengers Bangalore,157,153,4,120,3,3,14,4,40,20.0,7.85,18,80,50.96,33.33
1082624,2,2017-04-29,2017,2017,Maharashtra Cricket Association Stadium,Royal Challengers Bangalore,Rising Pune Supergiant,96,92,4,120,9,8,6,1,57,20.0,4.8,7,30,31.25,47.5
1082625,1,2017-04-29,2017,2017,Saurashtra Cricket Association Stadium,Gujarat Lions,Mumbai Indians,153,142,11,120,9,8,13,6,53,20.0,7.65,19,88,57.52,44.17
1082625,2,2017-04-29,2017,2017,Saurashtra Cricket Association Stadium,Mumbai Indians,Gujarat Lions,153,152,1,120,10,6,16,3,41,20.0,7.65,19,82,53.59,34.17
1082625,3,2017-04-29,2017,2017,Saurashtra Cricket Association Stadium,Mumbai Indians,Gujarat Lions,11,11,0,5,2,2,1,1,2,0.83,13.2,2,10,90.91,40.0
1082625,4,2017-04-29,2017,2017,Saurashtra Cricket Association Stadium,Gujarat Lions,Mumbai Indians,6,2,4,6,0,0,0,0,2,1.0,6.0,0,0,0.0,33.33
1082626,1,2017-04-30,2017,2017,"Punjab Cricket Association IS Bindra Stadium, Mohali",Delhi Daredevils,Kings XI Punjab,67,62,5,103,10,10,3,2,64,17.17,3.9,5,24,35.82,62.14
1082626,2,2017-04-30,2017,2017,"Punjab Cricket Association IS Bindra Stadium, Mohali",Kings XI Punjab,Delhi Daredevils,68,66,2,47,0,0,7,3,20,7.83,8.68,10,46,67.65,42.55
1082627,1,2017-04-30,2017,2017,"Rajiv Gandhi International Stadium, Uppal",Sunrisers Hyderabad,Kolkata Knight Riders,209,201,8,120,3,1,17,9,32,20.0,10.45,26,122,58.37,26.67
1082627,2,2017-04-30,2017,2017,"Rajiv Gandhi International Stadium, Uppal",Kolkata Knight Riders,Sunrisers Hyderabad,161,156,5,120,7,7,12,5,37,20.0,8.05,17,78,48.45,30.83
1082628,1,2017-05-01,2017,2017,Wankhede Stadium,Royal Challengers Bangalore,Mumbai Indians,162,158,4,120,8,7,10,8,39,20.0,8.1,18,88,54.32,32.5
1082628,2,2017-05-01,2017,2017,Wankhede Stadium,Mumbai Indians,Royal Challengers Bangalore,165,158,7,119,6,5,17,3,34,19.83,8.32,20,86,52.12,28.57
1082629,1,2017-05-01,2017,2017,Maharashtra Cricket Association Stadium,Gujarat Lions,Rising Pune Supergiant,161,154,7,119,10,8,15,5,40,19.83,8.12,20,90,55.9,33.61
1082629,2,2017-05-01,2017,2017,Maharashtra Cricket Association Stadium,Rising Pune Supergiant,Gujarat Lions,167,160,7,119,5,4,12,8,43,19.83,8.42,20,96,57.49,36.13
1082630,1,2017-05-02,2017,2017,Feroz Shah Kotla,Sunrisers Hyderabad,Delhi Daredevils,185,177,8,120,3,3,22,4,38,20.0,9.25,26,112,60.54,31.67
1082630,2,2017-05-02,2017,2017,Feroz Shah Kotla,Delhi Daredevils,Sunrisers Hyderabad,189,186,3,115,4,4,15,10,31,19.17,9.86,25,120,63.49,26.96
1082631,1,2017-05-03,2017,2017,Eden Gardens,Kolkata Knight Riders,Rising Pune Supergiant,155,150,5,120,8,7,14,7,47,20.0,7.75,21,98,63.23,39.17
1082631,2,2017-05-03,2017,2017,Eden Gardens,Rising Pune Supergiant,Kolkata Knight Riders,158,150,8,116,6,6,13,9,50,19.33,8.17,22,106,67.09,43.1
1082632,1,2017-05-04,2017,2017,Feroz Shah Kotla,Gujarat Lions,Delhi Daredevils,208,203,5,120,7,5,16,11,33,20.0,10.4,27,130,62.5,27.5
1082632,2,2017-05-04,2017,2017,Feroz Shah Kotla,Delhi Daredevils,Gujarat Lions,214,202,12,105,3,3,8,20,28,17.5,12.23,28,152,71.03,26.67
1082633,1,2017-05-05,2017,2017,M Chinnaswamy Stadium,Kings XI Punjab,Royal Challengers Bangalore,138,126,12,120,7,7,11,3,50,20.0,6.9,14,62,44.93,41.67
1082633,2,2017-05-05,2017,2017,M Chinnaswamy Stadium,Royal Challengers Bangalore,Kings XI Punjab,119,112,7,114,10,10,10,3,50,19.0,6.26,13,58,48.74,43.86
1082634,1,2017-05-06,2017,2017,"Rajiv Gandhi International Stadium, Uppal",Rising Pune Supergiant,Sunrisers Hyderabad,148,141,7,120,8,6,5,6,36,20.0,7.4,11,56,37.84,30.0
1082634,2,2017-05-06,2017,2017,"Rajiv Gandhi International Stadium, Uppal",Sunrisers Hyderabad,Rising Pune Supergiant,136,134,2,120,9,9,11,5,55,20.0,6.8,16,74,54.41,45.83
1082635,1,2017-05-06,2017,2017,Feroz Shah Kotla,Mumbai Indians,Delhi Daredevils,212,193,19,120,3,3,15,11,31,20.0,10.6,26,126,59.43,25.83
1082635,2,2017-05-06,2017,2017,Feroz Shah Kotla,Delhi Daredevils,Mumbai Indians,66,63,3,82,10,10,5,3,49,13.67,4.83,8,38,57.58,59.76
1082636,1,2017-05-07,2017,2017,M Chinnaswamy Stadium,Royal Challengers Bangalore,Kolkata Knight Riders,158,155,3,120,6,6,11,6,37,20.0,7.9,17,80,50.63,30.83
1082636,2,2017-05-07,2017,2017,M Chinnaswamy Stadium,Kolkata Knight Riders,Royal Challengers Bangalore,159,153,6,91,4,4,12,10,31,15.17,10.48,22,108,67.92,34.07
1082637,1,2017-05-07,2017,2017,"Punjab Cricket Association IS Bindra Stadium, Mohali",Kings XI Punjab,Gujarat Lions,189,186,3,120,3,3,14,7,25,20.0,9.45,21,98,51.85,20.83
1082637,2,2017-05-07,2017,2017,"Punjab Cricket Association IS Bindra Stadium, Mohali",Gujarat Lions,Kings XI Punjab,192,186,6,118,4,4,17,6,24,19.67,9.76,23,104,54.17,20.34
1082638,1,2017-05-08,2017,2017,"Rajiv Gandhi International Stadium, Uppal",Mumbai Indians,Sunrisers Hyderabad,138,128,10,120,7,7,10,3,47,20.0,6.9,13,58,42.03,39.17
1082638,2,2017-05-08,2017,2017,"Rajiv Gandhi International Stadium, Uppal",Sunrisers Hyderabad,Mumbai Indians,140,136,4,110,3,3,13,2,35,18.33,7.64,15,64,45.71,31.82
1082639,1,2017-05-09,2017,2017,"Punjab Cricket Association IS Bindra Stadium, Mohali",Kings XI Punjab,Kolkata Knight Riders,167,155,12,120,6,6,13,5,37,20.0,8.35,18,82,49.1,30.83
1082639,2,2017-05-09,2017,2017,"Punjab Cricket Association IS Bindra Stadium, Mohali",Kolkata Knight Riders,Kings XI Punjab,153,149,4,120,6,5,14,4,38,20.0,7.65,18,80,52.29,31.67
1082640,1,2017-05-10,2017,2017,Green Park,Gujarat Lions,Delhi Daredevils,195,184,11,120,5,4,20,6,30,20.0,9.75,26,116,59.49,25.0
1082640,2,2017-05-10,2017,2017,Green Park,Delhi Daredevils,Gujarat Lions,197,194,3,118,8,5,31,4,42,19.67,10.02,35,148,75.13,35.59
1082641,1,2017-05-11,2017,2017,Wankhede Stadium,Kings XI Punjab,Mumbai Indians,230,220,10,120,3,3,18,12,26,20.0,11.5,30,144,62.61,21.67
1082641,2,2017-05-11,2017,2017,Wankhede Stadium,Mumbai Indians,Kings XI Punjab,223,215,8,120,6,6,18,14,38,20.0,11.15,32,156,69.96,31.67
1082642,1,2017-05-12,2017,2017,Feroz Shah Kotla,Delhi Daredevils,Rising Pune Supergiant,168,161,7,120,8,7,14,6,42,20.0,8.4,20,92,54.76,35.0
1082642,2,2017-05-12,2017,2017,Feroz Shah Kotla,Rising Pune Supergiant,Delhi Daredevils,161,151,10,120,7,6,13,6,44,20.0,8.05,19,88,54.66,36.67
1082643,1,2017-05-13,2017,2017,Green Park,Gujarat Lions,Sunrisers Hyderabad,154,148,6,116,10,10,15,6,44,19.33,7.97,21,96,62.34,37.93
1082643,2,2017-05-13,2017,2017,Green Park,Sunrisers Hyderabad,Gujarat Lions,158,154,4,109,2,2,23,0,31,18.17,8.7,23,92,58.23,28.44
1082644,1,2017-05-13,2017,2017,Eden Gardens,Mumbai Indians,Kolkata Knight Riders,173,156,17,120,5,4,19,5,46,20.0,8.65,24,106,61.27,38.33
1082644,2,2017-05-13,2017,2017,Eden Gardens,Kolkata Knight Riders,Mumbai Indians,164,156,8,120,8,8,14,7,46,20.0,8.2,21,98,59.76,38.33
1082645,1,2017-05-14,2017,2017,Maharashtra Cricket Association Stadium,Kings XI Punjab,Rising Pune Supergiant,73,70,3,95,10,9,5,2,54,15.83,4.61,7,32,43.84,56.84
1082645,2,2017-05-14,2017,2017,Maharashtra Cricket Association Stadium,Rising Pune Supergiant,Kings XI Punjab,78,77,1,72,1,1,5,2,25,12.0,6.5,7,32,41.03,34.72
1082646,1,2017-05-14,2017,2017,Feroz Shah Kotla,Royal Challengers Bangalore,Delhi Daredevils,161,152,9,120,6,4,11,7,39,20.0,8.05,18,86,53.42,32.5
1082646,2,2017-05-14,2017,2017,Feroz Shah Kotla,Delhi Daredevils,Royal Challengers Bangalore,151,144,7,120,10,10,13,6,49,20.0,7.55,19,88,58.28,40.83
1082647,1,2017-05-16,2017,2017,Wankhede Stadium,Rising Pune Supergiant,Mumbai Indians,162,155,7,120,4,3,9,8,41,20.0,8.1,17,84,51.85,34.17
1082647,2,2017-05-16,2017,2017,Wankhede Stadium,Mumbai Indians,Rising Pune Supergiant,142,133,9,120,9,8,7,7,46,20.0,7.1,14,70,49.3,38.33
1082648,1,2017-05-17,2017,2017,M Chinnaswamy Stadium,Sunrisers Hyderabad,Kolkata Knight Riders,128,121,7,120,7,7,9,5,51,20.0,6.4,14,66,51.56,42.5
1082648,2,2017-05-17,2017,2017,M Chinnaswamy Stadium,Kolkata Knight Riders,Sunrisers Hyderabad,48,44,4,32,3,2,2,3,10,5.33,9.0,5,26,54.17,31.25
1082649,1,2017-05-19,2017,2017,M Chinnaswamy Stadium,Kolkata Knight Riders,Mumbai Indians,107,100,7,113,10,10,8,3,55,18.83,5.68,11,50,46.73,48.67
1082649,2,2017-05-19,2017,2017,M Chinnaswamy Stadium,Mumbai Indians,Kolkata Knight Riders,111,103,8,87,4,4,13,1,33,14.5,7.66,14,58,52.25,37.93
1082650,1,2017-05-21,2017,2017,"Rajiv Gandhi International Stadium, Uppal",Mumbai Indians,Rising Pune Supergiant,129,121,8,120,8,6,8,5,52,20.0,6.45,13,62,48.06,43.33
1082650,2,2017-05-21,2017,2017,"Rajiv Gandhi International Stadium, Uppal",Rising Pune Supergiant,Mumbai Indians,128,119,9,120,6,5,9,2,46,20.0,6.4,11,48,37.5,38.33
1136561,1,2018-04-07,2018,2018,Wankhede Stadium,Mumbai Indians,Chennai Super Kings,165,161,4,120,4,4,18,5,47,20.0,8.25,23,102,61.82,39.17
1136561,2,2018-04-07,2018,2018,Wankhede Stadium,Chennai Super Kings,Mumbai Indians,169,162,7,119,9,9,11,10,44,19.83,8.52,21,104,61.54,36.97
1136562,1,2018-04-08,2018,2018,Punjab Cricket Association IS Bindra Stadium,Delhi Daredevils,Kings XI Punjab,166,160,6,120,7,6,11,5,26,20.0,8.3,16,74,44.58,21.67
1136562,2,2018-04-08,2018,2018,Punjab Cricket Association IS Bindra Stadium,Kings XI Punjab,Delhi Daredevils,167,166,1,113,4,4,16,7,41,18.83,8.87,23,106,63.47,36.28
1136563,1,2018-04-08,2018,2018,Eden Gardens,Royal Challengers Bangalore,Kolkata Knight Riders,176,170,6,120,7,7,14,10,45,20.0,8.8,24,116,65.91,37.5
1136563,2,2018-04-08,2018,2018,Eden Gardens,Kolkata Knight Riders,Royal Challengers Bangalore,177,164,13,113,6,6,15,9,41,18.83,9.4,24,114,64.41,36.28
1136564,1,2018-04-09,2018,2018,Rajiv Gandhi International Stadium,Rajasthan Royals,Sunrisers Hyderabad,125,117,8,120,9,7,12,0,45,20.0,6.25,12,48,38.4,37.5
1136564,2,2018-04-09,2018,2018,Rajiv Gandhi International Stadium,Sunrisers Hyderabad,Rajasthan Royals,127,119,8,96,1,1,17,2,43,16.0,7.94,19,80,62.99,44.79
1136565,1,2018-04-10,2018,2018,MA Chidambaram Stadium,Kolkata Knight Riders,Chennai Super Kings,202,197,5,120,6,5,11,17,43,20.0,10.1,28,146,72.28,35.83
1136565,2,2018-04-10,2018,2018,MA Chidambaram Stadium,Chennai Super Kings,Kolkata Knight Riders,205,198,7,119,5,5,9,14,29,19.83,10.34,23,120,58.54,24.37
1136566,1,2018-04-11,2018,2018,Sawai Mansingh Stadium,Rajasthan Royals,Delhi Daredevils,153,150,3,107,5,4,11,6,33,17.83,8.58,17,80,52.29,30.84
1136566,2,2018-04-11,2018,2018,Sawai Mansingh Stadium,Delhi Daredevils,Rajasthan Royals,60,57,3,36,4,3,7,2,12,6.0,10.0,9,40,66.67,33.33
1136567,1,2018-04-12,2018,2018,Rajiv Gandhi International Stadium,Mumbai Indians,Sunrisers Hyderabad,147,139,8,120,8,8,15,6,61,20.0,7.35,21,96,65.31,50.83
1136567,2,2018-04-12,2018,2018,Rajiv Gandhi International Stadium,Sunrisers Hyderabad,Mumbai Indians,151,147,4,120,9,9,18,1,37,20.0,7.55,19,78,51.66,30.83
1136568,1,2018-04-13,2018,2018,M.Chinnaswamy Stadium,Kings XI Punjab,Royal Challengers Bangalore,155,149,6,116,10,10,12,6,39,19.33,8.02,18,84,54.19,33.62
1136568,2,2018-04-13,2018,2018,M.Chinnaswamy Stadium,Royal Challengers Bangalore,Kings XI Punjab,159,155,4,117,6,5,16,5,39,19.5,8.15,21,94,59.12,33.33
1136569,1,2018-04-14,2018,2018,Wankhede Stadium,Mumbai Indians,Delhi Daredevils,194,184,10,120,7,7,19,7,37,20.0,9.7,26,118,60.82,30.83
1136569,2,2018-04-14,2018,2018,Wankhede Stadium,Delhi Daredevils,Mumbai Indians,195,193,2,120,3,3,18,10,37,20.0,9.75,28,132,67.69,30.83
1136570,1,2018-04-14,2018,2018,Eden Gardens,Kolkata Knight Riders,Sunrisers Hyderabad,138,131,7,120,8,8,12,4,52,20.0,6.9,16,72,52.17,43.33
1136570,2,2018-04-14,2018,2018,Eden Gardens,Sunrisers Hyderabad,Kolkata Knight Riders,139,134,5,114,5,5,14,3,43,19.0,7.32,17,74,53.24,37.72
1136571,1,2018-04-15,2018,2018,M.Chinnaswamy Stadium,Rajasthan Royals,Royal Challengers Bangalore,217,203,14,120,4,4,14,14,34,20.0,10.85,28,140,64.52,28.33
1136571,2,2018-04-15,2018,2018,M.Chinnaswamy Stadium,Royal Challengers Bangalore,Rajasthan Royals,198,192,6,120,6,6,20,7,32,20.0,9.9,27,122,61.62,26.67
1136572,1,2018-04-15,2018,2018,Punjab Cricket Association IS Bindra Stadium,Kings XI Punjab,Chennai Super Kings,197,196,1,120,7,7,19,9,38,20.0,9.85,28,130,65.99,31.67
1136572,2,2018-04-15,2018,2018,Punjab Cricket Association IS Bindra Stadium,Chennai Super Kings,Kings XI Punjab,193,180,13,120,5,4,15,8,32,20.0,9.65,23,108,55.96,26.67
1136573,1,2018-04-16,2018,2018,Eden Gardens,Kolkata Knight Riders,Delhi Daredevils,200,194,6,120,9,9,14,15,47,20.0,10.0,29,146,73.0,39.17
1136573,2,2018-04-16,2018,2018,Eden Gardens,Delhi Daredevils,Kolkata Knight Riders,129,121,8,86,10,10,13,5,29,14.33,9.0,18,82,63.57,33.72
1136574,1,2018-04-17,2018,2018,Wankhede Stadium,Mumbai Indians,Royal Challengers Bangalore,213,196,17,120,6,5,18,13,48,20.0,10.65,31,150,70.42,40.0
1136574,2,2018-04-17,2018,2018,Wankhede Stadium,Royal Challengers Bangalore,Mumbai Indians,167,160,7,120,8,8,12,7,36,20.0,8.35,19,90,53.89,30.0
1136575,1,2018-04-18,2018,2018,Sawai Mansingh Stadium,Rajasthan Royals,Kolkata Knight Riders,160,155,5,120,8,7,15,4,40,20.0,8.0,19,84,52.5,33.33
1136575,2,2018-04-18,2018,2018,Sawai Mansingh Stadium,Kolkata Knight Riders,Rajasthan Royals,163,160,3,113,3,2,15,6,36,18.83,8.65,21,96,58.9,31.86
1136576,1,2018-04-19,2018,2018,Punjab Cricket Association IS Bindra Stadium,Kings XI Punjab,Sunrisers Hyderabad,193,185,8,120,3,3,10,14,38,20.0,9.65,24,124,64.25,31.67
1136576,2,2018-04-19,2018,2018,Punjab Cricket Association IS Bindra Stadium,Sunrisers Hyderabad,Kings XI Punjab,178,165,13,120,5,4,11,5,29,20.0,8.9,16,74,41.57,24.17
1136577,1,2018-04-20,2018,2018,Maharashtra Cricket Association Stadium,Chennai Super Kings,Rajasthan Royals,204,198,6,120,5,5,25,6,34,20.0,10.2,31,136,66.67,28.33
1136577,2,2018-04-20,2018,2018,Maharashtra Cricket Association Stadium,Rajasthan Royals,Chennai Super Kings,140,132,8,111,10,10,10,3,36,18.5,7.57,13,58,41.43,32.43
1136578,1,2018-04-21,2018,2018,Eden Gardens,Kolkata Knight Riders,Kings XI Punjab,191,182,9,120,7,6,21,5,35,20.0,9.55,26,114,59.69,29.17
1136578,2,2018-04-21,2018,2018,Eden Gardens,Kings XI Punjab,Kolkata Knight Riders,126,124,2,67,1,1,14,8,25,11.17,11.28,22,104,82.54,37.31
1136579,1,2018-04-21,2018,2018,M.Chinnaswamy Stadium,Delhi Daredevils,Royal Challengers Bangalore,174,162,12,120,5,5,13,10,44,20.0,8.7,23,112,64.37,36.67
1136579,2,2018-04-21,2018,2018,M.Chinnaswamy Stadium,Royal Challengers Bangalore,Delhi Daredevils,176,172,4,108,4,3,14,9,26,18.0,9.78,23,110,62.5,24.07
1136580,1,2018-04-22,2018,2018,Rajiv Gandhi International Stadium,Chennai Super Kings,Sunrisers Hyderabad,182,178,4,120,3,2,18,8,39,20.0,9.1,26,120,65.93,32.5
1136580,2,2018-04-22,2018,2018,Rajiv Gandhi International Stadium,Sunrisers Hyderabad,Chennai Super Kings,178,176,2,120,6,6,10,12,44,20.0,8.9,22,112,62.92,36.67
1136581,1,2018-04-22,2018,2018,Sawai Mansingh Stadium,Mumbai Indians,Rajasthan Royals,167,162,5,120,7,6,13,7,43,20.0,8.35,20,94,56.29,35.83
1136581,2,2018-04-22,2018,2018,Sawai Mansingh Stadium,Rajasthan Royals,Mumbai Indians,168,162,6,118,7,7,14,3,33,19.67,8.54,17,74,44.05,27.97
1136582,1,2018-04-23,2018,2018,Arun Jaitley Stadium,Kings XI Punjab,Delhi Daredevils,143,129,14,120,8,8,12,2,42,20.0,7.15,14,60,41.96,35.0
1136582,2,2018-04-23,2018,2018,Arun Jaitley Stadium,Delhi Daredevils,Kings XI Punjab,139,130,9,120,8,7,11,3,49,20.0,6.95,14,62,44.6,40.83
1136583,1,2018-04-24,2018,2018,Wankhede Stadium,Sunrisers Hyderabad,Mumbai Indians,118,106,12,112,10,8,13,1,53,18.67,6.32,14,58,49.15,47.32
1136583,2,2018-04-24,2018,2018,Wankhede Stadium,Mumbai Indians,Sunrisers Hyderabad,87,85,2,113,10,10,10,1,65,18.83,4.62,11,46,52.87,57.52
1136584,1,2018-04-25,2018,2018,M.Chinnaswamy Stadium,Royal Challengers Bangalore,Chennai Super Kings,205,197,8,120,8,6,9,16,42,20.0,10.25,25,132,64.39,35.0
1136584,2,2018-04-25,2018,2018,M.Chinnaswamy Stadium,Chennai Super Kings,Royal Challengers Bangalore,207,196,11,118,5,4,9,17,36,19.67,10.53,26,138,66.67,30.51
1136585,1,2018-04-26,2018,2018,Rajiv Gandhi International Stadium,Sunrisers Hyderabad,Kings XI Punjab,132,124,8,120,6,6,11,2,51,20.0,6.6,13,56,42.42,42.5
1136585,2,2018-04-26,2018,2018,Rajiv Gandhi International Stadium,Kings XI Punjab,Sunrisers Hyderabad,119,117,2,116,10,9,9,4,48,19.33,6.16,13,60,50.42,41.38
1136586,1,2018-04-27,2018,2018,Arun Jaitley Stadium,Delhi Daredevils,Kolkata Knight Riders,219,215,4,120,4,3,15,16,38,20.0,10.95,31,156,71.23,31.67
1136586,2,2018-04-27,2018,2018,Arun Jaitley Stadium,Kolkata Knight Riders,Delhi Daredevils,164,160,4,120,9,8,12,9,46,20.0,8.2,21,102,62.2,38.33
1136587,1,2018-04-28,2018,2018,Maharashtra Cricket Association Stadium,Chennai Super Kings,Mumbai Indians,169,162,7,120,5,5,12,9,42,20.0,8.45,21,102,60.36,35.0
1136587,2,2018-04-28,2018,2018,Maharashtra Cricket Association Stadium,Mumbai Indians,Chennai Super Kings,170,160,10,118,2,2,14,6,38,19.67,8.64,20,92,54.12,32.2
1136588,1,2018-04-29,2018,2018,Sawai Mansingh Stadium,Sunrisers Hyderabad,Rajasthan Royals,151,150,1,120,7,7,15,2,37,20.0,7.55,17,72,47.68,30.83
1136588,2,2018-04-29,2018,2018,Sawai Mansingh Stadium,Rajasthan Royals,Sunrisers Hyderabad,140,139,1,120,6,6,9,2,33,20.0,7.0,11,48,34.29,27.5
1136589,1,2018-04-29,2018,2018,M.Chinnaswamy Stadium,Royal Challengers Bangalore,Kolkata Knight Riders,175,165,10,120,4,4,12,9,40,20.0,8.75,21,102,58.29,33.33
1136589,2,2018-04-29,2018,2018,M.Chinnaswamy Stadium,Kolkata Knight Riders,Royal Challengers Bangalore,176,168,8,115,5,4,18,6,39,19.17,9.18,24,108,61.36,33.91
1136590,1,2018-04-30,2018,2018,Maharashtra Cricket Association Stadium,Chennai Super Kings,Delhi Daredevils,211,204,7,120,4,3,14,14,32,20.0,10.55,28,140,66.35,26.67
1136590,2,2018-04-30,2018,2018,Maharashtra Cricket Association Stadium,Delhi Daredevils,Chennai Super Kings,198,190,8,120,5,4,15,11,34,20.0,9.9,26,126,63.64,28.33
1136591,1,2018-05-01,2018,2018,M.Chinnaswamy Stadium,Royal Challengers Bangalore,Mumbai Indians,167,161,6,120,7,6,10,11,50,20.0,8.35,21,106,63.47,41.67
1136591,2,2018-05-01,2018,2018,M.Chinnaswamy Stadium,Mumbai Indians,Royal Challengers Bangalore,153,130,23,120,7,6,13,3,48,20.0,7.65,16,70,45.75,40.0
1136592,1,2018-05-02,2018,2018,Arun Jaitley Stadium,Delhi Daredevils,Rajasthan Royals,196,189,7,103,6,6,16,13,36,17.17,11.42,29,142,72.45,34.95
1136592,2,2018-05-02,2018,2018,Arun Jaitley Stadium,Rajasthan Royals,Delhi Daredevils,146,142,4,72,5,4,9,12,18,12.0,12.17,21,108,73.97,25.0
1136593,1,2018-05-03,2018,2018,Eden Gardens,Chennai Super Kings,Kolkata Knight Riders,177,170,7,120,5,5,17,7,39,20.0,8.85,24,110,62.15,32.5
1136593,2,2018-05-03,2018,2018,Eden Gardens,Kolkata Knight Riders,Chennai Super Kings,180,168,12,106,4,4,20,7,41,17.67,10.19,27,122,67.78,38.68
1136594,1,2018-05-04,2018,2018,Holkar Cricket Stadium,Kings XI Punjab,Mumbai Indians,174,164,10,120,6,5,10,11,41,20.0,8.7,21,106,60.92,34.17
1136594,2,2018-05-04,2018,2018,Holkar Cricket Stadium,Mumbai Indians,Kings XI Punjab,176,170,6,114,4,4,13,11,40,19.0,9.26,24,118,67.05,35.09
1136595,1,2018-05-05,2018,2018,Maharashtra Cricket Association Stadium,Royal Challengers Bangalore,Chennai Super Kings,127,123,4,120,9,7,11,3,51,20.0,6.35,14,62,48.82,42.5
1136595,2,2018-05-05,2018,2018,Maharashtra Cricket Association Stadium,Chennai Super Kings,Royal Challengers Bangalore,128,121,7,108,4,4,8,8,53,18.0,7.11,16,80,62.5,49.07
1136596,1,2018-05-05,2018,2018,Rajiv Gandhi International Stadium,Delhi Daredevils,Sunrisers Hyderabad,163,160,3,120,5,3,11,6,33,20.0,8.15,17,80,49.08,27.5
1136596,2,2018-05-05,2018,2018,Rajiv Gandhi International Stadium,Sunrisers Hyderabad,Delhi Daredevils,164,158,6,119,3,3,9,7,33,19.83,8.27,16,78,47.56,27.73
1136597,1,2018-05-06,2018,2018,Wankhede Stadium,Mumbai Indians,Kolkata Knight Riders,181,175,6,120,4,4,18,7,41,20.0,9.05,25,114,62.98,34.17
1136597,2,2018-05-06,2018,2018,Wankhede Stadium,Kolkata Knight Riders,Mumbai Indians,168,159,9,120,6,6,21,5,51,20.0,8.4,26,114,67.86,42.5
1136598,1,2018-05-06,2018,2018,Holkar Cricket Stadium,Rajasthan Royals,Kings XI Punjab,152,144,8,120,9,8,16,1,33,20.0,7.6,17,70,46.05,27.5
1136598,2,2018-05-06,2018,2018,Holkar Cricket Stadium,Kings XI Punjab,Rajasthan Royals,155,152,3,112,4,4,13,6,42,18.67,8.3,19,88,56.77,37.5
1136599,1,2018-05-07,2018,2018,Rajiv Gandhi International Stadium,Sunrisers Hyderabad,Royal Challengers Bangalore,146,137,9,120,10,8,14,3,42,20.0,7.3,17,74,50.68,35.0
1136599,2,2018-05-07,2018,2018,Rajiv Gandhi International Stadium,Royal Challengers Bangalore,Sunrisers Hyderabad,141,136,5,120,6,6,13,3,43,20.0,7.05,16,70,49.65,35.83
1136600,1,2018-05-08,2018,2018,Sawai Mansingh Stadium,Rajasthan Royals,Kings XI Punjab,158,155,3,120,8,7,13,4,36,20.0,7.9,17,76,48.1,30.0
1136600,2,2018-05-08,2018,2018,Sawai Mansingh Stadium,Kings XI Punjab,Rajasthan Royals,143,136,7,120,7,6,13,2,42,20.0,7.15,15,64,44.76,35.0
1136601,1,2018-05-09,2018,2018,Eden Gardens,Mumbai Indians,Kolkata Knight Riders,210,203,7,120,6,6,16,14,41,20.0,10.5,30,148,70.48,34.17
1136601,2,2018-05-09,2018,2018,Eden Gardens,Kolkata Knight Riders,Mumbai Indians,108,107,1,109,10,8,12,4,59,18.17,5.94,16,72,66.67,54.13
1136602,1,2018-05-10,2018,2018,Arun Jaitley Stadium,Delhi Daredevils,Sunrisers Hyderabad,187,184,3,120,5,3,19,9,40,20.0,9.35,28,130,69.52,33.33
1136602,2,2018-05-10,2018,2018,Arun Jaitley Stadium,Sunrisers Hyderabad,Delhi Daredevils,191,189,2,113,1,1,20,6,23,18.83,10.14,26,116,60.73,20.35
1136603,1,2018-05-11,2018,2018,Sawai Mansingh Stadium,Chennai Super Kings,Rajasthan Royals,176,164,12,120,4,3,14,4,30,20.0,8.8,18,80,45.45,25.0
1136603,2,2018-05-11,2018,2018,Sawai Mansingh Stadium,Rajasthan Royals,Chennai Super Kings,177,174,3,119,6,5,18,6,43,19.83,8.92,24,108,61.02,36.13
1136604,1,2018-05-12,2018,2018,Holkar Cricket Stadium,Kolkata Knight Riders,Kings XI Punjab,245,240,5,120,6,6,24,15,31,20.0,12.25,39,186,75.92,25.83
1136604,2,2018-05-12,2018,2018,Holkar Cricket Stadium,Kings XI Punjab,Kolkata Knight Riders,214,207,7,120,8,8,12,16,32,20.0,10.7,28,144,67.29,26.67
1136605,1,2018-05-12,2018,2018,Arun Jaitley Stadium,Delhi Daredevils,Royal Challengers Bangalore,181,174,7,120,4,4,14,9,39,20.0,9.05,23,110,60.77,32.5
1136605,2,2018-05-12,2018,2018,Arun Jaitley Stadium,Royal Challengers Bangalore,Delhi Daredevils,187,176,11,114,5,5,14,10,36,19.0,9.84,24,116,62.03,31.58
1136606,1,2018-05-13,2018,2018,Maharashtra Cricket Association Stadium,Sunrisers Hyderabad,Chennai Super Kings,179,166,13,120,4,4,17,6,38,20.0,8.95,23,104,58.1,31.67
1136606,2,2018-05-13,2018,2018,Maharashtra Cricket Association Stadium,Chennai Super Kings,Sunrisers Hyderabad,180,179,1,114,2,1,13,11,34,19.0,9.47,24,118,65.56,29.82
1136607,1,2018-05-13,2018,2018,Wankhede Stadium,Mumbai Indians,Rajasthan Royals,168,159,9,120,6,6,15,7,46,20.0,8.4,22,102,60.71,38.33
1136607,2,2018-05-13,2018,2018,Wankhede Stadium,Rajasthan Royals,Mumbai Indians,171,161,10,108,3,3,16,7,34,18.0,9.5,23,106,61.99,31.48
1136608,1,2018-05-14,2018,2018,Holkar Cricket Stadium,Kings XI Punjab,Royal Challengers Bangalore,88,83,5,91,10,7,5,5,47,15.17,5.8,10,50,56.82,51.65
1136608,2,2018-05-14,2018,2018,Holkar Cricket Stadium,Royal Challengers Bangalore,Kings XI Punjab,92,88,4,49,0,0,13,2,10,8.17,11.27,15,64,69.57,20.41
1136609,1,2018-05-15,2018,2018,Eden Gardens,Rajasthan Royals,Kolkata Knight Riders,142,140,2,114,10,10,16,4,47,19.0,7.47,20,88,61.97,41.23
1136609,2,2018-05-15,2018,2018,Eden Gardens,Kolkata Knight Riders,Rajasthan Royals,145,143,2,108,4,4,16,5,42,18.0,8.06,21,94,64.83,38.89
1136610,1,2018-05-16,2018,2018,Wankhede Stadium,Mumbai Indians,Kings XI Punjab,186,175,11,120,8,8,12,11,38,20.0,9.3,23,114,61.29,31.67
1136610,2,2018-05-16,2018,2018,Wankhede Stadium,Kings XI Punjab,Mumbai Indians,183,174,9,120,5,5,16,6,27,20.0,9.15,22,100,54.64,22.5
1136611,1,2018-05-17,2018,2018,M.Chinnaswamy Stadium,Royal Challengers Bangalore,Sunrisers Hyderabad,218,214,4,120,6,6,20,12,33,20.0,10.9,32,152,69.72,27.5
1136611,2,2018-05-17,2018,2018,M.Chinnaswamy Stadium,Sunrisers Hyderabad,Royal Challengers Bangalore,204,199,5,120,3,3,16,12,34,20.0,10.2,28,136,66.67,28.33
1136612,1,2018-05-18,2018,2018,Arun Jaitley Stadium,Delhi Daredevils,Chennai Super Kings,162,153,9,120,5,5,10,9,47,20.0,8.1,19,94,58.02,39.17
1136612,2,2018-05-18,2018,2018,Arun Jaitley Stadium,Chennai Super Kings,Delhi Daredevils,128,126,2,120,6,6,6,7,51,20.0,6.4,13,66,51.56,42.5
1136613,1,2018-05-19,2018,2018,Sawai Mansingh Stadium,Rajasthan Royals,Royal Challengers Bangalore,164,159,5,120,5,4,11,6,37,20.0,8.2,17,80,48.78,30.83
1136613,2,2018-05-19,2018,2018,Sawai Mansingh Stadium,Royal Challengers Bangalore,Rajasthan Royals,134,131,3,116,10,10,15,2,45,19.33,6.93,17,72,53.73,38.79
1136614,1,2018-05-19,2018,2018,Rajiv Gandhi International Stadium,Sunrisers Hyderabad,Kolkata Knight Riders,172,161,11,120,9,8,14,6,40,20.0,8.6,20,92,53.49,33.33
1136614,2,2018-05-19,2018,2018,Rajiv Gandhi International Stadium,Kolkata Knight Riders,Sunrisers Hyderabad,173,166,7,118,5,5,14,8,39,19.67,8.8,22,104,60.12,33.05
1136615,1,2018-05-20,2018,2018,Arun Jaitley Stadium,Delhi Daredevils,Mumbai Indians,174,162,12,120,4,3,13,7,34,20.0,8.7,20,94,54.02,28.33
1136615,2,2018-05-20,2018,2018,Arun Jaitley Stadium,Mumbai Indians,Delhi Daredevils,163,156,7,117,10,10,10,9,48,19.5,8.36,19,94,57.67,41.03
1136616,1,2018-05-20,2018,2018,Maharashtra Cricket Association Stadium,Kings XI Punjab,Chennai Super Kings,153,142,11,118,10,10,9,8,45,19.67,7.78,17,84,54.9,38.14
1136616,2,2018-05-20,2018,2018,Maharashtra Cricket Association Stadium,Chennai Super Kings,Kings XI Punjab,159,150,9,115,5,5,11,7,42,19.17,8.3,18,86,54.09,36.52
1136617,1,2018-05-22,2018,2018,Wankhede Stadium,Sunrisers Hyderabad,Chennai Super Kings,139,130,9,120,7,6,12,4,54,20.0,6.95,16,72,51.8,45.0
1136617,2,2018-05-22,2018,2018,Wankhede Stadium,Chennai Super Kings,Sunrisers Hyderabad,140,135,5,115,8,7,13,5,48,19.17,7.3,18,82,58.57,41.74
1136618,1,2018-05-23,2018,2018,Eden Gardens,Kolkata Knight Riders,Rajasthan Royals,169,159,10,120,7,7,13,8,46,20.0,8.45,21,100,59.17,38.33
1136618,2,2018-05-23,2018,2018,Eden Gardens,Rajasthan Royals,Kolkata Knight Riders,144,143,1,120,4,4,11,5,45,20.0,7.2,16,74,51.39,37.5
1136619,1,2018-05-25,2018,2018,Eden Gardens,Sunrisers Hyderabad,Kolkata Knight Riders,174,169,5,120,7,5,16,7,38,20.0,8.7,23,106,60.92,31.67
1136619,2,2018-05-25,2018,2018,Eden Gardens,Kolkata Knight Riders,Sunrisers Hyderabad,160,157,3,120,9,8,15,7,45,20.0,8.0,22,102,63.75,37.5
1136620,1,2018-05-27,2018,2018,Wankhede Stadium,Sunrisers Hyderabad,Chennai Super Kings,178,170,8,120,6,5,13,9,38,20.0,8.9,22,106,59.55,31.67
1136620,2,2018-05-27,2018,2018,Wankhede Stadium,Chennai Super Kings,Sunrisers Hyderabad,181,175,6,111,2,2,16,10,37,18.5,9.78,26,124,68.51,33.33
1175356,1,2019-03-23,2019,2019,MA Chidambaram Stadium,Royal Challengers Bangalore,Chennai Super Kings,70,66,4,103,10,9,3,1,57,17.17,4.08,4,18,25.71,55.34
1175356,2,2019-03-23,2019,2019,MA Chidambaram Stadium,Chennai Super Kings,Royal Challengers Bangalore,71,66,5,106,3,3,6,1,67,17.67,4.02,7,30,42.25,63.21
1175357,1,2019-03-24,2019,2019,Eden Gardens,Sunrisers Hyderabad,Kolkata Knight Riders,181,173,8,120,3,3,15,6,30,20.0,9.05,21,96,53.04,25.0
1175357,2,2019-03-24,2019,2019,Eden Gardens,Kolkata Knight Riders,Sunrisers Hyderabad,183,179,4,118,4,4,15,11,42,19.67,9.31,26,126,68.85,35.59
1175358,1,2019-03-24,2019,2019,Wankhede Stadium,Delhi Capitals,Mumbai Indians,213,207,6,120,6,6,22,11,37,20.0,10.65,33,154,72.3,30.83
1175358,2,2019-03-24,2019,2019,Wankhede Stadium,Mumbai Indians,Delhi Capitals,176,167,9,116,9,8,20,6,42,19.33,9.1,26,116,65.91,36.21
1175359,1,2019-03-25,2019,2019,Sawai Mansingh Stadium,Kings XI Punjab,Rajasthan Royals,184,168,16,120,4,4,17,7,43,20.0,9.2,24,110,59.78,35.83
1175359,2,2019-03-25,2019,2019,Sawai Mansingh Stadium,Rajasthan Royals,Kings XI Punjab,170,165,5,120,9,7,16,5,40,20.0,8.5,21,94,55.29,33.33
1175360,1,2019-03-26,2019,2019,Arun Jaitley Stadium,Delhi Capitals,Chennai Super Kings,147,140,7,120,6,6,16,2,44,20.0,7.35,18,76,51.7,36.67
1175360,2,2019-03-26,2019,2019,Arun Jaitley Stadium,Chennai Super Kings,Delhi Capitals,150,142,8,118,4,4,14,5,46,19.67,7.63,19,86,57.33,38.98
1175361,1,2019-03-27,2019,2019,Eden Gardens,Kolkata Knight Riders,Kings XI Punjab,218,213,5,120,4,4,14,17,40,20.0,10.9,31,158,72.48,33.33
1175361,2,2019-03-27,2019,2019,Eden Gardens,Kings XI Punjab,Kolkata Knight Riders,190,184,6,120,4,4,19,7,41,20.0,9.5,26,118,62.11,34.17
1175362,1,2019-03-28,2019,2019,M.Chinnaswamy Stadium,Mumbai Indians,Royal Challengers Bangalore,187,177,10,120,8,8,17,9,42,20.0,9.35,26,122,65.24,35.0
1175362,2,2019-03-28,2019,2019,M.Chinnaswamy Stadium,Royal Challengers Bangalore,Mumbai Indians,181,176,5,120,5,4,15,9,36,20.0,9.05,24,114,62.98,30.0
1175363,1,2019-03-29,2019,2019,Rajiv Gandhi International Stadium,Rajasthan Royals,Sunrisers Hyderabad,198,193,5,120,2,2,18,7,31,20.0,9.9,25,114,57.58,25.83
1175363,2,2019-03-29,2019,2019,Rajiv Gandhi International Stadium,Sunrisers Hyderabad,Rajasthan Royals,201,195,6,114,5,5,19,8,28,19.0,10.58,27,124,61.69,24.56
1175364,1,2019-03-30,2019,2019,Punjab Cricket Association IS Bindra Stadium,Mumbai Indians,Kings XI Punjab,176,169,7,120,7,7,20,3,34,20.0,8.8,23,98,55.68,28.33
1175364,2,2019-03-30,2019,2019,Punjab Cricket Association IS Bindra Stadium,Kings XI Punjab,Mumbai Indians,177,169,8,112,2,2,15,7,33,18.67,9.48,22,102,57.63,29.46
1175365,1,2019-03-30,2019,2019,Arun Jaitley Stadium,Kolkata Knight Riders,Delhi Capitals,185,177,8,120,8,6,17,9,44,20.0,9.25,26,122,65.95,36.67
1175365,2,2019-03-30,2019,2019,Arun Jaitley Stadium,Delhi Capitals,Kolkata Knight Riders,185,181,4,120,6,5,20,6,34,20.0,9.25,26,116,62.7,28.33
1175365,3,2019-03-30,2019,2019,Arun Jaitley Stadium,Delhi Capitals,Kolkata Knight Riders,10,10,0,6,1,1,1,0,1,1.0,10.0,1,4,40.0,16.67
1175365,4,2019-03-30,2019,2019,Arun Jaitley Stadium,Kolkata Knight Riders,Delhi Capitals,7,7,0,6,1,1,1,0,2,1.0,7.0,1,4,57.14,33.33
1175366,1,2019-03-31,2019,2019,Rajiv Gandhi International Stadium,Sunrisers Hyderabad,Royal Challengers Bangalore,231,229,2,120,2,1,17,13,24,20.0,11.55,30,146,63.2,20.0
1175366,2,2019-03-31,2019,2019,Rajiv Gandhi International Stadium,Royal Challengers Bangalore,Sunrisers Hyderabad,113,105,8,119,10,7,9,4,62,19.83,5.7,13,60,53.1,52.1
1175367,1,2019-03-31,2019,2019,MA Chidambaram Stadium,Chennai Super Kings,Rajasthan Royals,175,168,7,120,5,5,14,8,45,20.0,8.75,22,104,59.43,37.5
1175367,2,2019-03-31,2019,2019,MA Chidambaram Stadium,Rajasthan Royals,Chennai Super Kings,167,160,7,120,8,8,11,7,39,20.0,8.35,18,86,51.5,32.5
1175368,1,2019-04-01,2019,2019,Punjab Cricket Association IS Bindra Stadium,Kings XI Punjab,Delhi Capitals,166,157,9,120,9,7,17,5,42,20.0,8.3,22,98,59.04,35.0
1175368,2,2019-04-01,2019,2019,Punjab Cricket Association IS Bindra Stadium,Delhi Capitals,Kings XI Punjab,152,141,11,116,10,9,17,3,45,19.33,7.86,20,86,56.58,38.79
1175369,1,2019-04-02,2019,2019,Sawai Mansingh Stadium,Royal Challengers Bangalore,Rajasthan Royals,158,153,5,120,4,4,18,3,42,20.0,7.9,21,90,56.96,35.0
1175369,2,2019-04-02,2019,2019,Sawai Mansingh Stadium,Rajasthan Royals,Royal Challengers Bangalore,164,154,10,119,3,3,17,3,42,19.83,8.27,20,86,52.44,35.29
1175370,1,2019-04-03,2019,2019,Wankhede Stadium,Mumbai Indians,Chennai Super Kings,170,164,6,120,5,5,16,7,45,20.0,8.5,23,106,62.35,37.5
1175370,2,2019-04-03,2019,2019,Wankhede Stadium,Chennai Super Kings,Mumbai Indians,133,119,14,120,8,8,13,4,61,20.0,6.65,17,76,57.14,50.83
1175371,1,2019-04-04,2019,2019,Arun Jaitley Stadium,Delhi Capitals,Sunrisers Hyderabad,129,124,5,120,8,8,9,4,47,20.0,6.45,13,60,46.51,39.17
1175371,2,2019-04-04,2019,2019,Arun Jaitley Stadium,Sunrisers Hyderabad,Delhi Capitals,131,120,11,111,5,5,14,2,46,18.5,7.08,16,68,51.91,41.44
1175372,1,2019-04-05,2019,2019,M.Chinnaswamy Stadium,Royal Challengers Bangalore,Kolkata Knight Riders,205,200,5,120,3,3,20,7,31,20.0,10.25,27,122,59.51,25.83
1175372,2,2019-04-05,2019,2019,M.Chinnaswamy Stadium,Kolkata Knight Riders,Royal Challengers Bangalore,206,193,13,115,5,5,15,12,40,19.17,10.75,27,132,64.08,34.78
1178393,1,2019-04-06,2019,2019,MA Chidambaram Stadium,Chennai Super Kings,Kings XI Punjab,160,155,5,120,3,3,11,7,37,20.0,8.0,18,86,53.75,30.83
1178393,2,2019-04-06,2019,2019,MA Chidambaram Stadium,Kings XI Punjab,Chennai Super Kings,138,134,4,120,5,5,9,3,39,20.0,6.9,12,54,39.13,32.5
1178394,1,2019-04-06,2019,2019,Rajiv Gandhi International Stadium,Mumbai Indians,Sunrisers Hyderabad,136,130,6,120,7,6,8,7,57,20.0,6.8,15,74,54.41,47.5
1178394,2,2019-04-06,2019,2019,Rajiv Gandhi International Stadium,Sunrisers Hyderabad,Mumbai Indians,96,90,6,106,10,10,8,1,50,17.67,5.43,9,38,39.58,47.17
1178395,1,2019-04-07,2019,2019,M.Chinnaswamy Stadium,Royal Challengers Bangalore,Delhi Capitals,149,144,5,120,8,8,8,7,41,20.0,7.45,15,74,49.66,34.17
1178395,2,2019-04-07,2019,2019,M.Chinnaswamy Stadium,Delhi Capitals,Royal Challengers Bangalore,152,140,12,113,6,6,18,3,48,18.83,8.07,21,90,59.21,42.48
1178396,1,2019-04-07,2019,2019,Sawai Mansingh Stadium,Rajasthan Royals,Kolkata Knight Riders,139,128,11,120,3,3,13,2,45,20.0,6.95,15,64,46.04,37.5
1178396,2,2019-04-07,2019,2019,Sawai Mansingh Stadium,Kolkata Knight Riders,Rajasthan Royals,140,129,11,83,2,2,13,8,32,13.83,10.12,21,100,71.43,38.55
1178397,1,2019-04-08,2019,2019,Punjab Cricket Association IS Bindra Stadium,Sunrisers Hyderabad,Kings XI Punjab,150,142,8,120,4,3,12,2,41,20.0,7.5,14,60,40.0,34.17
1178397,2,2019-04-08,2019,2019,Punjab Cricket Association IS Bindra Stadium,Kings XI Punjab,Sunrisers Hyderabad,151,150,1,119,4,4,11,5,39,19.83,7.61,16,74,49.01,32.77
1178398,1,2019-04-09,2019,2019,MA Chidambaram Stadium,Kolkata Knight Riders,Chennai Super Kings,108,104,4,120,9,8,10,4,74,20.0,5.4,14,64,59.26,61.67
1178398,2,2019-04-09,2019,2019,MA Chidambaram Stadium,Chennai Super Kings,Kolkata Knight Riders,111,103,8,104,3,3,9,2,47,17.33,6.4,11,48,43.24,45.19
1178399,1,2019-04-10,2019,2019,Wankhede Stadium,Kings XI Punjab,Mumbai Indians,197,190,7,120,4,4,13,13,41,20.0,9.85,26,130,65.99,34.17
1178399,2,2019-04-10,2019,2019,Wankhede Stadium,Mumbai Indians,Kings XI Punjab,198,186,12,120,7,6,15,11,44,20.0,9.9,26,126,63.64,36.67
1178400,1,2019-04-11,2019,2019,Sawai Mansingh Stadium,Rajasthan Royals,Chennai Super Kings,151,144,7,120,7,7,16,2,41,20.0,7.55,18,76,50.33,34.17
1178400,2,2019-04-11,2019,2019,Sawai Mansingh Stadium,Chennai Super Kings,Rajasthan Royals,155,146,9,120,6,5,5,8,41,20.0,7.75,13,68,43.87,34.17
1178401,1,2019-04-12,2019,2019,Eden Gardens,Kolkata Knight Riders,Delhi Capitals,178,173,5,120,7,7,16,8,42,20.0,8.9,24,112,62.92,35.0
1178401,2,2019-04-12,2019,2019,Eden Gardens,Delhi Capitals,Kolkata Knight Riders,180,177,3,113,3,3,17,7,30,18.83,9.56,24,110,61.11,26.55
1178402,1,2019-04-13,2019,2019,Wankhede Stadium,Mumbai Indians,Rajasthan Royals,187,183,4,120,5,5,14,9,34,20.0,9.35,23,110,58.82,28.33
1178402,2,2019-04-13,2019,2019,Wankhede Stadium,Rajasthan Royals,Mumbai Indians,188,184,4,117,6,6,19,9,40,19.5,9.64,28,130,69.15,34.19
1178403,1,2019-04-13,2019,2019,Punjab Cricket Association IS Bindra Stadium,Kings XI Punjab,Royal Challengers Bangalore,173,166,7,120,4,4,15,8,43,20.0,8.65,23,108,62.43,35.83
1178403,2,2019-04-13,2019,2019,Punjab Cricket Association IS Bindra Stadium,Royal Challengers Bangalore,Kings XI Punjab,174,173,1,116,2,2,21,2,28,19.33,9.0,23,96,55.17,24.14
1178404,1,2019-04-14,2019,2019,Eden Gardens,Kolkata Knight Riders,Chennai Super Kings,161,152,9,120,8,7,13,7,46,20.0,8.05,20,94,58.39,38.33
1178404,2,2019-04-14,2019,2019,Eden Gardens,Chennai Super Kings,Kolkata Knight Riders,162,160,2,118,5,5,21,3,43,19.67,8.24,24,102,62.96,36.44
1178405,1,2019-04-14,2019,2019,Rajiv Gandhi International Stadium,Delhi Capitals,Sunrisers Hyderabad,155,146,9,120,7,7,14,4,41,20.0,7.75,18,80,51.61,34.17
1178405,2,2019-04-14,2019,2019,Rajiv Gandhi International Stadium,Sunrisers Hyderabad,Delhi Capitals,116,111,5,113,10,10,8,2,47,18.83,6.16,10,44,37.93,41.59
1178406,1,2019-04-15,2019,2019,Wankhede Stadium,Royal Challengers Bangalore,Mumbai Indians,171,163,8,120,7,6,12,10,41,20.0,8.55,22,108,63.16,34.17
1178406,2,2019-04-15,2019,2019,Wankhede Stadium,Mumbai Indians,Royal Challengers Bangalore,172,166,6,114,5,5,15,10,48,19.0,9.05,25,120,69.77,42.11
1178407,1,2019-04-16,2019,2019,Punjab Cricket Association IS Bindra Stadium,Kings XI Punjab,Rajasthan Royals,182,170,12,120,6,6,9,11,38,20.0,9.1,20,102,56.04,31.67
1178407,2,2019-04-16,2019,2019,Punjab Cricket Association IS Bindra Stadium,Rajasthan Royals,Kings XI Punjab,170,160,10,120,7,7,10,5,32,20.0,8.5,15,70,41.18,26.67
1178408,1,2019-04-17,2019,2019,Rajiv Gandhi International Stadium,Chennai Super Kings,Sunrisers Hyderabad,132,125,7,120,5,5,11,3,48,20.0,6.6,14,62,46.97,40.0
1178408,2,2019-04-17,2019,2019,Rajiv Gandhi International Stadium,Sunrisers Hyderabad,Chennai Super Kings,137,134,3,101,4,4,14,3,34,16.83,8.14,17,74,54.01,33.66
1178409,1,2019-04-18,2019,2019,Arun Jaitley Stadium,Mumbai Indians,Delhi Capitals,168,162,6,120,5,4,14,6,32,20.0,8.4,20,92,54.76,26.67
1178409,2,2019-04-18,2019,2019,Arun Jaitley Stadium,Delhi Capitals,Mumbai Indians,128,120,8,120,9,8,8,4,53,20.0,6.4,12,56,43.75,44.17
1178410,1,2019-04-19,2019,2019,Eden Gardens,Royal Challengers Bangalore,Kolkata Knight Riders,213,207,6,120,4,4,18,12,33,20.0,10.65,30,144,67.61,27.5
1178410,2,2019-04-19,2019,2019,Eden Gardens,Kolkata Knight Riders,Royal Challengers Bangalore,203,187,16,120,5,4,17,14,58,20.0,10.15,31,152,74.88,48.33
1178411,1,2019-04-20,2019,2019,Sawai Mansingh Stadium,Mumbai Indians,Rajasthan Royals,161,152,9,120,5,5,11,6,42,20.0,8.05,17,80,49.69,35.0
1178411,2,2019-04-20,2019,2019,Sawai Mansingh Stadium,Rajasthan Royals,Mumbai Indians,162,156,6,115,5,4,19,3,36,19.17,8.45,22,94,58.02,31.3
1178412,1,2019-04-20,2019,2019,Arun Jaitley Stadium,Kings XI Punjab,Delhi Capitals,163,158,5,120,7,7,13,8,42,20.0,8.15,21,100,61.35,35.0
1178412,2,2019-04-20,2019,2019,Arun Jaitley Stadium,Delhi Capitals,Kings XI Punjab,166,155,11,118,5,3,18,3,36,19.67,8.44,21,90,54.22,30.51
1178413,1,2019-04-21,2019,2019,Rajiv Gandhi International Stadium,Kolkata Knight Riders,Sunrisers Hyderabad,159,154,5,120,8,7,11,8,44,20.0,7.95,19,92,57.86,36.67
1178413,2,2019-04-21,2019,2019,Rajiv Gandhi International Stadium,Sunrisers Hyderabad,Kolkata Knight Riders,161,155,6,90,1,1,10,9,19,15.0,10.73,19,94,58.39,21.11
1178414,1,2019-04-21,2019,2019,M.Chinnaswamy Stadium,Royal Challengers Bangalore,Chennai Super Kings,161,157,4,120,7,7,13,7,44,20.0,8.05,20,94,58.39,36.67
1178414,2,2019-04-21,2019,2019,M.Chinnaswamy Stadium,Chennai Super Kings,Royal Challengers Bangalore,160,148,12,120,8,6,10,8,46,20.0,8.0,18,88,55.0,38.33
1178415,1,2019-04-22,2019,2019,Sawai Mansingh Stadium,Rajasthan Royals,Delhi Capitals,191,186,5,120,6,5,23,3,34,20.0,9.55,26,110,57.59,28.33
1178415,2,2019-04-22,2019,2019,Sawai Mansingh Stadium,Delhi Capitals,Rajasthan Royals,193,192,1,116,4,4,19,8,31,19.33,9.98,27,124,64.25,26.72
1178416,1,2019-04-23,2019,2019,MA Chidambaram Stadium,Sunrisers Hyderabad,Chennai Super Kings,175,171,4,120,3,3,12,6,33,20.0,8.75,18,84,48.0,27.5
1178416,2,2019-04-23,2019,2019,MA Chidambaram Stadium,Chennai Super Kings,Sunrisers Hyderabad,176,167,9,119,4,3,16,8,41,19.83,8.87,24,112,63.64,34.45
1178417,1,2019-04-24,2019,2019,M.Chinnaswamy Stadium,Royal Challengers Bangalore,Kings XI Punjab,202,191,11,120,4,4,15,12,35,20.0,10.1,27,132,65.35,29.17
1178417,2,2019-04-24,2019,2019,M.Chinnaswamy Stadium,Kings XI Punjab,Royal Challengers Bangalore,185,181,4,120,7,7,19,9,45,20.0,9.25,28,130,70.27,37.5
1178418,1,2019-04-25,2019,2019,Eden Gardens,Kolkata Knight Riders,Rajasthan Royals,175,165,10,120,6,5,14,11,51,20.0,8.75,25,122,69.71,42.5
1178418,2,2019-04-25,2019,2019,Eden Gardens,Rajasthan Royals,Kolkata Knight Riders,177,172,5,116,7,7,18,8,45,19.33,9.16,26,120,67.8,38.79
1178419,1,2019-04-26,2019,2019,MA Chidambaram Stadium,Mumbai Indians,Chennai Super Kings,155,151,4,120,4,4,13,6,47,20.0,7.75,19,88,56.77,39.17
1178419,2,2019-04-26,2019,2019,MA Chidambaram Stadium,Chennai Super Kings,Mumbai Indians,109,102,7,106,10,10,7,3,47,17.67,6.17,10,46,42.2,44.34
1178420,1,2019-04-27,2019,2019,Sawai Mansingh Stadium,Sunrisers Hyderabad,Rajasthan Royals,160,151,9,120,8,8,12,1,29,20.0,8.0,13,54,33.75,24.17
1178420,2,2019-04-27,2019,2019,Sawai Mansingh Stadium,Rajasthan Royals,Sunrisers Hyderabad,161,156,5,115,3,3,15,5,42,19.17,8.4,20,90,55.9,36.52
1178421,1,2019-04-28,2019,2019,Arun Jaitley Stadium,Delhi Capitals,Royal Challengers Bangalore,187,182,5,120,5,5,17,9,37,20.0,9.35,26,122,65.24,30.83
1178421,2,2019-04-28,2019,2019,Arun Jaitley Stadium,Royal Challengers Bangalore,Delhi Capitals,171,166,5,120,7,7,12,8,34,20.0,8.55,20,96,56.14,28.33
1178422,1,2019-04-28,2019,2019,Eden Gardens,Kolkata Knight Riders,Mumbai Indians,232,225,7,120,2,2,21,15,36,20.0,11.6,36,174,75.0,30.0
1178422,2,2019-04-28,2019,2019,Eden Gardens,Mumbai Indians,Kolkata Knight Riders,198,192,6,120,7,7,14,14,41,20.0,9.9,28,140,70.71,34.17
1178423,1,2019-04-29,2019,2019,Rajiv Gandhi International Stadium,Sunrisers Hyderabad,Kings XI Punjab,212,192,20,120,6,6,15,7,22,20.0,10.6,22,102,48.11,18.33
1178423,2,2019-04-29,2019,2019,Rajiv Gandhi International Stadium,Kings XI Punjab,Sunrisers Hyderabad,167,160,7,120,8,8,11,9,48,20.0,8.35,20,98,58.68,40.0
1178424,1,2019-04-30,2019,2019,M.Chinnaswamy Stadium,Royal Challengers Bangalore,Rajasthan Royals,62,59,3,30,7,7,6,3,8,5.0,12.4,9,42,67.74,26.67
1178424,2,2019-04-30,2019,2019,M.Chinnaswamy Stadium,Rajasthan Royals,Royal Challengers Bangalore,41,39,2,20,1,1,3,4,8,3.33,12.3,7,36,87.8,40.0
1178425,1,2019-05-01,2019,2019,MA Chidambaram Stadium,Chennai Super Kings,Delhi Capitals,179,172,7,120,4,4,17,8,43,20.0,8.95,25,116,64.8,35.83
1178425,2,2019-05-01,2019,2019,MA Chidambaram Stadium,Delhi Capitals,Chennai Super Kings,99,99,0,98,10,9,9,2,43,16.33,6.06,11,48,48.48,43.88
1178426,1,2019-05-02,2019,2019,Wankhede Stadium,Mumbai Indians,Sunrisers Hyderabad,162,154,8,120,5,5,15,6,43,20.0,8.1,21,96,59.26,35.83
1178426,2,2019-05-02,2019,2019,Wankhede Stadium,Sunrisers Hyderabad,Mumbai Indians,162,159,3,120,6,6,16,5,39,20.0,8.1,21,94,58.02,32.5
1178426,3,2019-05-02,2019,2019,Wankhede Stadium,Sunrisers Hyderabad,Mumbai Indians,8,8,0,4,2,1,0,1,1,0.67,12.0,1,6,75.0,25.0
1178426,4,2019-05-02,2019,2019,Wankhede Stadium,Mumbai Indians,Sunrisers Hyderabad,9,9,0,3,0,0,0,1,0,0.5,18.0,1,6,66.67,0.0
1178427,1,2019-05-03,2019,2019,Punjab Cricket Association IS Bindra Stadium,Kings XI Punjab,Kolkata Knight Riders,183,180,3,120,6,5,15,8,36,20.0,9.15,23,108,59.02,30.0
1178427,2,2019-05-03,2019,2019,Punjab Cricket Association IS Bindra Stadium,Kolkata Knight Riders,Kings XI Punjab,185,178,7,108,3,3,16,9,30,18.0,10.28,25,118,63.78,27.78
1178428,1,2019-05-04,2019,2019,Arun Jaitley Stadium,Rajasthan Royals,Delhi Capitals,115,106,9,120,9,8,8,3,56,20.0,5.75,11,50,43.48,46.67
1178428,2,2019-05-04,2019,2019,Arun Jaitley Stadium,Delhi Capitals,Rajasthan Royals,121,116,5,97,5,5,5,8,38,16.17,7.48,13,68,56.2,39.18
1178429,1,2019-05-04,2019,2019,M.Chinnaswamy Stadium,Sunrisers Hyderabad,Royal Challengers Bangalore,175,171,4,120,7,7,14,9,43,20.0,8.75,23,110,62.86,35.83
1178429,2,2019-05-04,2019,2019,M.Chinnaswamy Stadium,Royal Challengers Bangalore,Sunrisers Hyderabad,178,169,9,116,6,6,16,8,34,19.33,9.21,24,112,62.92,29.31
1178430,1,2019-05-05,2019,2019,Punjab Cricket Association IS Bindra Stadium,Chennai Super Kings,Kings XI Punjab,170,168,2,120,5,5,16,6,34,20.0,8.5,22,100,58.82,28.33
1178430,2,2019-05-05,2019,2019,Punjab Cricket Association IS Bindra Stadium,Kings XI Punjab,Chennai Super Kings,173,159,14,108,4,4,14,10,41,18.0,9.61,24,116,67.05,37.96
1178431,1,2019-05-05,2019,2019,Wankhede Stadium,Kolkata Knight Riders,Mumbai Indians,133,123,10,120,7,7,3,10,58,20.0,6.65,13,72,54.14,48.33
1178431,2,2019-05-05,2019,2019,Wankhede Stadium,Mumbai Indians,Kolkata Knight Riders,134,131,3,97,1,1,14,5,37,16.17,8.29,19,86,64.18,38.14
1181764,1,2019-05-07,2019,2019,MA Chidambaram Stadium,Chennai Super Kings,Mumbai Indians,131,126,5,120,4,4,10,4,49,20.0,6.55,14,64,48.85,40.83
1181764,2,2019-05-07,2019,2019,MA Chidambaram Stadium,Mumbai Indians,Chennai Super Kings,132,124,8,111,4,4,15,1,46,18.5,7.14,16,66,50.0,41.44
1181766,1,2019-05-08,2019,2019,Dr. Y.S. Rajasekhara Reddy ACA-VDCA Cricket Stadium,Sunrisers Hyderabad,Delhi Capitals,162,152,10,120,8,7,12,7,44,20.0,8.1,19,90,55.56,36.67
1181766,2,2019-05-08,2019,2019,Dr. Y.S. Rajasekhara Reddy ACA-VDCA Cricket Stadium,Delhi Capitals,Sunrisers Hyderabad,165,159,6,119,8,7,14,9,51,19.83,8.32,23,110,66.67,42.86
1181767,1,2019-05-10,2019,2019,Dr. Y.S. Rajasekhara Reddy ACA-VDCA Cricket Stadium,Delhi Capitals,Chennai Super Kings,147,139,8,120,9,9,13,4,45,20.0,7.35,17,76,51.7,37.5
1181767,2,2019-05-10,2019,2019,Dr. Y.S. Rajasekhara Reddy ACA-VDCA Cricket Stadium,Chennai Super Kings,Delhi Capitals,151,140,11,114,4,4,14,5,43,19.0,7.95,19,86,56.95,37.72
1181768,1,2019-05-12,2019,2019,Rajiv Gandhi International Stadium,Mumbai Indians,Chennai Super Kings,149,146,3,120,8,7,9,9,51,20.0,7.45,18,90,60.4,42.5
1181768,2,2019-05-12,2019,2019,Rajiv Gandhi International Stadium,Chennai Super Kings,Mumbai Indians,148,139,9,120,7,5,11,6,55,20.0,7.4,17,80,54.05,45.83
1216492,1,2020-09-19,2020,2020,Sheikh Zayed Stadium,Mumbai Indians,Chennai Super Kings,162,157,5,120,9,9,15,4,39,20.0,8.1,19,84,51.85,32.5
1216492,2,2020-09-19,2020,2020,Sheikh Zayed Stadium,Chennai Super Kings,Mumbai Indians,166,162,4,116,5,5,16,5,36,19.33,8.59,21,94,56.63,31.03
1216493,1,2020-09-20,2020,2020,Dubai International Cricket Stadium,Delhi Capitals,Kings XI Punjab,157,148,9,120,8,6,13,6,49,20.0,7.85,19,88,56.05,40.83
1216493,2,2020-09-20,2020,2020,Dubai International Cricket Stadium,Kings XI Punjab,Delhi Capitals,157,149,8,120,8,8,12,6,46,20.0,7.85,18,84,53.5,38.33
1216493,3,2020-09-20,2020,2020,Dubai International Cricket Stadium,Kings XI Punjab,Delhi Capitals,2,2,0,3,2,2,0,0,2,0.5,4.0,0,0,0.0,66.67
1216493,4,2020-09-20,2020,2020,Dubai International Cricket Stadium,Delhi Capitals,Kings XI Punjab,3,2,1,2,0,0,0,0,1,0.33,9.0,0,0,0.0,50.0
1216494,1,2020-10-21,2020,2020,Sheikh Zayed Stadium,Kolkata Knight Riders,Royal Challengers Bangalore,84,81,3,120,8,7,6,2,70,20.0,4.2,8,36,42.86,58.33
1216494,2,2020-10-21,2020,2020,Sheikh Zayed Stadium,Royal Challengers Bangalore,Kolkata Knight Riders,85,80,5,81,2,1,11,0,38,13.5,6.3,11,44,51.76,46.91
1216495,1,2020-11-03,2020,2020,Sharjah Cricket Stadium,Mumbai Indians,Sunrisers Hyderabad,149,148,1,120,8,8,10,8,46,20.0,7.45,18,88,59.06,38.33
1216495,2,2020-11-03,2020,2020,Sharjah Cricket Stadium,Sunrisers Hyderabad,Mumbai Indians,151,143,8,103,0,0,17,2,30,17.17,8.8,19,80,52.98,29.13
1216496,1,2020-09-22,2020,2020,Sharjah Cricket Stadium,Rajasthan Royals,Chennai Super Kings,216,207,9,120,7,6,9,17,33,20.0,10.8,26,138,63.89,27.5
1216496,2,2020-09-22,2020,2020,Sharjah Cricket Stadium,Chennai Super Kings,Rajasthan Royals,200,195,5,120,6,6,9,16,34,20.0,10.0,25,132,66.0,28.33
1216497,1,2020-10-24,2020,2020,Sheikh Zayed Stadium,Kolkata Knight Riders,Delhi Capitals,194,187,7,120,6,6,24,6,42,20.0,9.7,30,132,68.04,35.0
1216497,2,2020-10-24,2020,2020,Sheikh Zayed Stadium,Delhi Capitals,Kolkata Knight Riders,135,129,6,120,9,9,11,3,48,20.0,6.75,14,62,45.93,40.0
1216498,1,2020-10-24,2020,2020,Dubai International Cricket Stadium,Kings XI Punjab,Sunrisers Hyderabad,126,119,7,120,7,6,7,2,46,20.0,6.3,9,40,31.75,38.33
1216498,2,2020-10-24,2020,2020,Dubai International Cricket Stadium,Sunrisers Hyderabad,Kings XI Punjab,114,110,4,119,10,9,12,2,58,19.83,5.75,14,60,52.63,48.74
1216499,1,2020-10-28,2020,2020,Sheikh Zayed Stadium,Royal Challengers Bangalore,Mumbai Indians,164,161,3,120,6,6,21,3,47,20.0,8.2,24,102,62.2,39.17
1216499,2,2020-10-28,2020,2020,Sheikh Zayed Stadium,Mumbai Indians,Royal Challengers Bangalore,166,158,8,115,5,5,15,7,46,19.17,8.66,22,102,61.45,40.0
1216500,1,2020-10-09,2020,2020,Sharjah Cricket Stadium,Delhi Capitals,Rajasthan Royals,184,170,14,120,8,6,11,11,42,20.0,9.2,22,110,59.78,35.0
1216500,2,2020-10-09,2020,2020,Sharjah Cricket Stadium,Rajasthan Royals,Delhi Capitals,138,128,10,118,10,10,8,6,48,19.67,7.02,14,68,49.28,40.68
1216501,1,2020-10-07,2020,2020,Sheikh Zayed Stadium,Kolkata Knight Riders,Chennai Super Kings,167,157,10,120,10,9,14,5,36,20.0,8.35,19,86,51.5,30.0
1216501,2,2020-10-07,2020,2020,Sheikh Zayed Stadium,Chennai Super Kings,Kolkata Knight Riders,157,153,4,120,5,5,18,3,39,20.0,7.85,21,90,57.32,32.5
1216502,1,2020-10-31,2020,2020,Sharjah Cricket Stadium,Royal Challengers Bangalore,Sunrisers Hyderabad,120,109,11,120,7,7,9,1,47,20.0,6.0,10,42,35.0,39.17
1216502,2,2020-10-31,2020,2020,Sharjah Cricket Stadium,Sunrisers Hyderabad,Royal Challengers Bangalore,121,115,6,85,5,5,8,7,35,14.17,8.54,15,74,61.16,41.18
1216503,1,2020-10-01,2020,2020,Sheikh Zayed Stadium,Mumbai Indians,Kings XI Punjab,191,185,6,120,4,3,17,10,40,20.0,9.55,27,128,67.02,33.33
1216503,2,2020-10-01,2020,2020,Sheikh Zayed Stadium,Kings XI Punjab,Mumbai Indians,143,136,7,120,8,8,10,3,41,20.0,7.15,13,58,40.56,34.17
1216504,1,2020-09-30,2020,2020,Dubai International Cricket Stadium,Kolkata Knight Riders,Rajasthan Royals,174,163,11,120,6,6,12,8,43,20.0,8.7,20,96,55.17,35.83
1216504,2,2020-09-30,2020,2020,Dubai International Cricket Stadium,Rajasthan Royals,Kolkata Knight Riders,137,130,7,120,9,9,4,8,51,20.0,6.85,12,64,46.72,42.5
1216505,1,2020-11-02,2020,2020,Sheikh Zayed Stadium,Royal Challengers Bangalore,Delhi Capitals,152,148,4,120,7,6,12,4,41,20.0,7.6,16,72,47.37,34.17
1216505,2,2020-11-02,2020,2020,Sheikh Zayed Stadium,Delhi Capitals,Royal Challengers Bangalore,154,148,6,114,4,4,14,2,28,19.0,8.11,16,68,44.16,24.56
1216506,1,2020-11-01,2020,2020,Sheikh Zayed Stadium,Kings XI Punjab,Chennai Super Kings,153,151,2,120,6,6,12,5,37,20.0,7.65,17,78,50.98,30.83
1216506,2,2020-11-01,2020,2020,Sheikh Zayed Stadium,Chennai Super Kings,Kings XI Punjab,154,140,14,113,1,1,12,3,36,18.83,8.18,15,66,42.86,31.86
1216507,1,2020-10-11,2020,2020,Dubai International Cricket Stadium,Sunrisers Hyderabad,Rajasthan Royals,158,155,3,120,4,3,6,9,42,20.0,7.9,15,78,49.37,35.0
1216507,2,2020-10-11,2020,2020,Dubai International Cricket Stadium,Rajasthan Royals,Sunrisers Hyderabad,163,157,6,119,5,4,12,6,36,19.83,8.22,18,84,51.53,30.25
1216508,1,2020-09-23,2020,2020,Sheikh Zayed Stadium,Mumbai Indians,Kolkata Knight Riders,195,181,14,120,5,4,13,9,34,20.0,9.75,22,106,54.36,28.33
1216508,2,2020-09-23,2020,2020,Sheikh Zayed Stadium,Kolkata Knight Riders,Mumbai Indians,146,141,5,120,9,9,13,7,56,20.0,7.3,20,94,64.38,46.67
1216509,1,2020-10-17,2020,2020,Sharjah Cricket Stadium,Chennai Super Kings,Delhi Capitals,179,175,4,120,4,4,13,10,42,20.0,8.95,23,112,62.57,35.0
1216509,2,2020-10-17,2020,2020,Sharjah Cricket Stadium,Delhi Capitals,Chennai Super Kings,185,181,4,119,5,5,17,7,31,19.83,9.33,24,110,59.46,26.05
1216510,1,2020-09-24,2020,2020,Dubai International Cricket Stadium,Kings XI Punjab,Royal Challengers Bangalore,206,195,11,120,3,3,21,7,31,20.0,10.3,28,126,61.17,25.83
1216510,2,2020-09-24,2020,2020,Dubai International Cricket Stadium,Royal Challengers Bangalore,Kings XI Punjab,109,100,9,102,10,10,10,3,51,17.0,6.41,13,58,53.21,50.0
1216511,1,2020-10-06,2020,2020,Sheikh Zayed Stadium,Mumbai Indians,Rajasthan Royals,193,179,14,120,4,4,18,8,41,20.0,9.65,26,120,62.18,34.17
1216511,2,2020-10-06,2020,2020,Sheikh Zayed Stadium,Rajasthan Royals,Mumbai Indians,136,134,2,109,10,10,11,6,45,18.17,7.49,17,80,58.82,41.28
1216512,1,2020-10-18,2020,2020,Sheikh Zayed Stadium,Kolkata Knight Riders,Sunrisers Hyderabad,163,160,3,120,5,5,16,5,40,20.0,8.15,21,94,57.67,33.33
1216512,2,2020-10-18,2020,2020,Sheikh Zayed Stadium,Sunrisers Hyderabad,Kolkata Knight Riders,163,153,10,120,6,6,18,2,43,20.0,8.15,20,84,51.53,35.83
1216512,3,2020-10-18,2020,2020,Sheikh Zayed Stadium,Sunrisers Hyderabad,Kolkata Knight Riders,2,2,0,3,2,2,0,0,2,0.5,4.0,0,0,0.0,66.67
1216512,4,2020-10-18,2020,2020,Sheikh Zayed Stadium,Kolkata Knight Riders,Sunrisers Hyderabad,3,1,2,4,0,0,0,0,2,0.67,4.5,0,0,0.0,50.0
1216513,1,2020-10-04,2020,2020,Dubai International Cricket Stadium,Kings XI Punjab,Chennai Super Kings,178,174,4,120,4,4,14,6,35,20.0,8.9,20,92,51.69,29.17
1216513,2,2020-10-04,2020,2020,Dubai International Cricket Stadium,Chennai Super Kings,Kings XI Punjab,181,170,11,106,0,0,22,4,30,17.67,10.25,26,112,61.88,28.3
1216514,1,2020-10-03,2020,2020,Sheikh Zayed Stadium,Rajasthan Royals,Royal Challengers Bangalore,154,151,3,120,6,6,9,8,40,20.0,7.7,17,84,54.55,33.33
1216514,2,2020-10-03,2020,2020,Sheikh Zayed Stadium,Royal Challengers Bangalore,Rajasthan Royals,158,155,3,115,2,2,16,3,35,19.17,8.24,19,82,51.9,30.43
1216515,1,2020-10-03,2020,2020,Sharjah Cricket Stadium,Delhi Capitals,Kolkata Knight Riders,228,226,2,120,4,4,18,14,23,20.0,11.4,32,156,68.42,19.17
1216515,2,2020-10-03,2020,2020,Sharjah Cricket Stadium,Kolkata Knight Riders,Delhi Capitals,210,197,13,120,8,8,12,14,35,20.0,10.5,26,132,62.86,29.17
1216516,1,2020-10-02,2020,2020,Dubai International Cricket Stadium,Sunrisers Hyderabad,Chennai Super Kings,164,156,8,120,5,4,19,2,43,20.0,8.2,21,88,53.66,35.83
1216516,2,2020-10-02,2020,2020,Dubai International Cricket Stadium,Chennai Super Kings,Sunrisers Hyderabad,157,146,11,120,5,4,14,5,49,20.0,7.85,19,86,54.78,40.83
1216517,1,2020-10-18,2020,2020,Dubai International Cricket Stadium,Mumbai Indians,Kings XI Punjab,176,169,7,120,6,6,15,9,46,20.0,8.8,24,114,64.77,38.33
1216517,2,2020-10-18,2020,2020,Dubai International Cricket Stadium,Kings XI Punjab,Mumbai Indians,176,172,4,120,6,5,14,8,44,20.0,8.8,22,104,59.09,36.67
1216517,3,2020-10-18,2020,2020,Dubai International Cricket Stadium,Kings XI Punjab,Mumbai Indians,5,5,0,6,2,2,0,0,2,1.0,5.0,0,0,0.0,33.33
1216517,4,2020-10-18,2020,2020,Dubai International Cricket Stadium,Mumbai Indians,Kings XI Punjab,5,5,0,6,1,0,0,0,1,1.0,5.0,0,0,0.0,16.67
1216517,5,2020-10-18,2020,2020,Dubai International Cricket Stadium,Mumbai Indians,Kings XI Punjab,11,9,2,6,1,0,1,0,1,1.0,11.0,1,4,36.36,16.67
1216517,6,2020-10-18,2020,2020,Dubai International Cricket Stadium,Kings XI Punjab,Mumbai Indians,15,15,0,4,0,0,2,1,0,0.67,22.5,3,14,93.33,0.0
1216518,1,2020-10-22,2020,2020,Dubai International Cricket Stadium,Rajasthan Royals,Sunrisers Hyderabad,154,151,3,120,6,5,12,4,41,20.0,7.7,16,72,46.75,34.17
1216518,2,2020-10-22,2020,2020,Dubai International Cricket Stadium,Sunrisers Hyderabad,Rajasthan Royals,156,149,7,109,2,2,12,9,44,18.17,8.59,21,102,65.38,40.37
1216519,1,2020-10-05,2020,2020,Dubai International Cricket Stadium,Delhi Capitals,Royal Challengers Bangalore,196,186,10,120,4,4,18,7,31,20.0,9.8,25,114,58.16,25.83
1216519,2,2020-10-05,2020,2020,Dubai International Cricket Stadium,Royal Challengers Bangalore,Delhi Capitals,137,126,11,120,9,9,11,2,42,20.0,6.85,13,56,40.88,35.0
1216520,1,2020-10-26,2020,2020,Sharjah Cricket Stadium,Kolkata Knight Riders,Kings XI Punjab,149,143,6,120,9,9,12,8,55,20.0,7.45,20,96,64.43,45.83
1216520,2,2020-10-26,2020,2020,Sharjah Cricket Stadium,Kings XI Punjab,Kolkata Knight Riders,150,147,3,113,2,2,14,7,46,18.83,7.96,21,98,65.33,40.71
1216521,1,2020-10-23,2020,2020,Sharjah Cricket Stadium,Chennai Super Kings,Mumbai Indians,114,102,12,120,9,9,9,3,65,20.0,5.7,12,54,47.37,54.17
1216521,2,2020-10-23,2020,2020,Sharjah Cricket Stadium,Mumbai Indians,Chennai Super Kings,116,114,2,74,0,0,11,7,28,12.33,9.41,18,86,74.14,37.84
1216522,1,2020-10-17,2020,2020,Dubai International Cricket Stadium,Rajasthan Royals,Royal Challengers Bangalore,177,167,10,120,6,6,17,5,40,20.0,8.85,22,98,55.37,33.33
1216522,2,2020-10-17,2020,2020,Dubai International Cricket Stadium,Royal Challengers Bangalore,Rajasthan Royals,179,166,13,118,3,3,5,10,36,19.67,9.1,15,80,44.69,30.51
1216523,1,2020-10-10,2020,2020,Sheikh Zayed Stadium,Kolkata Knight Riders,Kings XI Punjab,164,155,9,120,6,3,17,3,44,20.0,8.2,20,86,52.44,36.67
1216523,2,2020-10-10,2020,2020,Sheikh Zayed Stadium,Kings XI Punjab,Kolkata Knight Riders,162,160,2,120,5,5,16,2,32,20.0,8.1,18,76,46.91,26.67
1216524,1,2020-10-27,2020,2020,Dubai International Cricket Stadium,Sunrisers Hyderabad,Delhi Capitals,219,208,11,120,2,2,25,5,29,20.0,10.95,30,130,59.36,24.17
1216524,2,2020-10-27,2020,2020,Dubai International Cricket Stadium,Delhi Capitals,Sunrisers Hyderabad,131,122,9,114,10,10,13,3,49,19.0,6.89,16,70,53.44,42.98
1216525,1,2020-10-10,2020,2020,Dubai International Cricket Stadium,Royal Challengers Bangalore,Chennai Super Kings,169,157,12,120,4,4,8,7,37,20.0,8.45,15,74,43.79,30.83
1216525,2,2020-10-10,2020,2020,Dubai International Cricket Stadium,Chennai Super Kings,Royal Challengers Bangalore,132,127,5,120,8,7,12,1,48,20.0,6.6,13,54,40.91,40.0
1216526,1,2020-10-16,2020,2020,Sheikh Zayed Stadium,Kolkata Knight Riders,Mumbai Indians,148,141,7,120,5,5,13,5,52,20.0,7.4,18,82,55.41,43.33
1216526,2,2020-10-16,2020,2020,Sheikh Zayed Stadium,Mumbai Indians,Kolkata Knight Riders,149,144,5,101,2,2,18,5,40,16.83,8.85,23,102,68.46,39.6
1216527,1,2020-09-27,2020,2020,Sharjah Cricket Stadium,Kings XI Punjab,Rajasthan Royals,223,213,10,120,2,2,20,11,29,20.0,11.15,31,146,65.47,24.17
1216527,2,2020-09-27,2020,2020,Sharjah Cricket Stadium,Rajasthan Royals,Kings XI Punjab,226,218,8,117,6,6,14,18,39,19.5,11.59,32,164,72.57,33.33
1216528,1,2020-10-13,2020,2020,Dubai International Cricket Stadium,Chennai Super Kings,Sunrisers Hyderabad,167,162,5,120,6,6,12,9,44,20.0,8.35,21,102,61.08,36.67
1216528,2,2020-10-13,2020,2020,Dubai International Cricket Stadium,Sunrisers Hyderabad,Chennai Super Kings,147,141,6,120,8,7,13,2,41,20.0,7.35,15,64,43.54,34.17
1216529,1,2020-10-11,2020,2020,Sheikh Zayed Stadium,Delhi Capitals,Mumbai Indians,162,157,5,120,4,3,17,1,33,20.0,8.1,18,74,45.68,27.5
1216529,2,2020-10-11,2020,2020,Sheikh Zayed Stadium,Mumbai Indians,Delhi Capitals,166,162,4,118,5,5,15,6,37,19.67,8.44,21,96,57.83,31.36
1216530,1,2020-11-01,2020,2020,Dubai International Cricket Stadium,Kolkata Knight Riders,Rajasthan Royals,191,184,7,120,7,7,16,12,45,20.0,9.55,28,136,71.2,37.5
1216530,2,2020-11-01,2020,2020,Dubai International Cricket Stadium,Rajasthan Royals,Kolkata Knight Riders,131,126,5,120,9,9,11,4,55,20.0,6.55,15,68,51.91,45.83
1216531,1,2020-10-15,2020,2020,Sharjah Cricket Stadium,Royal Challengers Bangalore,Kings XI Punjab,171,159,12,120,6,6,8,8,30,20.0,8.55,16,80,46.78,25.0
1216531,2,2020-10-15,2020,2020,Sharjah Cricket Stadium,Kings XI Punjab,Royal Challengers Bangalore,177,165,12,120,2,1,6,14,43,20.0,8.85,20,108,61.02,35.83
1216532,1,2020-09-29,2020,2020,Sheikh Zayed Stadium,Sunrisers Hyderabad,Delhi Capitals,162,155,7,120,4,4,11,4,29,20.0,8.1,15,68,41.98,24.17
1216532,2,2020-09-29,2020,2020,Sheikh Zayed Stadium,Delhi Capitals,Sunrisers Hyderabad,147,136,11,120,7,7,9,5,44,20.0,7.35,14,66,44.9,36.67
1216533,1,2020-10-19,2020,2020,Sheikh Zayed Stadium,Chennai Super Kings,Rajasthan Royals,125,120,5,120,5,4,12,1,48,20.0,6.25,13,54,43.2,40.0
1216533,2,2020-10-19,2020,2020,Sheikh Zayed Stadium,Rajasthan Royals,Chennai Super Kings,126,119,7,105,3,3,12,2,45,17.5,7.2,14,60,47.62,42.86
1216534,1,2020-09-21,2020,2020,Dubai International Cricket Stadium,Royal Challengers Bangalore,Sunrisers Hyderabad,163,158,5,120,5,3,13,4,34,20.0,8.15,17,76,46.63,28.33
1216534,2,2020-09-21,2020,2020,Dubai International Cricket Stadium,Sunrisers Hyderabad,Royal Challengers Bangalore,153,138,15,118,10,8,14,3,45,19.67,7.78,17,74,48.37,38.14
1216535,1,2020-10-31,2020,2020,Dubai International Cricket Stadium,Delhi Capitals,Mumbai Indians,110,105,5,120,9,8,7,3,60,20.0,5.5,10,46,41.82,50.0
1216535,2,2020-10-31,2020,2020,Dubai International Cricket Stadium,Mumbai Indians,Delhi Capitals,111,110,1,86,1,1,11,3,32,14.33,7.74,14,62,55.86,37.21
1216536,1,2020-10-29,2020,2020,Dubai International Cricket Stadium,Kolkata Knight Riders,Chennai Super Kings,172,170,2,120,5,5,20,5,41,20.0,8.6,25,110,63.95,34.17
1216536,2,2020-10-29,2020,2020,Dubai International Cricket Stadium,Chennai Super Kings,Kolkata Knight Riders,178,169,9,120,4,4,15,7,38,20.0,8.9,22,102,57.3,31.67
1216537,1,2020-10-30,2020,2020,Sheikh Zayed Stadium,Kings XI Punjab,Rajasthan Royals,185,174,11,120,4,4,10,13,46,20.0,9.25,23,118,63.78,38.33
1216537,2,2020-10-30,2020,2020,Sheikh Zayed Stadium,Rajasthan Royals,Kings XI Punjab,186,181,5,105,3,2,17,10,30,17.5,10.63,27,128,68.82,28.57
1216538,1,2020-10-04,2020,2020,Sharjah Cricket Stadium,Mumbai Indians,Sunrisers Hyderabad,208,204,4,120,5,5,15,14,37,20.0,10.4,29,144,69.23,30.83
1216538,2,2020-10-04,2020,2020,Sharjah Cricket Stadium,Sunrisers Hyderabad,Mumbai Indians,174,159,15,120,7,7,12,7,41,20.0,8.7,19,90,51.72,34.17
1216539,1,2020-09-25,2020,2020,Dubai International Cricket Stadium,Delhi Capitals,Chennai Super Kings,175,167,8,120,3,3,20,2,34,20.0,8.75,22,92,52.57,28.33
1216539,2,2020-09-25,2020,2020,Dubai International Cricket Stadium,Chennai Super Kings,Delhi Capitals,131,126,5,120,7,6,12,1,45,20.0,6.55,13,54,41.22,37.5
1216540,1,2020-10-12,2020,2020,Sharjah Cricket Stadium,Royal Challengers Bangalore,Kolkata Knight Riders,194,185,9,120,2,2,14,8,33,20.0,9.7,22,104,53.61,27.5
1216540,2,2020-10-12,2020,2020,Sharjah Cricket Stadium,Kolkata Knight Riders,Royal Challengers Bangalore,112,106,6,120,9,8,8,2,49,20.0,5.6,10,44,39.29,40.83
1216541,1,2020-10-25,2020,2020,Sheikh Zayed Stadium,Mumbai Indians,Rajasthan Royals,195,186,9,120,5,5,14,12,39,20.0,9.75,26,128,65.64,32.5
1216541,2,2020-10-25,2020,2020,Sheikh Zayed Stadium,Rajasthan Royals,Mumbai Indians,196,185,11,110,2,2,21,7,31,18.33,10.69,28,126,64.29,28.18
1216542,1,2020-10-08,2020,2020,Dubai International Cricket Stadium,Sunrisers Hyderabad,Kings XI Punjab,201,190,11,120,6,6,15,9,38,20.0,10.05,24,114,56.72,31.67
1216542,2,2020-10-08,2020,2020,Dubai International Cricket Stadium,Kings XI Punjab,Sunrisers Hyderabad,132,128,4,101,10,8,9,7,42,16.83,7.84,16,78,59.09,41.58
1216543,1,2020-10-14,2020,2020,Dubai International Cricket Stadium,Delhi Capitals,Rajasthan Royals,161,151,10,120,7,7,11,5,37,20.0,8.05,16,74,45.96,30.83
1216543,2,2020-10-14,2020,2020,Dubai International Cricket Stadium,Rajasthan Royals,Delhi Capitals,148,143,5,120,8,7,14,4,41,20.0,7.4,18,80,54.05,34.17
1216544,1,2020-10-25,2020,2020,Dubai International Cricket Stadium,Royal Challengers Bangalore,Chennai Super Kings,145,136,9,120,6,6,11,2,36,20.0,7.25,13,56,38.62,30.0
1216544,2,2020-10-25,2020,2020,Dubai International Cricket Stadium,Chennai Super Kings,Royal Challengers Bangalore,150,148,2,112,2,2,12,7,40,18.67,8.04,19,90,60.0,35.71
1216545,1,2020-09-26,2020,2020,Sheikh Zayed Stadium,Sunrisers Hyderabad,Kolkata Knight Riders,142,135,7,120,4,3,8,4,36,20.0,7.1,12,56,39.44,30.0
1216545,2,2020-09-26,2020,2020,Sheikh Zayed Stadium,Kolkata Knight Riders,Sunrisers Hyderabad,145,138,7,108,3,3,14,4,34,18.0,8.06,18,80,55.17,31.48
1216546,1,2020-10-20,2020,2020,Dubai International Cricket Stadium,Delhi Capitals,Kings XI Punjab,164,160,4,120,5,5,14,5,34,20.0,8.2,19,86,52.44,28.33
1216546,2,2020-10-20,2020,2020,Dubai International Cricket Stadium,Kings XI Punjab,Delhi Capitals,167,159,8,114,5,4,14,7,39,19.0,8.79,21,98,58.68,34.21
1216547,1,2020-09-28,2020,2020,Dubai International Cricket Stadium,Royal Challengers Bangalore,Mumbai Indians,201,191,10,120,3,3,17,10,36,20.0,10.05,27,128,63.68,30.0
1216547,2,2020-09-28,2020,2020,Dubai International Cricket Stadium,Mumbai Indians,Royal Challengers Bangalore,201,196,5,120,5,5,6,16,33,20.0,10.05,22,120,59.7,27.5
1216547,3,2020-09-28,2020,2020,Dubai International Cricket Stadium,Mumbai Indians,Royal Challengers Bangalore,7,6,1,6,1,1,1,0,2,1.0,7.0,1,4,57.14,33.33
1216547,4,2020-09-28,2020,2020,Dubai International Cricket Stadium,Royal Challengers Bangalore,Mumbai Indians,11,11,0,6,0,0,2,0,1,1.0,11.0,2,8,72.73,16.67
1237177,1,2020-11-05,2020,2020,Dubai International Cricket Stadium,Mumbai Indians,Delhi Capitals,200,196,4,120,5,5,15,12,35,20.0,10.0,27,132,66.0,29.17
1237177,2,2020-11-05,2020,2020,Dubai International Cricket Stadium,Delhi Capitals,Mumbai Indians,143,137,6,120,8,8,13,6,56,20.0,7.15,19,88,61.54,46.67
1237178,1,2020-11-06,2020,2020,Sheikh Zayed Stadium,Royal Challengers Bangalore,Sunrisers Hyderabad,131,127,4,120,7,6,10,1,40,20.0,6.55,11,46,35.11,33.33
1237178,2,2020-11-06,2020,2020,Sheikh Zayed Stadium,Sunrisers Hyderabad,Royal Challengers Bangalore,132,122,10,118,4,4,11,3,49,19.67,6.71,14,62,46.97,41.53
1237180,1,2020-11-08,2020,2020,Sheikh Zayed Stadium,Delhi Capitals,Sunrisers Hyderabad,189,181,8,120,3,3,16,5,24,20.0,9.45,21,94,49.74,20.0
1237180,2,2020-11-08,2020,2020,Sheikh Zayed Stadium,Sunrisers Hyderabad,Delhi Capitals,172,166,6,120,8,8,12,9,39,20.0,8.6,21,102,59.3,32.5
1237181,1,2020-11-10,2020,2020,Dubai International Cricket Stadium,Delhi Capitals,Mumbai Indians,156,152,4,120,7,6,15,4,41,20.0,7.8,19,84,53.85,34.17
1237181,2,2020-11-10,2020,2020,Dubai International Cricket Stadium,Mumbai Indians,Delhi Capitals,157,153,4,112,5,4,14,7,38,18.67,8.41,21,98,62.42,33.93
1254058,1,2021-04-09,2021,2021,"MA Chidambaram Stadium, Chepauk, Chennai",Mumbai Indians,Royal Challengers Bangalore,159,155,4,120,9,7,15,6,50,20.0,7.95,21,96,60.38,41.67
1254058,2,2021-04-09,2021,2021,"MA Chidambaram Stadium, Chepauk, Chennai",Royal Challengers Bangalore,Mumbai Indians,160,148,12,120,8,6,12,4,42,20.0,8.0,16,72,45.0,35.0
1254059,1,2021-04-10,2021,2021,"Wankhede Stadium, Mumbai",Chennai Super Kings,Delhi Capitals,188,178,10,120,7,6,16,10,42,20.0,9.4,26,124,65.96,35.0
1254059,2,2021-04-10,2021,2021,"Wankhede Stadium, Mumbai",Delhi Capitals,Chennai Super Kings,190,186,4,112,3,3,24,5,27,18.67,10.18,29,126,66.32,24.11
1254060,1,2021-04-11,2021,2021,"MA Chidambaram Stadium, Chepauk, Chennai",Kolkata Knight Riders,Sunrisers Hyderabad,187,180,7,120,6,6,18,8,41,20.0,9.35,26,120,64.17,34.17
1254060,2,2021-04-11,2021,2021,"MA Chidambaram Stadium, Chepauk, Chennai",Sunrisers Hyderabad,Kolkata Knight Riders,177,170,7,120,5,5,9,10,40,20.0,8.85,19,96,54.24,33.33
1254061,1,2021-04-12,2021,2021,"Wankhede Stadium, Mumbai",Punjab Kings,Rajasthan Royals,221,215,6,120,6,6,18,13,35,20.0,11.05,31,150,67.87,29.17
1254061,2,2021-04-12,2021,2021,"Wankhede Stadium, Mumbai",Rajasthan Royals,Punjab Kings,217,208,9,120,7,7,22,11,38,20.0,10.85,33,154,70.97,31.67
1254062,1,2021-04-13,2021,2021,"MA Chidambaram Stadium, Chepauk, Chennai",Mumbai Indians,Kolkata Knight Riders,152,145,7,120,10,10,16,3,44,20.0,7.6,19,82,53.95,36.67
1254062,2,2021-04-13,2021,2021,"MA Chidambaram Stadium, Chepauk, Chennai",Kolkata Knight Riders,Mumbai Indians,142,130,12,120,7,7,14,3,49,20.0,7.1,17,74,52.11,40.83
1254063,1,2021-04-14,2021,2021,"MA Chidambaram Stadium, Chepauk, Chennai",Royal Challengers Bangalore,Sunrisers Hyderabad,149,139,10,120,8,8,14,4,46,20.0,7.45,18,80,53.69,38.33
1254063,2,2021-04-14,2021,2021,"MA Chidambaram Stadium, Chepauk, Chennai",Sunrisers Hyderabad,Royal Challengers Bangalore,143,131,12,120,9,8,11,4,54,20.0,7.15,15,68,47.55,45.0
1254064,1,2021-04-15,2021,2021,"Wankhede Stadium, Mumbai",Delhi Capitals,Rajasthan Royals,147,142,5,120,8,6,20,0,47,20.0,7.35,20,80,54.42,39.17
1254064,2,2021-04-15,2021,2021,"Wankhede Stadium, Mumbai",Rajasthan Royals,Delhi Capitals,150,147,3,118,7,7,12,7,45,19.67,7.63,19,90,60.0,38.14
1254065,1,2021-04-16,2021,2021,"Wankhede Stadium, Mumbai",Punjab Kings,Chennai Super Kings,106,102,4,120,8,7,10,2,64,20.0,5.3,12,52,49.06,53.33
1254065,2,2021-04-16,2021,2021,"Wankhede Stadium, Mumbai",Chennai Super Kings,Punjab Kings,107,100,7,94,4,4,13,2,47,15.67,6.83,15,64,59.81,50.0
1254066,1,2021-04-17,2021,2021,"MA Chidambaram Stadium, Chepauk, Chennai",Mumbai Indians,Sunrisers Hyderabad,150,139,11,120,5,5,10,6,46,20.0,7.5,16,76,50.67,38.33
1254066,2,2021-04-17,2021,2021,"MA Chidambaram Stadium, Chepauk, Chennai",Sunrisers Hyderabad,Mumbai Indians,137,132,5,118,10,8,7,8,52,19.67,6.97,15,76,55.47,44.07
1254067,1,2021-04-18,2021,2021,"MA Chidambaram Stadium, Chepauk, Chennai",Royal Challengers Bangalore,Kolkata Knight Riders,204,196,8,120,4,4,22,7,37,20.0,10.2,29,130,63.73,30.83
1254067,2,2021-04-18,2021,2021,"MA Chidambaram Stadium, Chepauk, Chennai",Kolkata Knight Riders,Royal Challengers Bangalore,166,162,4,120,8,8,14,9,45,20.0,8.3,23,110,66.27,37.5
1254068,1,2021-04-18,2021,2021,"Wankhede Stadium, Mumbai",Punjab Kings,Delhi Capitals,195,187,8,120,4,4,17,10,37,20.0,9.75,27,128,65.64,30.83
1254068,2,2021-04-18,2021,2021,"Wankhede Stadium, Mumbai",Delhi Capitals,Punjab Kings,198,187,11,110,4,4,21,6,27,18.33,10.8,27,120,60.61,24.55
1254069,1,2021-04-19,2021,2021,"Wankhede Stadium, Mumbai",Chennai Super Kings,Rajasthan Royals,188,174,14,120,9,7,12,10,44,20.0,9.4,22,108,57.45,36.67
1254069,2,2021-04-19,2021,2021,"Wankhede Stadium, Mumbai",Rajasthan Royals,Chennai Super Kings,143,130,13,120,9,9,10,6,54,20.0,7.15,16,76,53.15,45.0
1254070,1,2021-04-20,2021,2021,"MA Chidambaram Stadium, Chepauk, Chennai",Mumbai Indians,Delhi Capitals,137,132,5,120,9,9,10,4,46,20.0,6.85,14,64,46.72,38.33
1254070,2,2021-04-20,2021,2021,"MA Chidambaram Stadium, Chepauk, Chennai",Delhi Capitals,Mumbai Indians,138,128,10,115,4,4,14,1,41,19.17,7.2,15,62,44.93,35.65
1254071,1,2021-04-21,2021,2021,"MA Chidambaram Stadium, Chepauk, Chennai",Punjab Kings,Sunrisers Hyderabad,120,109,11,118,10,8,7,2,45,19.67,6.1,9,40,33.33,38.14
1254071,2,2021-04-21,2021,2021,"MA Chidambaram Stadium, Chepauk, Chennai",Sunrisers Hyderabad,Punjab Kings,121,116,5,112,1,1,6,4,45,18.67,6.48,10,48,39.67,40.18
1254072,1,2021-04-21,2021,2021,"Wankhede Stadium, Mumbai",Chennai Super Kings,Kolkata Knight Riders,220,207,13,120,3,3,19,12,39,20.0,11.0,31,148,67.27,32.5
1254072,2,2021-04-21,2021,2021,"Wankhede Stadium, Mumbai",Kolkata Knight Riders,Chennai Super Kings,202,188,14,115,10,8,16,14,48,19.17,10.54,30,148,73.27,41.74
1254073,1,2021-04-22,2021,2021,"Wankhede Stadium, Mumbai",Rajasthan Royals,Royal Challengers Bangalore,177,164,13,120,9,9,18,7,47,20.0,8.85,25,114,64.41,39.17
1254073,2,2021-04-22,2021,2021,"Wankhede Stadium, Mumbai",Royal Challengers Bangalore,Rajasthan Royals,181,173,8,99,0,0,17,9,23,16.5,10.97,26,122,67.4,23.23
1254074,1,2021-04-23,2021,2021,"MA Chidambaram Stadium, Chepauk, Chennai",Mumbai Indians,Punjab Kings,131,125,6,120,6,6,8,4,43,20.0,6.55,12,56,42.75,35.83
1254074,2,2021-04-23,2021,2021,"MA Chidambaram Stadium, Chepauk, Chennai",Punjab Kings,Mumbai Indians,132,128,4,106,1,1,12,6,48,17.67,7.47,18,84,63.64,45.28
1254075,1,2021-04-24,2021,2021,"Wankhede Stadium, Mumbai",Kolkata Knight Riders,Rajasthan Royals,133,124,9,120,9,7,9,5,53,20.0,6.65,14,66,49.62,44.17
1254075,2,2021-04-24,2021,2021,"Wankhede Stadium, Mumbai",Rajasthan Royals,Kolkata Knight Riders,134,120,14,113,4,4,13,2,43,18.83,7.12,15,64,47.76,38.05
1254076,1,2021-04-25,2021,2021,"Wankhede Stadium, Mumbai",Chennai Super Kings,Royal Challengers Bangalore,191,185,6,120,4,4,15,11,43,20.0,9.55,26,126,65.97,35.83
1254076,2,2021-04-25,2021,2021,"Wankhede Stadium, Mumbai",Royal Challengers Bangalore,Chennai Super Kings,122,114,8,120,9,7,10,4,61,20.0,6.1,14,64,52.46,50.83
1254077,1,2021-04-25,2021,2021,"MA Chidambaram Stadium, Chepauk, Chennai",Delhi Capitals,Sunrisers Hyderabad,159,155,4,120,4,3,17,3,38,20.0,7.95,20,86,54.09,31.67
1254077,2,2021-04-25,2021,2021,"MA Chidambaram Stadium, Chepauk, Chennai",Sunrisers Hyderabad,Delhi Capitals,159,150,9,120,7,6,14,5,45,20.0,7.95,19,86,54.09,37.5
1254077,3,2021-04-25,2021,2021,"MA Chidambaram Stadium, Chepauk, Chennai",Sunrisers Hyderabad,Delhi Capitals,7,6,1,6,0,0,1,0,2,1.0,7.0,1,4,57.14,33.33
1254077,4,2021-04-25,2021,2021,"MA Chidambaram Stadium, Chepauk, Chennai",Delhi Capitals,Sunrisers Hyderabad,8,5,3,6,0,0,1,0,1,1.0,8.0,1,4,50.0,16.67
1254078,1,2021-04-26,2021,2021,"Narendra Modi Stadium, Ahmedabad",Punjab Kings,Kolkata Knight Riders,123,118,5,120,9,9,5,8,59,20.0,6.15,13,68,55.28,49.17
1254078,2,2021-04-26,2021,2021,"Narendra Modi Stadium, Ahmedabad",Kolkata Knight Riders,Punjab Kings,126,119,7,100,5,4,17,2,43,16.67,7.56,19,80,63.49,43.0
1254079,1,2021-04-27,2021,2021,"Narendra Modi Stadium, Ahmedabad",Royal Challengers Bangalore,Delhi Capitals,171,169,2,120,5,5,9,9,36,20.0,8.55,18,90,52.63,30.0
1254079,2,2021-04-27,2021,2021,"Narendra Modi Stadium, Ahmedabad",Delhi Capitals,Royal Challengers Bangalore,170,164,6,120,4,4,16,4,34,20.0,8.5,20,88,51.76,28.33
1254080,1,2021-04-28,2021,2021,"Arun Jaitley Stadium, Delhi",Sunrisers Hyderabad,Chennai Super Kings,171,163,8,120,3,3,14,5,34,20.0,8.55,19,86,50.29,28.33
1254080,2,2021-04-28,2021,2021,"Arun Jaitley Stadium, Delhi",Chennai Super Kings,Sunrisers Hyderabad,173,170,3,111,3,3,25,1,32,18.5,9.35,26,106,61.27,28.83
1254081,1,2021-04-29,2021,2021,"Arun Jaitley Stadium, Delhi",Rajasthan Royals,Mumbai Indians,171,165,6,120,4,4,14,7,35,20.0,8.55,21,98,57.31,29.17
1254081,2,2021-04-29,2021,2021,"Arun Jaitley Stadium, Delhi",Mumbai Indians,Rajasthan Royals,172,155,17,111,3,3,13,6,29,18.5,9.3,19,88,51.16,26.13
1254082,1,2021-04-29,2021,2021,"Narendra Modi Stadium, Ahmedabad",Kolkata Knight Riders,Delhi Capitals,154,147,7,120,6,6,10,7,41,20.0,7.7,17,82,53.25,34.17
1254082,2,2021-04-29,2021,2021,"Narendra Modi Stadium, Ahmedabad",Delhi Capitals,Kolkata Knight Riders,156,150,6,99,3,3,18,5,35,16.5,9.45,23,102,65.38,35.35
1254083,1,2021-04-30,2021,2021,"Narendra Modi Stadium, Ahmedabad",Punjab Kings,Royal Challengers Bangalore,179,174,5,120,5,5,15,9,40,20.0,8.95,24,114,63.69,33.33
1254083,2,2021-04-30,2021,2021,"Narendra Modi Stadium, Ahmedabad",Royal Challengers Bangalore,Punjab Kings,145,134,11,120,8,8,10,6,44,20.0,7.25,16,76,52.41,36.67
1254084,1,2021-05-01,2021,2021,"Arun Jaitley Stadium, Delhi",Chennai Super Kings,Mumbai Indians,218,208,10,120,4,4,14,16,35,20.0,10.9,30,152,69.72,29.17
1254084,2,2021-05-01,2021,2021,"Arun Jaitley Stadium, Delhi",Mumbai Indians,Chennai Super Kings,219,211,8,120,6,6,16,14,36,20.0,10.95,30,148,67.58,30.0
1254085,1,2021-05-02,2021,2021,"Arun Jaitley Stadium, Delhi",Rajasthan Royals,Sunrisers Hyderabad,220,206,14,120,3,3,17,12,35,20.0,11.0,29,140,63.64,29.17
1254085,2,2021-05-02,2021,2021,"Arun Jaitley Stadium, Delhi",Sunrisers Hyderabad,Rajasthan Royals,165,157,8,120,8,8,13,7,41,20.0,8.25,20,94,56.97,34.17
1254086,1,2021-05-02,2021,2021,"Narendra Modi Stadium, Ahmedabad",Punjab Kings,Delhi Capitals,166,161,5,120,6,5,11,7,34,20.0,8.3,18,86,51.81,28.33
1254086,2,2021-05-02,2021,2021,"Narendra Modi Stadium, Ahmedabad",Delhi Capitals,Punjab Kings,167,162,5,106,3,3,12,8,29,17.67,9.45,20,96,57.49,27.36
1254087,1,2021-09-20,2021,2021,"Zayed Cricket Stadium, Abu Dhabi",Royal Challengers Bangalore,Kolkata Knight Riders,92,86,6,114,10,9,8,0,60,19.0,4.84,8,32,34.78,52.63
1254087,2,2021-09-20,2021,2021,"Zayed Cricket Stadium, Abu Dhabi",Kolkata Knight Riders,Royal Challengers Bangalore,94,89,5,60,1,1,13,2,24,10.0,9.4,15,64,68.09,40.0
1254088,1,2021-10-08,2021,2021,"Zayed Cricket Stadium, Abu Dhabi",Mumbai Indians,Sunrisers Hyderabad,235,224,11,120,9,9,30,8,31,20.0,11.75,38,168,71.49,25.83
1254088,2,2021-10-08,2021,2021,"Zayed Cricket Stadium, Abu Dhabi",Sunrisers Hyderabad,Mumbai Indians,193,183,10,120,8,8,21,4,30,20.0,9.65,25,108,55.96,25.0
1254089,1,2021-10-02,2021,2021,"Zayed Cricket Stadium, Abu Dhabi",Chennai Super Kings,Rajasthan Royals,189,184,5,120,4,4,16,8,33,20.0,9.45,24,112,59.26,27.5
1254089,2,2021-10-02,2021,2021,"Zayed Cricket Stadium, Abu Dhabi",Rajasthan Royals,Chennai Super Kings,190,183,7,105,3,3,17,10,31,17.5,10.86,27,128,67.37,29.52
1254090,1,2021-10-03,2021,2021,Sharjah Cricket Stadium,Royal Challengers Bangalore,Punjab Kings,164,154,10,120,7,6,10,10,49,20.0,8.2,20,100,60.98,40.83
1254090,2,2021-10-03,2021,2021,Sharjah Cricket Stadium,Punjab Kings,Royal Challengers Bangalore,158,150,8,120,6,5,10,7,41,20.0,7.9,17,82,51.9,34.17
1254091,1,2021-09-30,2021,2021,Sharjah Cricket Stadium,Sunrisers Hyderabad,Chennai Super Kings,134,124,10,120,7,7,7,4,44,20.0,6.7,11,52,38.81,36.67
1254091,2,2021-09-30,2021,2021,Sharjah Cricket Stadium,Chennai Super Kings,Sunrisers Hyderabad,139,136,3,118,4,4,11,6,54,19.67,7.07,17,80,57.55,45.76
1254092,1,2021-09-28,2021,2021,Sharjah Cricket Stadium,Delhi Capitals,Kolkata Knight Riders,127,121,6,120,9,7,14,0,45,20.0,6.35,14,56,44.09,37.5
1254092,2,2021-09-28,2021,2021,Sharjah Cricket Stadium,Kolkata Knight Riders,Delhi Capitals,130,125,5,110,7,7,8,7,51,18.33,7.09,15,74,56.92,46.36
1254093,1,2021-10-05,2021,2021,Sharjah Cricket Stadium,Rajasthan Royals,Mumbai Indians,90,87,3,120,9,9,7,2,66,20.0,4.5,9,40,44.44,55.0
1254093,2,2021-10-05,2021,2021,Sharjah Cricket Stadium,Mumbai Indians,Rajasthan Royals,94,90,4,50,2,2,9,5,21,8.33,11.28,14,66,70.21,42.0
1254094,1,2021-10-07,2021,2021,Dubai International Cricket Stadium,Chennai Super Kings,Punjab Kings,134,125,9,120,6,6,13,2,48,20.0,6.7,15,64,47.76,40.0
1254094,2,2021-10-07,2021,2021,Dubai International Cricket Stadium,Punjab Kings,Chennai Super Kings,139,134,5,78,4,4,9,10,27,13.0,10.69,19,96,69.06,34.62
1254095,1,2021-10-06,2021,2021,"Zayed Cricket Stadium, Abu Dhabi",Sunrisers Hyderabad,Royal Challengers Bangalore,141,137,4,120,7,7,14,2,46,20.0,7.05,16,68,48.23,38.33
1254095,2,2021-10-06,2021,2021,"Zayed Cricket Stadium, Abu Dhabi",Royal Challengers Bangalore,Sunrisers Hyderabad,137,134,3,120,6,5,12,4,51,20.0,6.85,16,72,52.55,42.5
1254096,1,2021-09-23,2021,2021,"Zayed Cricket Stadium, Abu Dhabi",Mumbai Indians,Kolkata Knight Riders,155,146,9,120,6,5,11,6,45,20.0,7.75,17,80,51.61,37.5
1254096,2,2021-09-23,2021,2021,"Zayed Cricket Stadium, Abu Dhabi",Kolkata Knight Riders,Mumbai Indians,159,152,7,91,3,3,14,8,30,15.17,10.48,22,104,65.41,32.97
1254097,1,2021-09-25,2021,2021,"Zayed Cricket Stadium, Abu Dhabi",Delhi Capitals,Rajasthan Royals,154,145,9,120,6,6,10,3,32,20.0,7.7,13,58,37.66,26.67
1254097,2,2021-09-25,2021,2021,"Zayed Cricket Stadium, Abu Dhabi",Rajasthan Royals,Delhi Capitals,121,115,6,120,6,6,8,2,49,20.0,6.05,10,44,36.36,40.83
1254098,1,2021-09-26,2021,2021,"Zayed Cricket Stadium, Abu Dhabi",Kolkata Knight Riders,Chennai Super Kings,171,163,8,120,6,5,17,4,34,20.0,8.55,21,92,53.8,28.33
1254098,2,2021-09-26,2021,2021,"Zayed Cricket Stadium, Abu Dhabi",Chennai Super Kings,Kolkata Knight Riders,172,167,5,120,8,7,15,6,38,20.0,8.6,21,96,55.81,31.67
1254099,1,2021-09-28,2021,2021,"Zayed Cricket Stadium, Abu Dhabi",Punjab Kings,Mumbai Indians,135,129,6,120,6,6,11,1,39,20.0,6.75,12,50,37.04,32.5
1254099,2,2021-09-28,2021,2021,"Zayed Cricket Stadium, Abu Dhabi",Mumbai Indians,Punjab Kings,137,135,2,114,4,4,11,5,45,19.0,7.21,16,74,54.01,39.47
1254100,1,2021-09-27,2021,2021,Dubai International Cricket Stadium,Rajasthan Royals,Sunrisers Hyderabad,164,157,7,120,5,5,14,5,34,20.0,8.2,19,86,52.44,28.33
1254100,2,2021-09-27,2021,2021,Dubai International Cricket Stadium,Sunrisers Hyderabad,Rajasthan Royals,167,150,17,111,3,3,16,4,35,18.5,9.03,20,88,52.69,31.53
1254101,1,2021-10-08,2021,2021,Dubai International Cricket Stadium,Delhi Capitals,Royal Challengers Bangalore,164,155,9,120,5,5,12,6,35,20.0,8.2,18,84,51.22,29.17
1254101,2,2021-10-08,2021,2021,Dubai International Cricket Stadium,Royal Challengers Bangalore,Delhi Capitals,166,159,7,120,3,3,13,5,36,20.0,8.3,18,82,49.4,30.0
1254102,1,2021-10-01,2021,2021,Dubai International Cricket Stadium,Kolkata Knight Riders,Punjab Kings,165,157,8,120,7,6,15,4,35,20.0,8.25,19,84,50.91,29.17
1254102,2,2021-10-01,2021,2021,Dubai International Cricket Stadium,Punjab Kings,Kolkata Knight Riders,168,162,6,117,5,5,8,9,31,19.5,8.62,17,86,51.19,26.5
1254103,1,2021-09-29,2021,2021,Dubai International Cricket Stadium,Rajasthan Royals,Royal Challengers Bangalore,149,145,4,120,9,9,10,7,45,20.0,7.45,17,82,55.03,37.5
1254103,2,2021-09-29,2021,2021,Dubai International Cricket Stadium,Royal Challengers Bangalore,Rajasthan Royals,153,145,8,103,3,2,18,2,30,17.17,8.91,20,84,54.9,29.13
1254104,1,2021-09-19,2021,2021,Dubai International Cricket Stadium,Chennai Super Kings,Mumbai Indians,156,145,11,120,7,6,11,7,51,20.0,7.8,18,86,55.13,42.5
1254104,2,2021-09-19,2021,2021,Dubai International Cricket Stadium,Mumbai Indians,Chennai Super Kings,136,132,4,120,8,7,12,3,46,20.0,6.8,15,66,48.53,38.33
1254105,1,2021-09-22,2021,2021,Dubai International Cricket Stadium,Sunrisers Hyderabad,Delhi Capitals,134,121,13,120,9,7,9,4,50,20.0,6.7,13,60,44.78,41.67
1254105,2,2021-09-22,2021,2021,Dubai International Cricket Stadium,Delhi Capitals,Sunrisers Hyderabad,139,135,4,107,2,2,13,5,43,17.83,7.79,18,82,58.99,40.19
1254106,1,2021-10-07,2021,2021,Sharjah Cricket Stadium,Kolkata Knight Riders,Rajasthan Royals,171,154,17,120,4,4,12,7,38,20.0,8.55,19,90,52.63,31.67
1254106,2,2021-10-07,2021,2021,Sharjah Cricket Stadium,Rajasthan Royals,Kolkata Knight Riders,85,84,1,97,10,9,7,4,59,16.17,5.26,11,52,61.18,60.82
1254107,1,2021-09-25,2021,2021,Sharjah Cricket Stadium,Punjab Kings,Sunrisers Hyderabad,125,118,7,120,7,7,8,2,44,20.0,6.25,10,44,35.2,36.67
1254107,2,2021-09-25,2021,2021,Sharjah Cricket Stadium,Sunrisers Hyderabad,Punjab Kings,120,113,7,120,7,6,2,5,50,20.0,6.0,7,38,31.67,41.67
1254108,1,2021-09-26,2021,2021,Dubai International Cricket Stadium,Royal Challengers Bangalore,Mumbai Indians,165,154,11,120,6,6,12,9,51,20.0,8.25,21,102,61.82,42.5
1254108,2,2021-09-26,2021,2021,Dubai International Cricket Stadium,Mumbai Indians,Royal Challengers Bangalore,111,104,7,109,10,10,11,1,49,18.17,6.11,12,50,45.05,44.95
1254109,1,2021-10-03,2021,2021,Dubai International Cricket Stadium,Sunrisers Hyderabad,Kolkata Knight Riders,115,112,3,120,8,7,8,4,55,20.0,5.75,12,56,48.7,45.83
1254109,2,2021-10-03,2021,2021,Dubai International Cricket Stadium,Kolkata Knight Riders,Sunrisers Hyderabad,119,117,2,118,4,4,17,0,59,19.67,6.05,17,68,57.14,50.0
1254110,1,2021-10-04,2021,2021,Dubai International Cricket Stadium,Chennai Super Kings,Delhi Capitals,136,121,15,120,5,5,10,2,44,20.0,6.8,12,52,38.24,36.67
1254110,2,2021-10-04,2021,2021,Dubai International Cricket Stadium,Delhi Capitals,Chennai Super Kings,139,131,8,118,7,7,12,4,52,19.67,7.07,16,72,51.8,44.07
1254111,1,2021-09-21,2021,2021,Dubai International Cricket Stadium,Rajasthan Royals,Punjab Kings,185,176,9,120,10,10,18,8,42,20.0,9.25,26,120,64.86,35.0
1254111,2,2021-09-21,2021,2021,Dubai International Cricket Stadium,Punjab Kings,Rajasthan Royals,183,174,9,120,4,4,14,7,32,20.0,9.15,21,98,53.55,26.67
1254112,1,2021-10-02,2021,2021,Sharjah Cricket Stadium,Mumbai Indians,Delhi Capitals,129,123,6,120,8,8,9,5,54,20.0,6.45,14,66,51.16,45.0
1254112,2,2021-10-02,2021,2021,Sharjah Cricket Stadium,Delhi Capitals,Mumbai Indians,132,126,6,115,6,5,9,4,43,19.17,6.89,13,60,45.45,37.39
1254113,1,2021-09-24,2021,2021,Sharjah Cricket Stadium,Royal Challengers Bangalore,Chennai Super Kings,156,151,5,120,6,6,11,6,37,20.0,7.8,17,80,51.28,30.83
1254113,2,2021-09-24,2021,2021,Sharjah Cricket Stadium,Chennai Super Kings,Royal Challengers Bangalore,157,152,5,109,4,4,13,7,35,18.17,8.64,20,94,59.87,32.11
1254114,1,2021-10-10,2021,2021,Dubai International Cricket Stadium,Delhi Capitals,Chennai Super Kings,172,166,6,120,5,5,15,6,36,20.0,8.6,21,96,55.81,30.0
1254114,2,2021-10-10,2021,2021,Dubai International Cricket Stadium,Chennai Super Kings,Delhi Capitals,173,169,4,118,6,5,17,5,32,19.67,8.8,22,98,56.65,27.12
1254115,1,2021-10-11,2021,2021,Sharjah Cricket Stadium,Royal Challengers Bangalore,Kolkata Knight Riders,138,125,13,120,7,6,12,0,36,20.0,6.9,12,48,34.78,30.0
1254115,2,2021-10-11,2021,2021,Sharjah Cricket Stadium,Kolkata Knight Riders,Royal Challengers Bangalore,139,134,5,118,6,6,8,5,35,19.67,7.07,13,62,44.6,29.66
1254116,1,2021-10-13,2021,2021,Sharjah Cricket Stadium,Delhi Capitals,Kolkata Knight Riders,135,129,6,120,5,4,6,6,44,20.0,6.75,12,60,44.44,36.67
1254116,2,2021-10-13,2021,2021,Sharjah Cricket Stadium,Kolkata Knight Riders,Delhi Capitals,136,126,10,119,7,7,5,6,46,19.83,6.86,11,56,41.18,38.66
1254117,1,2021-10-15,2021,2021,Dubai International Cricket Stadium,Chennai Super Kings,Kolkata Knight Riders,192,186,6,120,3,3,12,10,29,20.0,9.6,22,108,56.25,24.17
1254117,2,2021-10-15,2021,2021,Dubai International Cricket Stadium,Kolkata Knight Riders,Chennai Super Kings,165,156,9,120,9,9,13,7,49,20.0,8.25,20,94,56.97,40.83
1304047,1,2022-03-26,2022,2022,"Wankhede Stadium, Mumbai",Chennai Super Kings,Kolkata Knight Riders,131,125,6,120,5,4,10,5,55,20.0,6.55,15,70,53.44,45.83
1304047,2,2022-03-26,2022,2022,"Wankhede Stadium, Mumbai",Kolkata Knight Riders,Chennai Super Kings,133,129,4,111,4,4,12,3,42,18.5,7.19,15,66,49.62,37.84
1304048,1,2022-03-27,2022,2022,"Brabourne Stadium, Mumbai",Mumbai Indians,Delhi Capitals,177,174,3,120,5,5,18,6,37,20.0,8.85,24,108,61.02,30.83
1304048,2,2022-03-27,2022,2022,"Brabourne Stadium, Mumbai",Delhi Capitals,Mumbai Indians,179,168,11,110,6,6,18,7,38,18.33,9.76,25,114,63.69,34.55
1304049,1,2022-03-27,2022,2022,"Dr DY Patil Sports Academy, Mumbai",Royal Challengers Bangalore,Punjab Kings,205,182,23,120,2,2,9,13,39,20.0,10.25,22,114,55.61,32.5
1304049,2,2022-03-27,2022,2022,"Dr DY Patil Sports Academy, Mumbai",Punjab Kings,Royal Challengers Bangalore,208,186,22,114,5,5,11,14,40,19.0,10.95,25,128,61.54,35.09
1304050,1,2022-03-28,2022,2022,"Wankhede Stadium, Mumbai",Lucknow Super Giants,Gujarat Titans,158,154,4,120,6,6,17,5,47,20.0,7.9,22,98,62.03,39.17
1304050,2,2022-03-28,2022,2022,"Wankhede Stadium, Mumbai",Gujarat Titans,Lucknow Super Giants,161,152,9,118,5,5,18,5,48,19.67,8.19,23,102,63.35,40.68
1304051,1,2022-03-29,2022,2022,"Maharashtra Cricket Association Stadium, Pune",Rajasthan Royals,Sunrisers Hyderabad,210,196,14,120,6,6,16,14,46,20.0,10.5,30,148,70.48,38.33
1304051,2,2022-03-29,2022,2022,"Maharashtra Cricket Association Stadium, Pune",Sunrisers Hyderabad,Rajasthan Royals,149,139,10,120,7,7,11,6,50,20.0,7.45,17,80,53.69,41.67
1304052,1,2022-03-30,2022,2022,"Dr DY Patil Sports Academy, Mumbai",Kolkata Knight Riders,Royal Challengers Bangalore,128,122,6,113,10,10,11,7,62,18.83,6.8,18,86,67.19,54.87
1304052,2,2022-03-30,2022,2022,"Dr DY Patil Sports Academy, Mumbai",Royal Challengers Bangalore,Kolkata Knight Riders,132,118,14,116,7,7,11,5,60,19.33,6.83,16,74,56.06,51.72
1304053,1,2022-03-31,2022,2022,"Brabourne Stadium, Mumbai",Chennai Super Kings,Lucknow Super Giants,210,196,14,120,7,6,24,8,39,20.0,10.5,32,144,68.57,32.5
1304053,2,2022-03-31,2022,2022,"Brabourne Stadium, Mumbai",Lucknow Super Giants,Chennai Super Kings,211,193,18,117,4,4,18,9,33,19.5,10.82,27,126,59.72,28.21
1304054,1,2022-04-01,2022,2022,"Wankhede Stadium, Mumbai",Punjab Kings,Kolkata Knight Riders,137,126,11,110,10,9,11,8,58,18.33,7.47,19,92,67.15,52.73
1304054,2,2022-04-01,2022,2022,"Wankhede Stadium, Mumbai",Kolkata Knight Riders,Punjab Kings,141,135,6,87,4,4,11,9,37,14.5,9.72,20,98,69.5,42.53
1304055,1,2022-04-02,2022,2022,"Dr DY Patil Sports Academy, Mumbai",Rajasthan Royals,Mumbai Indians,193,182,11,120,8,7,17,11,46,20.0,9.65,28,134,69.43,38.33
1304055,2,2022-04-02,2022,2022,"Dr DY Patil Sports Academy, Mumbai",Mumbai Indians,Rajasthan Royals,170,159,11,120,8,7,13,8,49,20.0,8.5,21,100,58.82,40.83
1304056,1,2022-04-02,2022,2022,"Maharashtra Cricket Association Stadium, Pune",Gujarat Titans,Delhi Capitals,171,164,7,120,6,6,14,5,34,20.0,8.55,19,86,50.29,28.33
1304056,2,2022-04-02,2022,2022,"Maharashtra Cricket Association Stadium, Pune",Delhi Capitals,Gujarat Titans,157,146,11,120,9,8,18,3,45,20.0,7.85,21,90,57.32,37.5
1304057,1,2022-04-03,2022,2022,"Brabourne Stadium, Mumbai",Punjab Kings,Chennai Super Kings,180,166,14,120,8,7,12,11,54,20.0,9.0,23,114,63.33,45.0
1304057,2,2022-04-03,2022,2022,"Brabourne Stadium, Mumbai",Chennai Super Kings,Punjab Kings,126,122,4,108,10,10,11,5,52,18.0,7.0,16,74,58.73,48.15
1304058,1,2022-04-04,2022,2022,"Dr DY Patil Sports Academy, Mumbai",Lucknow Super Giants,Sunrisers Hyderabad,169,165,4,120,7,6,14,6,37,20.0,8.45,20,92,54.44,30.83
1304058,2,2022-04-04,2022,2022,"Dr DY Patil Sports Academy, Mumbai",Sunrisers Hyderabad,Lucknow Super Giants,157,147,10,120,9,9,12,5,41,20.0,7.85,17,78,49.68,34.17
1304059,1,2022-04-05,2022,2022,"Wankhede Stadium, Mumbai",Rajasthan Royals,Royal Challengers Bangalore,169,161,8,120,3,3,6,11,40,20.0,8.45,17,90,53.25,33.33
1304059,2,2022-04-05,2022,2022,"Wankhede Stadium, Mumbai",Royal Challengers Bangalore,Rajasthan Royals,173,163,10,115,6,5,20,5,39,19.17,9.03,25,110,63.58,33.91
1304060,1,2022-04-06,2022,2022,"Maharashtra Cricket Association Stadium, Pune",Mumbai Indians,Kolkata Knight Riders,161,158,3,120,4,4,11,9,44,20.0,8.05,20,98,60.87,36.67
1304060,2,2022-04-06,2022,2022,"Maharashtra Cricket Association Stadium, Pune",Kolkata Knight Riders,Mumbai Indians,162,159,3,96,5,5,13,11,37,16.0,10.12,24,118,72.84,38.54
1304061,1,2022-04-07,2022,2022,"Dr DY Patil Sports Academy, Mumbai",Delhi Capitals,Lucknow Super Giants,149,143,6,120,3,3,15,4,48,20.0,7.45,19,84,56.38,40.0
1304061,2,2022-04-07,2022,2022,"Dr DY Patil Sports Academy, Mumbai",Lucknow Super Giants,Delhi Capitals,155,149,6,118,4,4,11,5,39,19.67,7.88,16,74,47.74,33.05
1304062,1,2022-04-08,2022,2022,"Brabourne Stadium, Mumbai",Punjab Kings,Gujarat Titans,189,185,4,120,9,8,18,9,44,20.0,9.45,27,126,66.67,36.67
1304062,2,2022-04-08,2022,2022,"Brabourne Stadium, Mumbai",Gujarat Titans,Punjab Kings,190,183,7,120,4,3,22,4,32,20.0,9.5,26,112,58.95,26.67
1304063,1,2022-04-09,2022,2022,"Dr DY Patil Sports Academy, Mumbai",Chennai Super Kings,Sunrisers Hyderabad,154,149,5,120,7,7,14,3,44,20.0,7.7,17,74,48.05,36.67
1304063,2,2022-04-09,2022,2022,"Dr DY Patil Sports Academy, Mumbai",Sunrisers Hyderabad,Chennai Super Kings,155,151,4,106,2,2,13,6,33,17.67,8.77,19,88,56.77,31.13
1304064,1,2022-04-09,2022,2022,"Maharashtra Cricket Association Stadium, Pune",Mumbai Indians,Royal Challengers Bangalore,151,147,4,120,6,5,14,7,59,20.0,7.55,21,98,64.9,49.17
1304064,2,2022-04-09,2022,2022,"Maharashtra Cricket Association Stadium, Pune",Royal Challengers Bangalore,Mumbai Indians,152,145,7,111,3,2,10,7,37,18.5,8.22,17,82,53.95,33.33
1304065,1,2022-04-10,2022,2022,"Brabourne Stadium, Mumbai",Delhi Capitals,Kolkata Knight Riders,215,199,16,120,5,5,18,11,34,20.0,10.75,29,138,64.19,28.33
1304065,2,2022-04-10,2022,2022,"Brabourne Stadium, Mumbai",Kolkata Knight Riders,Delhi Capitals,171,165,6,118,10,10,14,8,44,19.67,8.69,22,104,60.82,37.29
1304066,1,2022-04-10,2022,2022,"Wankhede Stadium, Mumbai",Rajasthan Royals,Lucknow Super Giants,165,156,9,120,6,5,10,10,47,20.0,8.25,20,100,60.61,39.17
1304066,2,2022-04-10,2022,2022,"Wankhede Stadium, Mumbai",Lucknow Super Giants,Rajasthan Royals,162,157,5,120,8,8,13,6,44,20.0,8.1,19,88,54.32,36.67
1304067,1,2022-04-11,2022,2022,"Dr DY Patil Sports Academy, Mumbai",Gujarat Titans,Sunrisers Hyderabad,162,140,22,120,7,6,16,2,41,20.0,8.1,18,76,46.91,34.17
1304067,2,2022-04-11,2022,2022,"Dr DY Patil Sports Academy, Mumbai",Sunrisers Hyderabad,Gujarat Titans,168,162,6,115,3,2,12,7,35,19.17,8.77,19,90,53.57,30.43
1304068,1,2022-04-12,2022,2022,"Dr DY Patil Sports Academy, Mumbai",Chennai Super Kings,Royal Challengers Bangalore,216,203,13,120,4,3,12,17,42,20.0,10.8,29,150,69.44,35.0
1304068,2,2022-04-12,2022,2022,"Dr DY Patil Sports Academy, Mumbai",Royal Challengers Bangalore,Chennai Super Kings,193,184,9,120,9,9,17,7,40,20.0,9.65,24,110,56.99,33.33
1304069,1,2022-04-13,2022,2022,"Maharashtra Cricket Association Stadium, Pune",Punjab Kings,Mumbai Indians,198,182,16,120,5,5,14,9,29,20.0,9.9,23,110,55.56,24.17
1304069,2,2022-04-13,2022,2022,"Maharashtra Cricket Association Stadium, Pune",Mumbai Indians,Punjab Kings,186,181,5,120,9,7,12,14,51,20.0,9.3,26,132,70.97,42.5
1304070,1,2022-04-14,2022,2022,"Dr DY Patil Sports Academy, Mumbai",Gujarat Titans,Rajasthan Royals,192,188,4,120,4,3,22,7,39,20.0,9.6,29,130,67.71,32.5
1304070,2,2022-04-14,2022,2022,"Dr DY Patil Sports Academy, Mumbai",Rajasthan Royals,Gujarat Titans,155,152,3,120,9,8,12,7,49,20.0,7.75,19,90,58.06,40.83
1304071,1,2022-04-15,2022,2022,"Brabourne Stadium, Mumbai",Kolkata Knight Riders,Sunrisers Hyderabad,175,166,9,120,8,8,15,9,52,20.0,8.75,24,114,65.14,43.33
1304071,2,2022-04-15,2022,2022,"Brabourne Stadium, Mumbai",Sunrisers Hyderabad,Kolkata Knight Riders,176,164,12,107,3,3,13,10,34,17.83,9.87,23,112,63.64,31.78
1304072,1,2022-04-16,2022,2022,"Brabourne Stadium, Mumbai",Lucknow Super Giants,Mumbai Indians,199,191,8,120,4,4,20,8,33,20.0,9.95,28,128,64.32,27.5
1304072,2,2022-04-16,2022,2022,"Brabourne Stadium, Mumbai",Mumbai Indians,Lucknow Super Giants,181,166,15,120,9,7,18,5,39,20.0,9.05,23,102,56.35,32.5
1304073,1,2022-04-16,2022,2022,"Wankhede Stadium, Mumbai",Royal Challengers Bangalore,Delhi Capitals,189,179,10,120,5,4,19,8,43,20.0,9.45,27,124,65.61,35.83
1304073,2,2022-04-16,2022,2022,"Wankhede Stadium, Mumbai",Delhi Capitals,Royal Challengers Bangalore,173,168,5,120,7,6,11,10,42,20.0,8.65,21,104,60.12,35.0
1304074,1,2022-04-17,2022,2022,"Dr DY Patil Sports Academy, Mumbai",Punjab Kings,Sunrisers Hyderabad,151,144,7,120,10,9,13,7,57,20.0,7.55,20,94,62.25,47.5
1304074,2,2022-04-17,2022,2022,"Dr DY Patil Sports Academy, Mumbai",Sunrisers Hyderabad,Punjab Kings,152,144,8,113,3,3,12,4,37,18.83,8.07,16,72,47.37,32.74
1304075,1,2022-04-17,2022,2022,"Maharashtra Cricket Association Stadium, Pune",Chennai Super Kings,Gujarat Titans,169,164,5,120,5,4,11,9,41,20.0,8.45,20,98,57.99,34.17
1304075,2,2022-04-17,2022,2022,"Maharashtra Cricket Association Stadium, Pune",Gujarat Titans,Chennai Super Kings,170,163,7,119,7,7,12,9,41,19.83,8.57,21,102,60.0,34.45
1304076,1,2022-04-18,2022,2022,"Brabourne Stadium, Mumbai",Rajasthan Royals,Kolkata Knight Riders,217,201,16,120,5,5,19,10,35,20.0,10.85,29,136,62.67,29.17
1304076,2,2022-04-18,2022,2022,"Brabourne Stadium, Mumbai",Kolkata Knight Riders,Rajasthan Royals,210,197,13,118,10,9,18,9,33,19.67,10.68,27,126,60.0,27.97
1304077,1,2022-04-19,2022,2022,"Dr DY Patil Sports Academy, Mumbai",Royal Challengers Bangalore,Lucknow Super Giants,181,172,9,120,6,5,16,5,32,20.0,9.05,21,94,51.93,26.67
1304077,2,2022-04-19,2022,2022,"Dr DY Patil Sports Academy, Mumbai",Lucknow Super Giants,Royal Challengers Bangalore,163,148,15,120,8,8,14,6,46,20.0,8.15,20,92,56.44,38.33
1304078,1,2022-04-20,2022,2022,"Brabourne Stadium, Mumbai",Punjab Kings,Delhi Capitals,115,113,2,120,10,9,15,1,62,20.0,5.75,16,66,57.39,51.67
1304078,2,2022-04-20,2022,2022,"Brabourne Stadium, Mumbai",Delhi Capitals,Punjab Kings,119,113,6,63,1,1,18,2,17,10.5,11.33,20,84,70.59,26.98
1304079,1,2022-04-21,2022,2022,"Dr DY Patil Sports Academy, Mumbai",Mumbai Indians,Chennai Super Kings,155,150,5,120,7,7,12,5,44,20.0,7.75,17,78,50.32,36.67
1304079,2,2022-04-21,2022,2022,"Dr DY Patil Sports Academy, Mumbai",Chennai Super Kings,Mumbai Indians,156,148,8,120,7,7,11,8,50,20.0,7.8,19,92,58.97,41.67
1304080,1,2022-04-22,2022,2022,"Wankhede Stadium, Mumbai",Rajasthan Royals,Delhi Capitals,222,217,5,120,2,2,21,14,40,20.0,11.1,35,168,75.68,33.33
1304080,2,2022-04-22,2022,2022,"Wankhede Stadium, Mumbai",Delhi Capitals,Rajasthan Royals,207,194,13,120,8,7,17,12,41,20.0,10.35,29,140,67.63,34.17
1304081,1,2022-04-23,2022,2022,"Dr DY Patil Sports Academy, Mumbai",Gujarat Titans,Kolkata Knight Riders,156,146,10,120,9,9,10,5,40,20.0,7.8,15,70,44.87,33.33
1304081,2,2022-04-23,2022,2022,"Dr DY Patil Sports Academy, Mumbai",Kolkata Knight Riders,Gujarat Titans,148,141,7,120,8,8,11,9,62,20.0,7.4,20,98,66.22,51.67
1304082,1,2022-04-23,2022,2022,"Brabourne Stadium, Mumbai",Royal Challengers Bangalore,Sunrisers Hyderabad,68,56,12,97,10,10,6,0,66,16.17,4.21,6,24,35.29,68.04
1304082,2,2022-04-23,2022,2022,"Brabourne Stadium, Mumbai",Sunrisers Hyderabad,Royal Challengers Bangalore,72,70,2,48,1,1,10,2,19,8.0,9.0,12,52,72.22,39.58
1304083,1,2022-04-24,2022,2022,"Wankhede Stadium, Mumbai",Lucknow Super Giants,Mumbai Indians,168,160,8,120,6,6,13,7,41,20.0,8.4,20,94,55.95,34.17
1304083,2,2022-04-24,2022,2022,"Wankhede Stadium, Mumbai",Mumbai Indians,Lucknow Super Giants,132,118,14,120,8,7,8,4,50,20.0,6.6,12,56,42.42,41.67
1304084,1,2022-04-25,2022,2022,"Wankhede Stadium, Mumbai",Punjab Kings,Chennai Super Kings,187,173,14,120,4,3,15,6,28,20.0,9.35,21,96,51.34,23.33
1304084,2,2022-04-25,2022,2022,"Wankhede Stadium, Mumbai",Chennai Super Kings,Punjab Kings,176,160,16,120,6,6,15,8,44,20.0,8.8,23,108,61.36,36.67
1304085,1,2022-04-26,2022,2022,"Maharashtra Cricket Association Stadium, Pune",Rajasthan Royals,Royal Challengers Bangalore,144,141,3,120,8,7,9,8,51,20.0,7.2,17,84,58.33,42.5
1304085,2,2022-04-26,2022,2022,"Maharashtra Cricket Association Stadium, Pune",Royal Challengers Bangalore,Rajasthan Royals,115,104,11,117,10,9,9,4,62,19.5,5.9,13,60,52.17,52.99
1304086,1,2022-04-27,2022,2022,"Wankhede Stadium, Mumbai",Sunrisers Hyderabad,Gujarat Titans,195,181,14,120,6,5,12,11,38,20.0,9.75,23,114,58.46,31.67
1304086,2,2022-04-27,2022,2022,"Wankhede Stadium, Mumbai",Gujarat Titans,Sunrisers Hyderabad,199,188,11,120,5,5,19,8,33,20.0,9.95,27,124,62.31,27.5
1304087,1,2022-04-28,2022,2022,"Wankhede Stadium, Mumbai",Kolkata Knight Riders,Delhi Capitals,146,137,9,120,9,9,10,4,35,20.0,7.3,14,64,43.84,29.17
1304087,2,2022-04-28,2022,2022,"Wankhede Stadium, Mumbai",Delhi Capitals,Kolkata Knight Riders,150,144,6,114,6,5,14,5,43,19.0,7.89,19,86,57.33,37.72
1304088,1,2022-04-29,2022,2022,"Maharashtra Cricket Association Stadium, Pune",Lucknow Super Giants,Punjab Kings,153,141,12,120,8,7,8,8,49,20.0,7.65,16,80,52.29,40.83
1304088,2,2022-04-29,2022,2022,"Maharashtra Cricket Association Stadium, Pune",Punjab Kings,Lucknow Super Giants,133,118,15,120,8,8,12,5,64,20.0,6.65,17,78,58.65,53.33
1304089,1,2022-04-30,2022,2022,"Brabourne Stadium, Mumbai",Royal Challengers Bangalore,Gujarat Titans,170,163,7,120,6,6,16,6,39,20.0,8.5,22,100,58.82,32.5
1304089,2,2022-04-30,2022,2022,"Brabourne Stadium, Mumbai",Gujarat Titans,Royal Challengers Bangalore,174,165,9,117,4,4,18,4,33,19.5,8.92,22,96,55.17,28.21
1304090,1,2022-04-30,2022,2022,"Dr DY Patil Sports Academy, Mumbai",Rajasthan Royals,Mumbai Indians,158,146,12,120,6,6,12,7,52,20.0,7.9,19,90,56.96,43.33
1304090,2,2022-04-30,2022,2022,"Dr DY Patil Sports Academy, Mumbai",Mumbai Indians,Rajasthan Royals,161,150,11,116,5,5,12,7,42,19.33,8.33,19,90,55.9,36.21
1304091,1,2022-05-01,2022,2022,"Wankhede Stadium, Mumbai",Lucknow Super Giants,Delhi Capitals,195,178,17,120,3,3,14,8,29,20.0,9.75,22,104,53.33,24.17
1304091,2,2022-05-01,2022,2022,"Wankhede Stadium, Mumbai",Delhi Capitals,Lucknow Super Giants,189,186,3,120,7,7,16,10,44,20.0,9.45,26,124,65.61,36.67
1304092,1,2022-05-01,2022,2022,"Maharashtra Cricket Association Stadium, Pune",Chennai Super Kings,Sunrisers Hyderabad,202,193,9,120,2,2,15,10,30,20.0,10.1,25,120,59.41,25.0
1304092,2,2022-05-01,2022,2022,"Maharashtra Cricket Association Stadium, Pune",Sunrisers Hyderabad,Chennai Super Kings,189,184,5,120,6,6,11,11,34,20.0,9.45,22,110,58.2,28.33
1304093,1,2022-05-02,2022,2022,"Wankhede Stadium, Mumbai",Rajasthan Royals,Kolkata Knight Riders,152,143,9,120,5,5,13,5,48,20.0,7.6,18,82,53.95,40.0
1304093,2,2022-05-02,2022,2022,"Wankhede Stadium, Mumbai",Kolkata Knight Riders,Rajasthan Royals,158,143,15,115,3,3,14,4,38,19.17,8.24,18,80,50.63,33.04
1304094,1,2022-05-03,2022,2022,"Dr DY Patil Sports Academy, Mumbai",Gujarat Titans,Punjab Kings,143,129,14,120,8,7,11,2,45,20.0,7.15,13,56,39.16,37.5
1304094,2,2022-05-03,2022,2022,"Dr DY Patil Sports Academy, Mumbai",Punjab Kings,Gujarat Titans,145,133,12,96,2,2,15,5,36,16.0,9.06,20,90,62.07,37.5
1304095,1,2022-05-04,2022,2022,"Maharashtra Cricket Association Stadium, Pune",Royal Challengers Bangalore,Chennai Super Kings,173,161,12,120,8,6,12,7,39,20.0,8.65,19,90,52.02,32.5
1304095,2,2022-05-04,2022,2022,"Maharashtra Cricket Association Stadium, Pune",Chennai Super Kings,Royal Challengers Bangalore,160,156,4,120,8,8,12,8,43,20.0,8.0,20,96,60.0,35.83
1304096,1,2022-05-05,2022,2022,"Brabourne Stadium, Mumbai",Delhi Capitals,Sunrisers Hyderabad,207,195,12,120,3,3,18,12,46,20.0,10.35,30,144,69.57,38.33
1304096,2,2022-05-05,2022,2022,"Brabourne Stadium, Mumbai",Sunrisers Hyderabad,Delhi Capitals,186,175,11,120,8,8,16,11,53,20.0,9.3,27,130,69.89,44.17
1304097,1,2022-05-06,2022,2022,"Brabourne Stadium, Mumbai",Mumbai Indians,Gujarat Titans,177,170,7,120,6,5,14,8,43,20.0,8.85,22,104,58.76,35.83
1304097,2,2022-05-06,2022,2022,"Brabourne Stadium, Mumbai",Gujarat Titans,Mumbai Indians,172,168,4,120,5,3,18,6,38,20.0,8.6,24,108,62.79,31.67
1304098,1,2022-05-07,2022,2022,"Wankhede Stadium, Mumbai",Punjab Kings,Rajasthan Royals,189,175,14,120,5,5,20,7,40,20.0,9.45,27,122,64.55,33.33
1304098,2,2022-05-07,2022,2022,"Wankhede Stadium, Mumbai",Rajasthan Royals,Punjab Kings,190,183,7,118,4,4,24,5,36,19.67,9.66,29,126,66.32,30.51
1304099,1,2022-05-07,2022,2022,"Maharashtra Cricket Association Stadium, Pune",Lucknow Super Giants,Kolkata Knight Riders,176,172,4,120,7,5,11,10,42,20.0,8.8,21,104,59.09,35.0
1304099,2,2022-05-07,2022,2022,"Maharashtra Cricket Association Stadium, Pune",Kolkata Knight Riders,Lucknow Super Giants,101,98,3,87,10,9,8,6,48,14.5,6.97,14,68,67.33,55.17
1304100,1,2022-05-08,2022,2022,"Wankhede Stadium, Mumbai",Royal Challengers Bangalore,Sunrisers Hyderabad,192,184,8,120,3,3,16,10,40,20.0,9.6,26,124,64.58,33.33
1304100,2,2022-05-08,2022,2022,"Wankhede Stadium, Mumbai",Sunrisers Hyderabad,Royal Challengers Bangalore,125,118,7,116,10,9,10,5,52,19.33,6.47,15,70,56.0,44.83
1304101,1,2022-05-08,2022,2022,"Dr DY Patil Sports Academy, Mumbai",Chennai Super Kings,Delhi Capitals,208,196,12,120,6,6,18,10,33,20.0,10.4,28,132,63.46,27.5
1304101,2,2022-05-08,2022,2022,"Dr DY Patil Sports Academy, Mumbai",Delhi Capitals,Chennai Super Kings,117,113,4,106,10,10,12,5,56,17.67,6.62,17,78,66.67,52.83
1304102,1,2022-05-09,2022,2022,"Dr DY Patil Sports Academy, Mumbai",Kolkata Knight Riders,Mumbai Indians,165,154,11,120,9,9,12,10,57,20.0,8.25,22,108,65.45,47.5
1304102,2,2022-05-09,2022,2022,"Dr DY Patil Sports Academy, Mumbai",Mumbai Indians,Kolkata Knight Riders,113,103,10,105,10,7,9,2,41,17.5,6.46,11,48,42.48,39.05
1304103,1,2022-05-10,2022,2022,"Maharashtra Cricket Association Stadium, Pune",Gujarat Titans,Lucknow Super Giants,144,137,7,120,4,4,15,1,37,20.0,7.2,16,66,45.83,30.83
1304103,2,2022-05-10,2022,2022,"Maharashtra Cricket Association Stadium, Pune",Lucknow Super Giants,Gujarat Titans,82,79,3,83,10,9,7,3,41,13.83,5.93,10,46,56.1,49.4
1304104,1,2022-05-11,2022,2022,"Dr DY Patil Sports Academy, Mumbai",Rajasthan Royals,Delhi Capitals,160,154,6,120,6,6,14,6,41,20.0,8.0,20,92,57.5,34.17
1304104,2,2022-05-11,2022,2022,"Dr DY Patil Sports Academy, Mumbai",Delhi Capitals,Rajasthan Royals,161,154,7,109,2,2,10,10,39,18.17,8.86,20,100,62.11,35.78
1304105,1,2022-05-12,2022,2022,"Wankhede Stadium, Mumbai",Chennai Super Kings,Mumbai Indians,97,82,15,96,10,9,9,3,60,16.0,6.06,12,54,55.67,62.5
1304105,2,2022-05-12,2022,2022,"Wankhede Stadium, Mumbai",Mumbai Indians,Chennai Super Kings,103,93,10,89,5,5,11,2,44,14.83,6.94,13,56,54.37,49.44
1304106,1,2022-05-13,2022,2022,"Brabourne Stadium, Mumbai",Punjab Kings,Royal Challengers Bangalore,209,202,7,120,9,8,16,14,38,20.0,10.45,30,148,70.81,31.67
1304106,2,2022-05-13,2022,2022,"Brabourne Stadium, Mumbai",Royal Challengers Bangalore,Punjab Kings,155,145,10,120,9,9,13,5,49,20.0,7.75,18,82,52.9,40.83
1304107,1,2022-05-14,2022,2022,"Maharashtra Cricket Association Stadium, Pune",Kolkata Knight Riders,Sunrisers Hyderabad,177,165,12,120,6,6,10,11,45,20.0,8.85,21,106,59.89,37.5
1304107,2,2022-05-14,2022,2022,"Maharashtra Cricket Association Stadium, Pune",Sunrisers Hyderabad,Kolkata Knight Riders,123,120,3,120,8,8,8,5,55,20.0,6.15,13,62,50.41,45.83
1304108,1,2022-05-15,2022,2022,"Wankhede Stadium, Mumbai",Chennai Super Kings,Gujarat Titans,133,126,7,120,5,5,7,4,42,20.0,6.65,11,52,39.1,35.0
1304108,2,2022-05-15,2022,2022,"Wankhede Stadium, Mumbai",Gujarat Titans,Chennai Super Kings,137,127,10,115,3,3,15,1,39,19.17,7.15,16,66,48.18,33.91
1304109,1,2022-05-15,2022,2022,"Brabourne Stadium, Mumbai",Rajasthan Royals,Lucknow Super Giants,178,174,4,120,6,5,22,4,45,20.0,8.9,26,112,62.92,37.5
1304109,2,2022-05-15,2022,2022,"Brabourne Stadium, Mumbai",Lucknow Super Giants,Rajasthan Royals,154,139,15,120,8,8,9,6,45,20.0,7.7,15,72,46.75,37.5
1304110,1,2022-05-16,2022,2022,"Dr DY Patil Sports Academy, Mumbai",Delhi Capitals,Punjab Kings,159,150,9,120,7,7,12,6,42,20.0,7.95,18,84,52.83,35.0
1304110,2,2022-05-16,2022,2022,"Dr DY Patil Sports Academy, Mumbai",Punjab Kings,Delhi Capitals,142,136,6,120,9,9,13,5,56,20.0,7.1,18,82,57.75,46.67
1304111,1,2022-05-17,2022,2022,"Wankhede Stadium, Mumbai",Sunrisers Hyderabad,Mumbai Indians,193,184,9,120,6,6,17,8,37,20.0,9.65,25,116,60.1,30.83
1304111,2,2022-05-17,2022,2022,"Wankhede Stadium, Mumbai",Mumbai Indians,Sunrisers Hyderabad,190,176,14,120,7,5,12,11,41,20.0,9.5,23,114,60.0,34.17
1304112,1,2022-05-18,2022,2022,"Dr DY Patil Sports Academy, Mumbai",Lucknow Super Giants,Kolkata Knight Riders,210,208,2,120,0,0,13,14,30,20.0,10.5,27,136,64.76,25.0
1304112,2,2022-05-18,2022,2022,"Dr DY Patil Sports Academy, Mumbai",Kolkata Knight Riders,Lucknow Super Giants,208,198,10,120,8,8,18,13,43,20.0,10.4,31,150,72.12,35.83
1304113,1,2022-05-19,2022,2022,"Wankhede Stadium, Mumbai",Gujarat Titans,Royal Challengers Bangalore,168,165,3,120,5,4,11,10,45,20.0,8.4,21,104,61.9,37.5
1304113,2,2022-05-19,2022,2022,"Wankhede Stadium, Mumbai",Royal Challengers Bangalore,Gujarat Titans,170,159,11,112,2,2,18,4,32,18.67,9.11,22,96,56.47,28.57
1304114,1,2022-05-20,2022,2022,"Brabourne Stadium, Mumbai",Chennai Super Kings,Rajasthan Royals,150,145,5,120,6,6,15,5,51,20.0,7.5,20,90,60.0,42.5
1304114,2,2022-05-20,2022,2022,"Brabourne Stadium, Mumbai",Rajasthan Royals,Chennai Super Kings,151,135,16,118,5,5,14,4,46,19.67,7.68,18,80,52.98,38.98
1304115,1,2022-05-21,2022,2022,"Wankhede Stadium, Mumbai",Delhi Capitals,Mumbai Indians,159,145,14,120,7,7,8,9,49,20.0,7.95,17,86,54.09,40.83
1304115,2,2022-05-21,2022,2022,"Wankhede Stadium, Mumbai",Mumbai Indians,Delhi Capitals,160,155,5,115,5,5,9,12,49,19.17,8.35,21,108,67.5,42.61
1304116,1,2022-05-22,2022,2022,"Wankhede Stadium, Mumbai",Sunrisers Hyderabad,Punjab Kings,157,145,12,120,8,7,13,6,47,20.0,7.85,19,88,56.05,39.17
1304116,2,2022-05-22,2022,2022,"Wankhede Stadium, Mumbai",Punjab Kings,Sunrisers Hyderabad,160,154,6,91,5,5,15,9,28,15.17,10.55,24,114,71.25,30.77
1312197,1,2022-05-24,2022,2022,"Eden Gardens, Kolkata",Rajasthan Royals,Gujarat Titans,188,177,11,120,6,4,19,7,44,20.0,9.4,26,118,62.77,36.67
1312197,2,2022-05-24,2022,2022,"Eden Gardens, Kolkata",Gujarat Titans,Rajasthan Royals,191,178,13,117,3,2,19,6,31,19.5,9.79,25,112,58.64,26.5
1312198,1,2022-05-25,2022,2022,"Eden Gardens, Kolkata",Royal Challengers Bangalore,Lucknow Super Giants,207,197,10,120,4,4,21,9,42,20.0,10.35,30,138,66.67,35.0
1312198,2,2022-05-25,2022,2022,"Eden Gardens, Kolkata",Lucknow Super Giants,Royal Challengers Bangalore,193,171,22,120,6,6,6,14,39,20.0,9.65,20,108,55.96,32.5
1312199,1,2022-05-27,2022,2022,"Narendra Modi Stadium, Ahmedabad",Royal Challengers Bangalore,Rajasthan Royals,157,142,15,120,8,8,9,7,45,20.0,7.85,16,78,49.68,37.5
1312199,2,2022-05-27,2022,2022,"Narendra Modi Stadium, Ahmedabad",Rajasthan Royals,Royal Challengers Bangalore,161,161,0,109,3,3,12,10,41,18.17,8.86,22,108,67.08,37.61
1312200,1,2022-05-29,2022,2022,"Narendra Modi Stadium, Ahmedabad",Rajasthan Royals,Gujarat Titans,130,128,2,120,9,8,11,4,50,20.0,6.5,15,68,52.31,41.67
1312200,2,2022-05-29,2022,2022,"Narendra Modi Stadium, Ahmedabad",Gujarat Titans,Rajasthan Royals,133,124,9,109,3,3,10,4,46,18.17,7.32,14,64,48.12,42.2
1359475,1,2023-03-31,2023,2023,"Narendra Modi Stadium, Ahmedabad",Chennai Super Kings,Gujarat Titans,178,170,8,120,7,7,10,13,45,20.0,8.9,23,118,66.29,37.5
1359475,2,2023-03-31,2023,2023,"Narendra Modi Stadium, Ahmedabad",Gujarat Titans,Chennai Super Kings,182,170,12,116,5,5,15,8,37,19.33,9.41,23,108,59.34,31.9
1359476,1,2023-04-01,2023,2023,"Punjab Cricket Association IS Bindra Stadium, Mohali, Chandigarh",Punjab Kings,Kolkata Knight Riders,191,187,4,120,5,5,17,9,42,20.0,9.55,26,122,63.87,35.0
1359476,2,2023-04-01,2023,2023,"Punjab Cricket Association IS Bindra Stadium, Mohali, Chandigarh",Kolkata Knight Riders,Punjab Kings,146,140,6,96,7,7,13,7,34,16.0,9.12,20,94,64.38,35.42
1359477,1,2023-04-01,2023,2023,"Bharat Ratna Shri Atal Bihari Vajpayee Ekana Cricket Stadium, Lucknow",Lucknow Super Giants,Delhi Capitals,193,185,8,120,6,6,5,16,40,20.0,9.65,21,116,60.1,33.33
1359477,2,2023-04-01,2023,2023,"Bharat Ratna Shri Atal Bihari Vajpayee Ekana Cricket Stadium, Lucknow",Delhi Capitals,Lucknow Super Giants,143,133,10,120,9,9,15,2,52,20.0,7.15,17,72,50.35,43.33
1359478,1,2023-04-02,2023,2023,"Rajiv Gandhi International Stadium, Uppal, Hyderabad",Rajasthan Royals,Sunrisers Hyderabad,203,195,8,120,5,5,21,8,36,20.0,10.15,29,132,65.02,30.0
1359478,2,2023-04-02,2023,2023,"Rajiv Gandhi International Stadium, Uppal, Hyderabad",Sunrisers Hyderabad,Rajasthan Royals,131,124,7,120,8,8,8,5,57,20.0,6.55,13,62,47.33,47.5
1359479,1,2023-04-02,2023,2023,"M Chinnaswamy Stadium, Bengaluru",Mumbai Indians,Royal Challengers Bangalore,171,160,11,120,7,7,15,7,49,20.0,8.55,22,102,59.65,40.83
1359479,2,2023-04-02,2023,2023,"M Chinnaswamy Stadium, Bengaluru",Royal Challengers Bangalore,Mumbai Indians,172,167,5,98,2,2,11,13,37,16.33,10.53,24,122,70.93,37.76
1359480,1,2023-04-03,2023,2023,"MA Chidambaram Stadium, Chepauk, Chennai",Chennai Super Kings,Lucknow Super Giants,217,201,16,120,7,7,15,13,32,20.0,10.85,28,138,63.59,26.67
1359480,2,2023-04-03,2023,2023,"MA Chidambaram Stadium, Chepauk, Chennai",Lucknow Super Giants,Chennai Super Kings,205,187,18,120,7,7,13,9,37,20.0,10.25,22,106,51.71,30.83
1359481,1,2023-04-04,2023,2023,"Arun Jaitley Stadium, Delhi",Delhi Capitals,Gujarat Titans,162,147,15,120,8,8,14,6,53,20.0,8.1,20,92,56.79,44.17
1359481,2,2023-04-04,2023,2023,"Arun Jaitley Stadium, Delhi",Gujarat Titans,Delhi Capitals,163,155,8,109,4,4,15,5,33,18.17,8.97,20,90,55.21,30.28
1359482,1,2023-04-05,2023,2023,"Barsapara Cricket Stadium, Guwahati",Punjab Kings,Rajasthan Royals,197,187,10,120,5,4,19,7,34,20.0,9.85,26,118,59.9,28.33
1359482,2,2023-04-05,2023,2023,"Barsapara Cricket Stadium, Guwahati",Rajasthan Royals,Punjab Kings,192,182,10,120,7,6,13,10,39,20.0,9.6,23,112,58.33,32.5
1359483,1,2023-04-06,2023,2023,"Eden Gardens, Kolkata",Kolkata Knight Riders,Royal Challengers Bangalore,204,181,23,120,7,7,18,9,45,20.0,10.2,27,126,61.76,37.5
1359483,2,2023-04-06,2023,2023,"Eden Gardens, Kolkata",Royal Challengers Bangalore,Kolkata Knight Riders,123,117,6,106,10,10,12,4,48,17.67,6.96,16,72,58.54,45.28
1359484,1,2023-04-07,2023,2023,"Bharat Ratna Shri Atal Bihari Vajpayee Ekana Cricket Stadium, Lucknow",Sunrisers Hyderabad,Lucknow Super Giants,121,117,4,120,8,7,10,3,50,20.0,6.05,13,58,47.93,41.67
1359484,2,2023-04-07,2023,2023,"Bharat Ratna Shri Atal Bihari Vajpayee Ekana Cricket Stadium, Lucknow",Lucknow Super Giants,Sunrisers Hyderabad,127,110,17,96,5,5,13,3,45,16.0,7.94,16,70,55.12,46.88
1359485,1,2023-04-08,2023,2023,"Barsapara Cricket Stadium, Guwahati",Rajasthan Royals,Delhi Capitals,199,193,6,120,4,4,23,7,38,20.0,9.95,30,134,67.34,31.67
1359485,2,2023-04-08,2023,2023,"Barsapara Cricket Stadium, Guwahati",Delhi Capitals,Rajasthan Royals,142,132,10,120,9,9,15,0,42,20.0,7.1,15,60,42.25,35.0
1359486,1,2023-04-08,2023,2023,"Wankhede Stadium, Mumbai",Mumbai Indians,Chennai Super Kings,157,149,8,120,8,8,15,4,36,20.0,7.85,19,84,53.5,30.0
1359486,2,2023-04-08,2023,2023,"Wankhede Stadium, Mumbai",Chennai Super Kings,Mumbai Indians,159,149,10,109,3,3,14,5,34,18.17,8.75,19,86,54.09,31.19
1359487,1,2023-04-09,2023,2023,"Narendra Modi Stadium, Ahmedabad",Gujarat Titans,Kolkata Knight Riders,204,188,16,120,4,4,18,7,29,20.0,10.2,25,114,55.88,24.17
1359487,2,2023-04-09,2023,2023,"Narendra Modi Stadium, Ahmedabad",Kolkata Knight Riders,Gujarat Titans,207,203,4,120,7,7,15,15,42,20.0,10.35,30,150,72.46,35.0
1359488,1,2023-04-09,2023,2023,"Rajiv Gandhi International Stadium, Uppal, Hyderabad",Punjab Kings,Sunrisers Hyderabad,143,137,6,120,9,9,17,6,68,20.0,7.15,23,104,72.73,56.67
1359488,2,2023-04-09,2023,2023,"Rajiv Gandhi International Stadium, Uppal, Hyderabad",Sunrisers Hyderabad,Punjab Kings,145,145,0,103,2,2,22,3,42,17.17,8.45,25,106,73.1,40.78
1359489,1,2023-04-10,2023,2023,"M Chinnaswamy Stadium, Bengaluru",Royal Challengers Bangalore,Lucknow Super Giants,212,200,12,120,2,2,12,15,31,20.0,10.6,27,138,65.09,25.83
1359489,2,2023-04-10,2023,2023,"M Chinnaswamy Stadium, Bengaluru",Lucknow Super Giants,Royal Challengers Bangalore,213,197,16,120,9,9,17,12,36,20.0,10.65,29,140,65.73,30.0
1359490,1,2023-04-11,2023,2023,"Arun Jaitley Stadium, Delhi",Delhi Capitals,Mumbai Indians,172,161,11,118,10,9,20,5,44,19.67,8.75,25,110,63.95,37.29
1359490,2,2023-04-11,2023,2023,"Arun Jaitley Stadium, Delhi",Mumbai Indians,Delhi Capitals,173,167,6,120,4,3,14,10,48,20.0,8.65,24,116,67.05,40.0
1359491,1,2023-04-12,2023,2023,"MA Chidambaram Stadium, Chepauk, Chennai",Rajasthan Royals,Chennai Super Kings,175,165,10,120,8,7,11,7,34,20.0,8.75,18,86,49.14,28.33
1359491,2,2023-04-12,2023,2023,"MA Chidambaram Stadium, Chepauk, Chennai",Chennai Super Kings,Rajasthan Royals,172,162,10,120,6,6,12,6,35,20.0,8.6,18,84,48.84,29.17
1359492,1,2023-04-13,2023,2023,"Punjab Cricket Association IS Bindra Stadium, Mohali, Chandigarh",Punjab Kings,Gujarat Titans,153,142,11,120,8,6,16,5,54,20.0,7.65,21,94,61.44,45.0
1359492,2,2023-04-13,2023,2023,"Punjab Cricket Association IS Bindra Stadium, Mohali, Chandigarh",Gujarat Titans,Punjab Kings,154,146,8,119,4,4,17,1,34,19.83,7.76,18,74,48.05,28.57
1359493,1,2023-04-14,2023,2023,"Eden Gardens, Kolkata",Sunrisers Hyderabad,Kolkata Knight Riders,228,216,12,120,4,4,21,11,30,20.0,11.4,32,150,65.79,25.0
1359493,2,2023-04-14,2023,2023,"Eden Gardens, Kolkata",Kolkata Knight Riders,Sunrisers Hyderabad,205,195,10,120,7,7,18,11,42,20.0,10.25,29,138,67.32,35.0
1359494,1,2023-04-15,2023,2023,"M Chinnaswamy Stadium, Bengaluru",Royal Challengers Bangalore,Delhi Capitals,174,163,11,120,6,6,13,8,36,20.0,8.7,21,100,57.47,30.0
1359494,2,2023-04-15,2023,2023,"M Chinnaswamy Stadium, Bengaluru",Delhi Capitals,Royal Challengers Bangalore,151,148,3,120,9,8,18,2,46,20.0,7.55,20,84,55.63,38.33
1359495,1,2023-04-15,2023,2023,"Bharat Ratna Shri Atal Bihari Vajpayee Ekana Cricket Stadium, Lucknow",Lucknow Super Giants,Punjab Kings,159,147,12,120,8,8,11,6,46,20.0,7.95,17,80,50.31,38.33
1359495,2,2023-04-15,2023,2023,"Bharat Ratna Shri Atal Bihari Vajpayee Ekana Cricket Stadium, Lucknow",Punjab Kings,Lucknow Super Giants,161,154,7,117,8,8,16,6,50,19.5,8.26,22,100,62.11,42.74
1359496,1,2023-04-16,2023,2023,"Wankhede Stadium, Mumbai",Kolkata Knight Riders,Mumbai Indians,185,171,14,120,6,6,12,10,42,20.0,9.25,22,108,58.38,35.0
1359496,2,2023-04-16,2023,2023,"Wankhede Stadium, Mumbai",Mumbai Indians,Kolkata Knight Riders,186,182,4,106,5,5,15,13,38,17.67,10.53,28,138,74.19,35.85
1359497,1,2023-04-16,2023,2023,"Narendra Modi Stadium, Ahmedabad",Gujarat Titans,Rajasthan Royals,177,172,5,120,7,5,13,7,32,20.0,8.85,20,94,53.11,26.67
1359497,2,2023-04-16,2023,2023,"Narendra Modi Stadium, Ahmedabad",Rajasthan Royals,Gujarat Titans,179,176,3,116,7,7,10,15,48,19.33,9.26,25,130,72.63,41.38
1359498,1,2023-04-17,2023,2023,"M Chinnaswamy Stadium, Bengaluru",Chennai Super Kings,Royal Challengers Bangalore,226,219,7,120,6,6,12,17,32,20.0,11.3,29,150,66.37,26.67
1359498,2,2023-04-17,2023,2023,"M Chinnaswamy Stadium, Bengaluru",Royal Challengers Bangalore,Chennai Super Kings,218,207,11,120,8,8,12,16,35,20.0,10.9,28,144,66.06,29.17
1359499,1,2023-04-18,2023,2023,"Rajiv Gandhi International Stadium, Uppal, Hyderabad",Mumbai Indians,Sunrisers Hyderabad,192,190,2,120,5,4,19,9,41,20.0,9.6,28,130,67.71,34.17
1359499,2,2023-04-18,2023,2023,"Rajiv Gandhi International Stadium, Uppal, Hyderabad",Sunrisers Hyderabad,Mumbai Indians,178,159,19,119,10,8,18,4,35,19.83,8.97,22,96,53.93,29.41
1359500,1,2023-04-19,2023,2023,"Sawai Mansingh Stadium, Jaipur",Lucknow Super Giants,Rajasthan Royals,154,148,6,120,7,5,13,5,43,20.0,7.7,18,82,53.25,35.83
1359500,2,2023-04-19,2023,2023,"Sawai Mansingh Stadium, Jaipur",Rajasthan Royals,Lucknow Super Giants,144,132,12,120,6,5,13,4,46,20.0,7.2,17,76,52.78,38.33
1359501,1,2023-04-20,2023,2023,"Punjab Cricket Association IS Bindra Stadium, Mohali, Chandigarh",Royal Challengers Bangalore,Punjab Kings,174,162,12,120,4,4,12,6,31,20.0,8.7,18,84,48.28,25.83
1359501,2,2023-04-20,2023,2023,"Punjab Cricket Association IS Bindra Stadium, Mohali, Chandigarh",Punjab Kings,Royal Challengers Bangalore,150,145,5,110,10,8,9,10,44,18.33,8.18,19,96,64.0,40.0
1359502,1,2023-04-20,2023,2023,"Arun Jaitley Stadium, Delhi",Kolkata Knight Riders,Delhi Capitals,127,115,12,120,10,9,10,6,66,20.0,6.35,16,76,59.84,55.0
1359502,2,2023-04-20,2023,2023,"Arun Jaitley Stadium, Delhi",Delhi Capitals,Kolkata Knight Riders,128,121,7,116,6,6,17,0,50,19.33,6.62,17,68,53.12,43.1
1359503,1,2023-04-21,2023,2023,"MA Chidambaram Stadium, Chepauk, Chennai",Sunrisers Hyderabad,Chennai Super Kings,134,130,4,120,7,6,11,2,39,20.0,6.7,13,56,41.79,32.5
1359503,2,2023-04-21,2023,2023,"MA Chidambaram Stadium, Chepauk, Chennai",Chennai Super Kings,Sunrisers Hyderabad,138,136,2,112,3,2,16,1,37,18.67,7.39,17,70,50.72,33.04
1359504,1,2023-04-22,2023,2023,"Bharat Ratna Shri Atal Bihari Vajpayee Ekana Cricket Stadium, Lucknow",Gujarat Titans,Lucknow Super Giants,135,134,1,120,6,6,9,4,45,20.0,6.75,13,60,44.44,37.5
1359504,2,2023-04-22,2023,2023,"Bharat Ratna Shri Atal Bihari Vajpayee Ekana Cricket Stadium, Lucknow",Lucknow Super Giants,Gujarat Titans,128,126,2,120,7,5,12,2,49,20.0,6.4,14,60,46.88,40.83
1359505,1,2023-04-22,2023,2023,"Wankhede Stadium, Mumbai",Punjab Kings,Mumbai Indians,214,202,12,120,8,7,16,14,44,20.0,10.7,30,148,69.16,36.67
1359505,2,2023-04-22,2023,2023,"Wankhede Stadium, Mumbai",Mumbai Indians,Punjab Kings,201,198,3,120,6,6,17,11,33,20.0,10.05,28,134,66.67,27.5
1359506,1,2023-04-23,2023,2023,"M Chinnaswamy Stadium, Bengaluru",Royal Challengers Bangalore,Rajasthan Royals,189,176,13,120,9,6,18,6,34,20.0,9.45,24,108,57.14,28.33
1359506,2,2023-04-23,2023,2023,"M Chinnaswamy Stadium, Bengaluru",Rajasthan Royals,Royal Challengers Bangalore,182,171,11,120,6,5,18,6,35,20.0,9.1,24,108,59.34,29.17
1359507,1,2023-04-23,2023,2023,"Eden Gardens, Kolkata",Chennai Super Kings,Kolkata Knight Riders,235,232,3,120,4,4,14,18,34,20.0,11.75,32,164,69.79,28.33
1359507,2,2023-04-23,2023,2023,"Eden Gardens, Kolkata",Kolkata Knight Riders,Chennai Super Kings,186,176,10,120,8,8,14,12,49,20.0,9.3,26,128,68.82,40.83
1359508,1,2023-04-24,2023,2023,"Rajiv Gandhi International Stadium, Uppal, Hyderabad",Delhi Capitals,Sunrisers Hyderabad,144,140,4,120,9,6,15,2,42,20.0,7.2,17,72,50.0,35.0
1359508,2,2023-04-24,2023,2023,"Rajiv Gandhi International Stadium, Uppal, Hyderabad",Sunrisers Hyderabad,Delhi Capitals,137,136,1,120,6,6,13,1,39,20.0,6.85,14,58,42.34,32.5
1359509,1,2023-04-25,2023,2023,"Narendra Modi Stadium, Ahmedabad",Gujarat Titans,Mumbai Indians,207,202,5,120,6,6,14,12,35,20.0,10.35,26,128,61.84,29.17
1359509,2,2023-04-25,2023,2023,"Narendra Modi Stadium, Ahmedabad",Mumbai Indians,Gujarat Titans,152,147,5,120,9,8,8,9,50,20.0,7.6,17,86,56.58,41.67
1359510,1,2023-04-26,2023,2023,"M Chinnaswamy Stadium, Bengaluru",Kolkata Knight Riders,Royal Challengers Bangalore,200,193,7,120,5,5,16,12,35,20.0,10.0,28,136,68.0,29.17
1359510,2,2023-04-26,2023,2023,"M Chinnaswamy Stadium, Bengaluru",Royal Challengers Bangalore,Kolkata Knight Riders,179,173,6,120,8,7,12,7,28,20.0,8.95,19,90,50.28,23.33
1359511,1,2023-04-27,2023,2023,"Sawai Mansingh Stadium, Jaipur",Rajasthan Royals,Chennai Super Kings,202,191,11,120,5,4,21,6,33,20.0,10.1,27,120,59.41,27.5
1359511,2,2023-04-27,2023,2023,"Sawai Mansingh Stadium, Jaipur",Chennai Super Kings,Rajasthan Royals,170,168,2,120,6,6,13,7,34,20.0,8.5,20,94,55.29,28.33
1359512,1,2023-04-28,2023,2023,"Punjab Cricket Association IS Bindra Stadium, Mohali, Chandigarh",Lucknow Super Giants,Punjab Kings,257,242,15,120,5,5,27,14,37,20.0,12.85,41,192,74.71,30.83
1359512,2,2023-04-28,2023,2023,"Punjab Cricket Association IS Bindra Stadium, Mohali, Chandigarh",Punjab Kings,Lucknow Super Giants,201,188,13,119,10,10,18,8,40,19.83,10.13,26,120,59.7,33.61
1359513,1,2023-04-29,2023,2023,"Eden Gardens, Kolkata",Kolkata Knight Riders,Gujarat Titans,179,176,3,120,7,7,12,12,49,20.0,8.95,24,120,67.04,40.83
1359513,2,2023-04-29,2023,2023,"Eden Gardens, Kolkata",Gujarat Titans,Kolkata Knight Riders,180,168,12,107,3,3,15,8,26,17.83,10.09,23,108,60.0,24.3
1359514,1,2023-04-29,2023,2023,"Arun Jaitley Stadium, Delhi",Sunrisers Hyderabad,Delhi Capitals,197,187,10,120,6,6,17,9,37,20.0,9.85,26,122,61.93,30.83
1359514,2,2023-04-29,2023,2023,"Arun Jaitley Stadium, Delhi",Delhi Capitals,Sunrisers Hyderabad,188,184,4,120,6,6,14,8,26,20.0,9.4,22,104,55.32,21.67
1359515,1,2023-04-30,2023,2023,"MA Chidambaram Stadium, Chepauk, Chennai",Chennai Super Kings,Punjab Kings,200,192,8,120,4,4,23,6,35,20.0,10.0,29,128,64.0,29.17
1359515,2,2023-04-30,2023,2023,"MA Chidambaram Stadium, Chepauk, Chennai",Punjab Kings,Chennai Super Kings,201,188,13,120,6,6,13,9,31,20.0,10.05,22,106,52.74,25.83
1359516,1,2023-04-30,2023,2023,"Wankhede Stadium, Mumbai",Rajasthan Royals,Mumbai Indians,212,187,25,120,7,7,20,12,50,20.0,10.6,32,152,71.7,41.67
1359516,2,2023-04-30,2023,2023,"Wankhede Stadium, Mumbai",Mumbai Indians,Rajasthan Royals,214,204,10,117,4,4,21,10,30,19.5,10.97,31,144,67.29,25.64
1359517,1,2023-05-01,2023,2023,"Bharat Ratna Shri Atal Bihari Vajpayee Ekana Cricket Stadium, Lucknow",Royal Challengers Bangalore,Lucknow Super Giants,126,124,2,120,9,8,6,2,38,20.0,6.3,8,36,28.57,31.67
1359517,2,2023-05-01,2023,2023,"Bharat Ratna Shri Atal Bihari Vajpayee Ekana Cricket Stadium, Lucknow",Lucknow Super Giants,Royal Challengers Bangalore,108,101,7,119,10,8,8,4,62,19.83,5.45,12,56,51.85,52.1
1359518,1,2023-05-02,2023,2023,"Narendra Modi Stadium, Ahmedabad",Delhi Capitals,Gujarat Titans,130,125,5,120,8,7,9,5,57,20.0,6.5,14,66,50.77,47.5
1359518,2,2023-05-02,2023,2023,"Narendra Modi Stadium, Ahmedabad",Gujarat Titans,Delhi Capitals,125,120,5,120,6,6,9,4,54,20.0,6.25,13,60,48.0,45.0
1359519,1,2023-05-03,2023,2023,"Bharat Ratna Shri Atal Bihari Vajpayee Ekana Cricket Stadium, Lucknow",Lucknow Super Giants,Chennai Super Kings,125,119,6,116,7,7,6,4,46,19.33,6.47,10,48,38.4,39.66
1359520,1,2023-05-03,2023,2023,"Punjab Cricket Association IS Bindra Stadium, Mohali, Chandigarh",Punjab Kings,Mumbai Indians,214,197,17,120,3,3,20,7,29,20.0,10.7,27,122,57.01,24.17
1359520,2,2023-05-03,2023,2023,"Punjab Cricket Association IS Bindra Stadium, Mohali, Chandigarh",Mumbai Indians,Punjab Kings,216,209,7,113,4,4,23,9,27,18.83,11.47,32,146,67.59,23.89
1359521,1,2023-05-04,2023,2023,"Rajiv Gandhi International Stadium, Uppal, Hyderabad",Kolkata Knight Riders,Sunrisers Hyderabad,171,163,8,120,9,8,16,6,45,20.0,8.55,22,100,58.48,37.5
1359521,2,2023-05-04,2023,2023,"Rajiv Gandhi International Stadium, Uppal, Hyderabad",Sunrisers Hyderabad,Kolkata Knight Riders,166,152,14,120,8,8,15,5,42,20.0,8.3,20,90,54.22,35.0
1359522,1,2023-05-05,2023,2023,"Sawai Mansingh Stadium, Jaipur",Rajasthan Royals,Gujarat Titans,118,110,8,107,10,8,9,3,43,17.83,6.62,12,54,45.76,40.19
1359522,2,2023-05-05,2023,2023,"Sawai Mansingh Stadium, Jaipur",Gujarat Titans,Rajasthan Royals,119,116,3,83,1,1,14,3,27,13.83,8.6,17,74,62.18,32.53
1359523,1,2023-05-06,2023,2023,"MA Chidambaram Stadium, Chepauk, Chennai",Mumbai Indians,Chennai Super Kings,139,131,8,120,8,8,15,1,47,20.0,6.95,16,66,47.48,39.17
1359523,2,2023-05-06,2023,2023,"MA Chidambaram Stadium, Chepauk, Chennai",Chennai Super Kings,Mumbai Indians,140,135,5,106,4,4,9,7,36,17.67,7.92,16,78,55.71,33.96
1359524,1,2023-05-06,2023,2023,"Arun Jaitley Stadium, Delhi",Royal Challengers Bangalore,Delhi Capitals,181,173,8,120,4,4,16,6,31,20.0,9.05,22,100,55.25,25.83
1359524,2,2023-05-06,2023,2023,"Arun Jaitley Stadium, Delhi",Delhi Capitals,Royal Challengers Bangalore,187,178,9,100,3,3,15,12,32,16.67,11.22,27,132,70.59,32.0
1359525,1,2023-05-07,2023,2023,"Narendra Modi Stadium, Ahmedabad",Gujarat Titans,Lucknow Super Giants,227,221,6,120,2,2,15,14,24,20.0,11.35,29,144,63.44,20.0
1359525,2,2023-05-07,2023,2023,"Narendra Modi Stadium, Ahmedabad",Lucknow Super Giants,Gujarat Titans,171,163,8,120,7,7,16,7,42,20.0,8.55,23,106,61.99,35.0
1359526,1,2023-05-07,2023,2023,"Sawai Mansingh Stadium, Jaipur",Rajasthan Royals,Sunrisers Hyderabad,214,203,11,120,2,2,19,11,33,20.0,10.7,30,142,66.36,27.5
1359526,2,2023-05-07,2023,2023,"Sawai Mansingh Stadium, Jaipur",Sunrisers Hyderabad,Rajasthan Royals,217,212,5,120,6,6,15,13,31,20.0,10.85,28,138,63.59,25.83
1359527,1,2023-05-08,2023,2023,"Eden Gardens, Kolkata",Punjab Kings,Kolkata Knight Riders,179,166,13,120,7,7,21,6,49,20.0,8.95,27,120,67.04,40.83
1359527,2,2023-05-08,2023,2023,"Eden Gardens, Kolkata",Kolkata Knight Riders,Punjab Kings,182,178,4,120,5,4,20,6,38,20.0,9.1,26,116,63.74,31.67
1359528,1,2023-05-09,2023,2023,"Wankhede Stadium, Mumbai",Royal Challengers Bangalore,Mumbai Indians,199,195,4,120,6,6,21,8,36,20.0,9.95,29,132,66.33,30.0
1359528,2,2023-05-09,2023,2023,"Wankhede Stadium, Mumbai",Mumbai Indians,Royal Challengers Bangalore,200,186,14,99,4,4,16,13,30,16.5,12.12,29,142,71.0,30.3
1359529,1,2023-05-10,2023,2023,"MA Chidambaram Stadium, Chepauk, Chennai",Chennai Super Kings,Delhi Capitals,167,152,15,120,8,8,10,7,35,20.0,8.35,17,82,49.1,29.17
1359529,2,2023-05-10,2023,2023,"MA Chidambaram Stadium, Chepauk, Chennai",Delhi Capitals,Chennai Super Kings,140,129,11,120,8,6,10,6,52,20.0,7.0,16,76,54.29,43.33
1359530,1,2023-05-11,2023,2023,"Eden Gardens, Kolkata",Kolkata Knight Riders,Rajasthan Royals,149,146,3,120,8,8,8,8,46,20.0,7.45,16,80,53.69,38.33
1359530,2,2023-05-11,2023,2023,"Eden Gardens, Kolkata",Rajasthan Royals,Kolkata Knight Riders,151,146,5,79,1,0,15,10,28,13.17,11.47,25,120,79.47,35.44
1359531,1,2023-05-12,2023,2023,"Wankhede Stadium, Mumbai",Mumbai Indians,Gujarat Titans,218,216,2,120,5,5,22,12,39,20.0,10.9,34,160,73.39,32.5
1359531,2,2023-05-12,2023,2023,"Wankhede Stadium, Mumbai",Gujarat Titans,Mumbai Indians,191,185,6,120,8,8,16,12,44,20.0,9.55,28,136,71.2,36.67
1359532,1,2023-05-13,2023,2023,"Rajiv Gandhi International Stadium, Uppal, Hyderabad",Sunrisers Hyderabad,Lucknow Super Giants,182,177,5,120,6,6,18,8,44,20.0,9.1,26,120,65.93,36.67
1359532,2,2023-05-13,2023,2023,"Rajiv Gandhi International Stadium, Uppal, Hyderabad",Lucknow Super Giants,Sunrisers Hyderabad,185,179,6,116,3,3,15,10,36,19.33,9.57,25,120,64.86,31.03
1359533,1,2023-05-13,2023,2023,"Arun Jaitley Stadium, Delhi",Punjab Kings,Delhi Capitals,167,154,13,120,7,6,13,8,49,20.0,8.35,21,100,59.88,40.83
1359533,2,2023-05-13,2023,2023,"Arun Jaitley Stadium, Delhi",Delhi Capitals,Punjab Kings,136,132,4,120,8,8,17,2,51,20.0,6.8,19,80,58.82,42.5
1359534,1,2023-05-14,2023,2023,"Sawai Mansingh Stadium, Jaipur",Royal Challengers Bangalore,Rajasthan Royals,171,166,5,120,5,5,12,7,31,20.0,8.55,19,90,52.63,25.83
1359534,2,2023-05-14,2023,2023,"Sawai Mansingh Stadium, Jaipur",Rajasthan Royals,Royal Challengers Bangalore,59,56,3,63,10,9,4,4,39,10.5,5.62,8,40,67.8,61.9
1359535,1,2023-05-14,2023,2023,"MA Chidambaram Stadium, Chepauk, Chennai",Chennai Super Kings,Kolkata Knight Riders,144,138,6,120,6,6,7,5,40,20.0,7.2,12,58,40.28,33.33
1359535,2,2023-05-14,2023,2023,"MA Chidambaram Stadium, Chepauk, Chennai",Kolkata Knight Riders,Chennai Super Kings,147,135,12,111,4,3,13,4,40,18.5,7.95,17,76,51.7,36.04
1359536,1,2023-05-15,2023,2023,"Narendra Modi Stadium, Ahmedabad",Gujarat Titans,Sunrisers Hyderabad,188,175,13,120,9,8,22,2,33,20.0,9.4,24,100,53.19,27.5
1359536,2,2023-05-15,2023,2023,"Narendra Modi Stadium, Ahmedabad",Sunrisers Hyderabad,Gujarat Titans,154,145,9,120,9,9,13,5,47,20.0,7.7,18,82,53.25,39.17
1359537,1,2023-05-16,2023,2023,"Bharat Ratna Shri Atal Bihari Vajpayee Ekana Cricket Stadium, Lucknow",Lucknow Super Giants,Mumbai Indians,177,167,10,120,4,3,6,11,37,20.0,8.85,17,90,50.85,30.83
1359537,2,2023-05-16,2023,2023,"Bharat Ratna Shri Atal Bihari Vajpayee Ekana Cricket Stadium, Lucknow",Mumbai Indians,Lucknow Super Giants,172,157,15,120,5,5,12,7,44,20.0,8.6,19,90,52.33,36.67
1359538,1,2023-05-17,2023,2023,"Himachal Pradesh Cricket Association Stadium, Dharamsala",Delhi Capitals,Punjab Kings,213,208,5,120,2,2,20,11,36,20.0,10.65,31,146,68.54,30.0
1359538,2,2023-05-17,2023,2023,"Himachal Pradesh Cricket Association Stadium, Dharamsala",Punjab Kings,Delhi Capitals,198,188,10,120,8,6,15,13,44,20.0,9.9,28,138,69.7,36.67
1359539,1,2023-05-18,2023,2023,"Rajiv Gandhi International Stadium, Uppal, Hyderabad",Sunrisers Hyderabad,Royal Challengers Bangalore,186,180,6,120,5,5,15,8,33,20.0,9.3,23,108,58.06,27.5
1359539,2,2023-05-18,2023,2023,"Rajiv Gandhi International Stadium, Uppal, Hyderabad",Royal Challengers Bangalore,Sunrisers Hyderabad,187,180,7,116,2,2,20,6,33,19.33,9.67,26,116,62.03,28.45
1359540,1,2023-05-19,2023,2023,"Himachal Pradesh Cricket Association Stadium, Dharamsala",Punjab Kings,Rajasthan Royals,187,181,6,120,5,5,17,9,42,20.0,9.35,26,122,65.24,35.0
1359540,2,2023-05-19,2023,2023,"Himachal Pradesh Cricket Association Stadium, Dharamsala",Rajasthan Royals,Punjab Kings,189,180,9,118,6,6,18,9,44,19.67,9.61,27,126,66.67,37.29
1359541,1,2023-05-20,2023,2023,"Arun Jaitley Stadium, Delhi",Chennai Super Kings,Delhi Capitals,223,213,10,120,3,3,17,14,31,20.0,11.15,31,152,68.16,25.83
1359541,2,2023-05-20,2023,2023,"Arun Jaitley Stadium, Delhi",Delhi Capitals,Chennai Super Kings,146,135,11,120,9,9,11,6,49,20.0,7.3,17,80,54.79,40.83
1359542,1,2023-05-20,2023,2023,"Eden Gardens, Kolkata",Lucknow Super Giants,Kolkata Knight Riders,176,164,12,120,8,8,12,10,47,20.0,8.8,22,108,61.36,39.17
1359542,2,2023-05-20,2023,2023,"Eden Gardens, Kolkata",Kolkata Knight Riders,Lucknow Super Giants,175,166,9,120,7,6,17,7,44,20.0,8.75,24,110,62.86,36.67
1359543,1,2023-05-21,2023,2023,"Wankhede Stadium, Mumbai",Sunrisers Hyderabad,Mumbai Indians,200,188,12,120,5,5,20,7,29,20.0,10.0,27,122,61.0,24.17
1359543,2,2023-05-21,2023,2023,"Wankhede Stadium, Mumbai",Mumbai Indians,Sunrisers Hyderabad,201,195,6,108,2,2,21,10,31,18.0,11.17,31,144,71.64,28.7
1359544,1,2023-05-21,2023,2023,"M Chinnaswamy Stadium, Bengaluru",Royal Challengers Bangalore,Gujarat Titans,197,190,7,120,5,5,25,3,27,20.0,9.85,28,118,59.9,22.5
1359544,2,2023-05-21,2023,2023,"M Chinnaswamy Stadium, Bengaluru",Gujarat Titans,Royal Challengers Bangalore,198,179,19,115,4,4,15,10,36,19.17,10.33,25,120,60.61,31.3
1370350,1,2023-05-23,2023,2023,"MA Chidambaram Stadium, Chepauk, Chennai",Chennai Super Kings,Gujarat Titans,172,167,5,120,7,7,14,4,32,20.0,8.6,18,80,46.51,26.67
1370350,2,2023-05-23,2023,2023,"MA Chidambaram Stadium, Chepauk, Chennai",Gujarat Titans,Chennai Super Kings,157,142,15,120,10,9,13,5,48,20.0,7.85,18,82,52.23,40.0
1370351,1,2023-05-24,2023,2023,"MA Chidambaram Stadium, Chepauk, Chennai",Mumbai Indians,Lucknow Super Giants,182,166,16,120,8,8,15,8,42,20.0,9.1,23,108,59.34,35.0
1370351,2,2023-05-24,2023,2023,"MA Chidambaram Stadium, Chepauk, Chennai",Lucknow Super Giants,Mumbai Indians,101,91,10,99,10,7,9,2,47,16.5,6.12,11,48,47.52,47.47
1370352,1,2023-05-26,2023,2023,"Narendra Modi Stadium, Ahmedabad",Gujarat Titans,Mumbai Indians,233,223,10,120,3,2,18,13,25,20.0,11.65,31,150,64.38,20.83
1370352,2,2023-05-26,2023,2023,"Narendra Modi Stadium, Ahmedabad",Mumbai Indians,Gujarat Titans,171,164,7,110,10,10,17,7,39,18.33,9.33,24,110,64.33,35.45
1370353,1,2023-05-29,2023,2023,"Narendra Modi Stadium, Ahmedabad",Gujarat Titans,Chennai Super Kings,214,210,4,120,4,4,20,9,25,20.0,10.7,29,134,62.62,20.83
1370353,2,2023-05-29,2023,2023,"Narendra Modi Stadium, Ahmedabad",Chennai Super Kings,Gujarat Titans,171,166,5,90,5,5,11,10,18,15.0,11.4,21,104,60.82,20.0
1422119,1,2024-03-22,2024,2024,"MA Chidambaram Stadium, Chepauk, Chennai",Royal Challengers Bengaluru,Chennai Super Kings,173,160,13,120,6,5,16,6,41,20.0,8.65,22,100,57.8,34.17
1422119,2,2024-03-22,2024,2024,"MA Chidambaram Stadium, Chepauk, Chennai",Chennai Super Kings,Royal Challengers Bengaluru,176,160,16,112,4,4,10,9,39,18.67,9.43,19,94,53.41,34.82
1422120,1,2024-03-23,2024,2024,"Maharaja Yadavindra Singh International Cricket Stadium, Mullanpur",Delhi Capitals,Punjab Kings,174,164,10,120,9,7,15,9,47,20.0,8.7,24,114,65.52,39.17
1422120,2,2024-03-23,2024,2024,"Maharaja Yadavindra Singh International Cricket Stadium, Mullanpur",Punjab Kings,Delhi Capitals,177,169,8,116,6,5,20,4,32,19.33,9.16,24,104,58.76,27.59
1422121,1,2024-03-23,2024,2024,"Eden Gardens, Kolkata",Kolkata Knight Riders,Sunrisers Hyderabad,208,200,8,120,7,6,13,14,41,20.0,10.4,27,136,65.38,34.17
1422121,2,2024-03-23,2024,2024,"Eden Gardens, Kolkata",Sunrisers Hyderabad,Kolkata Knight Riders,204,197,7,120,7,7,12,15,42,20.0,10.2,27,138,67.65,35.0
1422122,1,2024-03-24,2024,2024,"Sawai Mansingh Stadium, Jaipur",Rajasthan Royals,Lucknow Super Giants,193,185,8,120,4,4,10,11,30,20.0,9.65,21,106,54.92,25.0
1422122,2,2024-03-24,2024,2024,"Sawai Mansingh Stadium, Jaipur",Lucknow Super Giants,Rajasthan Royals,173,159,14,120,6,6,11,8,38,20.0,8.65,19,92,53.18,31.67
1422123,1,2024-03-24,2024,2024,"Narendra Modi Stadium, Ahmedabad",Gujarat Titans,Mumbai Indians,168,156,12,120,6,6,14,4,36,20.0,8.4,18,80,47.62,30.0
1422123,2,2024-03-24,2024,2024,"Narendra Modi Stadium, Ahmedabad",Mumbai Indians,Gujarat Titans,162,159,3,120,9,9,15,7,49,20.0,8.1,22,102,62.96,40.83
1422124,1,2024-03-25,2024,2024,"M Chinnaswamy Stadium, Bengaluru",Punjab Kings,Royal Challengers Bengaluru,176,168,8,120,6,6,15,8,44,20.0,8.8,23,108,61.36,36.67
1422124,2,2024-03-25,2024,2024,"M Chinnaswamy Stadium, Bengaluru",Royal Challengers Bengaluru,Punjab Kings,178,160,18,116,6,6,18,6,41,19.33,9.21,24,108,60.67,35.34
1422125,1,2024-03-26,2024,2024,"MA Chidambaram Stadium, Chepauk, Chennai",Chennai Super Kings,Gujarat Titans,206,200,6,120,6,5,17,11,33,20.0,10.3,28,134,65.05,27.5
1422125,2,2024-03-26,2024,2024,"MA Chidambaram Stadium, Chepauk, Chennai",Gujarat Titans,Chennai Super Kings,143,132,11,120,8,8,13,3,48,20.0,7.15,16,70,48.95,40.0
1422126,1,2024-03-27,2024,2024,"Rajiv Gandhi International Stadium, Uppal, Hyderabad",Sunrisers Hyderabad,Mumbai Indians,277,258,19,120,3,3,19,18,19,20.0,13.85,37,184,66.43,15.83
1422126,2,2024-03-27,2024,2024,"Rajiv Gandhi International Stadium, Uppal, Hyderabad",Mumbai Indians,Sunrisers Hyderabad,246,235,11,120,5,5,12,20,30,20.0,12.3,32,168,68.29,25.0
1422127,1,2024-03-28,2024,2024,"Sawai Mansingh Stadium, Jaipur",Rajasthan Royals,Delhi Capitals,185,178,7,120,5,5,15,10,39,20.0,9.25,25,120,64.86,32.5
1422127,2,2024-03-28,2024,2024,"Sawai Mansingh Stadium, Jaipur",Delhi Capitals,Rajasthan Royals,173,168,5,120,5,5,15,7,38,20.0,8.65,22,102,58.96,31.67
1422128,1,2024-03-29,2024,2024,"M Chinnaswamy Stadium, Bengaluru",Royal Challengers Bengaluru,Kolkata Knight Riders,182,178,4,120,6,5,11,11,40,20.0,9.1,22,110,60.44,33.33
1422128,2,2024-03-29,2024,2024,"M Chinnaswamy Stadium, Bengaluru",Kolkata Knight Riders,Royal Challengers Bengaluru,186,171,15,101,3,3,9,13,27,16.83,11.05,22,114,61.29,26.73
1422129,1,2024-03-30,2024,2024,"Bharat Ratna Shri Atal Bihari Vajpayee Ekana Cricket Stadium, Lucknow",Lucknow Super Giants,Punjab Kings,199,192,7,120,8,7,15,10,34,20.0,9.95,25,120,60.3,28.33
1422129,2,2024-03-30,2024,2024,"Bharat Ratna Shri Atal Bihari Vajpayee Ekana Cricket Stadium, Lucknow",Punjab Kings,Lucknow Super Giants,178,174,4,120,5,5,15,10,42,20.0,8.9,25,120,67.42,35.0
1422130,1,2024-03-31,2024,2024,"Narendra Modi Stadium, Ahmedabad",Sunrisers Hyderabad,Gujarat Titans,162,158,4,120,8,7,12,6,40,20.0,8.1,18,84,51.85,33.33
1422130,2,2024-03-31,2024,2024,"Narendra Modi Stadium, Ahmedabad",Gujarat Titans,Sunrisers Hyderabad,168,164,4,115,3,3,13,6,28,19.17,8.77,19,88,52.38,24.35
1422131,1,2024-03-31,2024,2024,"Dr. Y.S. Rajasekhara Reddy ACA-VDCA Cricket Stadium, Visakhapatnam",Delhi Capitals,Chennai Super Kings,191,180,11,120,5,5,16,9,38,20.0,9.55,25,118,61.78,31.67
1422131,2,2024-03-31,2024,2024,"Dr. Y.S. Rajasekhara Reddy ACA-VDCA Cricket Stadium, Visakhapatnam",Chennai Super Kings,Delhi Capitals,171,158,13,120,6,6,13,7,40,20.0,8.55,20,94,54.97,33.33
1422132,1,2024-04-01,2024,2024,"Wankhede Stadium, Mumbai",Mumbai Indians,Rajasthan Royals,125,118,7,120,9,9,10,3,58,20.0,6.25,13,58,46.4,48.33
1422132,2,2024-04-01,2024,2024,"Wankhede Stadium, Mumbai",Rajasthan Royals,Mumbai Indians,127,113,14,93,4,4,14,3,38,15.5,8.19,17,74,58.27,40.86
1422133,1,2024-04-02,2024,2024,"M Chinnaswamy Stadium, Bengaluru",Lucknow Super Giants,Royal Challengers Bengaluru,181,171,10,120,5,5,10,14,51,20.0,9.05,24,124,68.51,42.5
1422133,2,2024-04-02,2024,2024,"M Chinnaswamy Stadium, Bengaluru",Royal Challengers Bengaluru,Lucknow Super Giants,153,142,11,118,10,8,11,8,51,19.67,7.78,19,92,60.13,43.22
1422134,1,2024-04-03,2024,2024,"Dr. Y.S. Rajasekhara Reddy ACA-VDCA Cricket Stadium, Visakhapatnam",Kolkata Knight Riders,Delhi Capitals,272,250,22,120,7,7,22,18,33,20.0,13.6,40,196,72.06,27.5
1422134,2,2024-04-03,2024,2024,"Dr. Y.S. Rajasekhara Reddy ACA-VDCA Cricket Stadium, Visakhapatnam",Delhi Capitals,Kolkata Knight Riders,166,150,16,104,10,10,12,11,46,17.33,9.58,23,114,68.67,44.23
1422135,1,2024-04-04,2024,2024,"Narendra Modi Stadium, Ahmedabad",Gujarat Titans,Punjab Kings,199,190,9,120,4,4,21,5,29,20.0,9.95,26,114,57.29,24.17
1422135,2,2024-04-04,2024,2024,"Narendra Modi Stadium, Ahmedabad",Punjab Kings,Gujarat Titans,200,187,13,119,7,7,18,8,32,19.83,10.08,26,120,60.0,26.89
1422136,1,2024-04-05,2024,2024,"Rajiv Gandhi International Stadium, Uppal, Hyderabad",Chennai Super Kings,Sunrisers Hyderabad,165,163,2,120,5,5,14,6,38,20.0,8.25,20,92,55.76,31.67
1422136,2,2024-04-05,2024,2024,"Rajiv Gandhi International Stadium, Uppal, Hyderabad",Sunrisers Hyderabad,Chennai Super Kings,166,160,6,109,4,4,12,8,35,18.17,9.14,20,96,57.83,32.11
1422137,1,2024-04-06,2024,2024,"Sawai Mansingh Stadium, Jaipur",Royal Challengers Bengaluru,Rajasthan Royals,183,172,11,120,3,3,14,7,31,20.0,9.15,21,98,53.55,25.83
1422137,2,2024-04-06,2024,2024,"Sawai Mansingh Stadium, Jaipur",Rajasthan Royals,Royal Challengers Bengaluru,189,186,3,115,4,4,20,6,33,19.17,9.86,26,116,61.38,28.7
1422138,1,2024-04-07,2024,2024,"Wankhede Stadium, Mumbai",Mumbai Indians,Delhi Capitals,234,220,14,120,5,5,19,14,37,20.0,11.7,33,160,68.38,30.83
1422138,2,2024-04-07,2024,2024,"Wankhede Stadium, Mumbai",Delhi Capitals,Mumbai Indians,205,202,3,120,8,7,18,11,37,20.0,10.25,29,138,67.32,30.83
1422139,1,2024-04-07,2024,2024,"Bharat Ratna Shri Atal Bihari Vajpayee Ekana Cricket Stadium, Lucknow",Lucknow Super Giants,Gujarat Titans,163,158,5,120,5,5,11,6,37,20.0,8.15,17,80,49.08,30.83
1422139,2,2024-04-07,2024,2024,"Bharat Ratna Shri Atal Bihari Vajpayee Ekana Cricket Stadium, Lucknow",Gujarat Titans,Lucknow Super Giants,130,118,12,113,10,10,9,4,50,18.83,6.9,13,60,46.15,44.25
1426260,1,2024-04-08,2024,2024,"MA Chidambaram Stadium, Chepauk, Chennai",Kolkata Knight Riders,Chennai Super Kings,137,124,13,120,9,9,11,4,55,20.0,6.85,15,68,49.64,45.83
1426260,2,2024-04-08,2024,2024,"MA Chidambaram Stadium, Chepauk, Chennai",Chennai Super Kings,Kolkata Knight Riders,141,136,5,106,3,3,14,4,39,17.67,7.98,18,80,56.74,36.79
1426261,1,2024-04-09,2024,2024,"Maharaja Yadavindra Singh International Cricket Stadium, Mullanpur",Sunrisers Hyderabad,Punjab Kings,182,175,7,120,9,9,18,8,47,20.0,9.1,26,120,65.93,39.17
1426261,2,2024-04-09,2024,2024,"Maharaja Yadavindra Singh International Cricket Stadium, Mullanpur",Punjab Kings,Sunrisers Hyderabad,180,173,7,120,6,6,17,8,45,20.0,9.0,25,116,64.44,37.5
1426262,1,2024-04-10,2024,2024,"Sawai Mansingh Stadium, Jaipur",Rajasthan Royals,Gujarat Titans,196,189,7,120,3,3,16,8,34,20.0,9.8,24,112,57.14,28.33
1426262,2,2024-04-10,2024,2024,"Sawai Mansingh Stadium, Jaipur",Gujarat Titans,Rajasthan Royals,199,188,11,120,7,6,20,4,25,20.0,9.95,24,104,52.26,20.83
1426263,1,2024-04-11,2024,2024,"Wankhede Stadium, Mumbai",Royal Challengers Bengaluru,Mumbai Indians,196,186,10,120,8,8,15,11,43,20.0,9.8,26,126,64.29,35.83
1426263,2,2024-04-11,2024,2024,"Wankhede Stadium, Mumbai",Mumbai Indians,Royal Challengers Bengaluru,199,196,3,93,3,3,18,15,29,15.5,12.84,33,162,81.41,31.18
1426264,1,2024-04-12,2024,2024,"Bharat Ratna Shri Atal Bihari Vajpayee Ekana Cricket Stadium, Lucknow",Lucknow Super Giants,Delhi Capitals,167,157,10,120,7,7,17,2,37,20.0,8.35,19,80,47.9,30.83
1426264,2,2024-04-12,2024,2024,"Bharat Ratna Shri Atal Bihari Vajpayee Ekana Cricket Stadium, Lucknow",Delhi Capitals,Lucknow Super Giants,170,162,8,109,4,4,14,8,40,18.17,9.36,22,104,61.18,36.7
1426265,1,2024-04-13,2024,2024,"Maharaja Yadavindra Singh International Cricket Stadium, Mullanpur",Punjab Kings,Rajasthan Royals,147,139,8,120,8,7,9,6,40,20.0,7.35,15,72,48.98,33.33
1426265,2,2024-04-13,2024,2024,"Maharaja Yadavindra Singh International Cricket Stadium, Mullanpur",Rajasthan Royals,Punjab Kings,152,149,3,119,7,7,12,5,43,19.83,7.66,17,78,51.32,36.13
1426266,1,2024-04-14,2024,2024,"Eden Gardens, Kolkata",Lucknow Super Giants,Kolkata Knight Riders,161,153,8,120,7,7,13,7,45,20.0,8.05,20,94,58.39,37.5
1426266,2,2024-04-14,2024,2024,"Eden Gardens, Kolkata",Kolkata Knight Riders,Lucknow Super Giants,162,140,22,94,2,2,21,4,35,15.67,10.34,25,108,66.67,37.23
1426267,1,2024-04-14,2024,2024,"Wankhede Stadium, Mumbai",Chennai Super Kings,Mumbai Indians,206,198,8,120,4,4,19,11,39,20.0,10.3,30,142,68.93,32.5
1426267,2,2024-04-14,2024,2024,"Wankhede Stadium, Mumbai",Mumbai Indians,Chennai Super Kings,186,179,7,120,6,6,19,8,41,20.0,9.3,27,124,66.67,34.17
1426268,1,2024-04-15,2024,2024,"M Chinnaswamy Stadium, Bengaluru",Sunrisers Hyderabad,Royal Challengers Bengaluru,287,272,15,120,3,3,19,22,22,20.0,14.35,41,208,72.47,18.33
1426268,2,2024-04-15,2024,2024,"M Chinnaswamy Stadium, Bengaluru",Royal Challengers Bengaluru,Sunrisers Hyderabad,262,248,14,120,7,6,24,16,29,20.0,13.1,40,192,73.28,24.17
1426269,1,2024-04-16,2024,2024,"Eden Gardens, Kolkata",Kolkata Knight Riders,Rajasthan Royals,223,202,21,120,6,6,24,9,39,20.0,11.15,33,150,67.26,32.5
1426269,2,2024-04-16,2024,2024,"Eden Gardens, Kolkata",Rajasthan Royals,Kolkata Knight Riders,224,208,16,120,8,7,20,12,39,20.0,11.2,32,152,67.86,32.5
1426270,1,2024-04-17,2024,2024,"Narendra Modi Stadium, Ahmedabad",Gujarat Titans,Delhi Capitals,89,77,12,105,10,9,8,1,59,17.5,5.09,9,38,42.7,56.19
1426270,2,2024-04-17,2024,2024,"Narendra Modi Stadium, Ahmedabad",Delhi Capitals,Gujarat Titans,92,86,6,53,4,4,9,6,23,8.83,10.42,15,72,78.26,43.4
1426271,1,2024-04-18,2024,2024,"Maharaja Yadavindra Singh International Cricket Stadium, Mullanpur",Mumbai Indians,Punjab Kings,192,181,11,120,7,6,14,10,34,20.0,9.6,24,116,60.42,28.33
1426271,2,2024-04-18,2024,2024,"Maharaja Yadavindra Singh International Cricket Stadium, Mullanpur",Punjab Kings,Mumbai Indians,183,162,21,115,10,9,10,12,44,19.17,9.55,22,112,61.2,38.26
1426272,1,2024-04-19,2024,2024,"Bharat Ratna Shri Atal Bihari Vajpayee Ekana Cricket Stadium, Lucknow",Chennai Super Kings,Lucknow Super Giants,176,172,4,120,6,6,14,7,36,20.0,8.8,21,98,55.68,30.0
1426272,2,2024-04-19,2024,2024,"Bharat Ratna Shri Atal Bihari Vajpayee Ekana Cricket Stadium, Lucknow",Lucknow Super Giants,Chennai Super Kings,180,167,13,114,2,2,18,5,31,19.0,9.47,23,102,56.67,27.19
1426273,1,2024-04-20,2024,2024,"Arun Jaitley Stadium, Delhi",Sunrisers Hyderabad,Delhi Capitals,266,261,5,120,7,6,18,22,26,20.0,13.3,40,204,76.69,21.67
1426273,2,2024-04-20,2024,2024,"Arun Jaitley Stadium, Delhi",Delhi Capitals,Sunrisers Hyderabad,199,191,8,115,10,10,22,9,40,19.17,10.38,31,142,71.36,34.78
1426274,1,2024-04-21,2024,2024,"Eden Gardens, Kolkata",Kolkata Knight Riders,Royal Challengers Bengaluru,222,202,20,120,6,6,27,7,32,20.0,11.1,34,150,67.57,26.67
1426274,2,2024-04-21,2024,2024,"Eden Gardens, Kolkata",Royal Challengers Bengaluru,Kolkata Knight Riders,221,212,9,120,10,9,16,17,44,20.0,11.05,33,166,75.11,36.67
1426275,1,2024-04-21,2024,2024,"Maharaja Yadavindra Singh International Cricket Stadium, Mullanpur",Punjab Kings,Gujarat Titans,142,138,4,120,10,9,12,5,51,20.0,7.1,17,78,54.93,42.5
1426275,2,2024-04-21,2024,2024,"Maharaja Yadavindra Singh International Cricket Stadium, Mullanpur",Gujarat Titans,Punjab Kings,146,143,3,115,7,7,16,2,38,19.17,7.62,18,76,52.05,33.04
1426276,1,2024-04-22,2024,2024,"Sawai Mansingh Stadium, Jaipur",Mumbai Indians,Rajasthan Royals,179,169,10,120,9,9,14,8,39,20.0,8.95,22,104,58.1,32.5
1426276,2,2024-04-22,2024,2024,"Sawai Mansingh Stadium, Jaipur",Rajasthan Royals,Mumbai Indians,183,177,6,112,1,1,17,9,35,18.67,9.8,26,122,66.67,31.25
1426277,1,2024-04-23,2024,2024,"MA Chidambaram Stadium, Chepauk, Chennai",Chennai Super Kings,Lucknow Super Giants,210,206,4,120,4,3,19,10,32,20.0,10.5,29,136,64.76,26.67
1426277,2,2024-04-23,2024,2024,"MA Chidambaram Stadium, Chepauk, Chennai",Lucknow Super Giants,Chennai Super Kings,213,204,9,117,4,4,19,10,30,19.5,10.92,29,136,63.85,25.64
1426278,1,2024-04-24,2024,2024,"Arun Jaitley Stadium, Delhi",Delhi Capitals,Gujarat Titans,224,219,5,120,4,4,18,16,38,20.0,11.2,34,168,75.0,31.67
1426278,2,2024-04-24,2024,2024,"Arun Jaitley Stadium, Delhi",Gujarat Titans,Delhi Capitals,220,212,8,120,8,8,22,10,31,20.0,11.0,32,148,67.27,25.83
1426279,1,2024-04-25,2024,2024,"Rajiv Gandhi International Stadium, Uppal, Hyderabad",Royal Challengers Bengaluru,Sunrisers Hyderabad,206,199,7,120,7,7,18,8,21,20.0,10.3,26,120,58.25,17.5
1426279,2,2024-04-25,2024,2024,"Rajiv Gandhi International Stadium, Uppal, Hyderabad",Sunrisers Hyderabad,Royal Challengers Bengaluru,171,161,10,120,8,8,10,9,43,20.0,8.55,19,94,54.97,35.83
1426280,1,2024-04-26,2024,2024,"Eden Gardens, Kolkata",Kolkata Knight Riders,Punjab Kings,261,248,13,120,6,5,22,18,34,20.0,13.05,40,196,75.1,28.33
1426280,2,2024-04-26,2024,2024,"Eden Gardens, Kolkata",Punjab Kings,Kolkata Knight Riders,262,256,6,112,2,1,15,24,27,18.67,14.04,39,204,77.86,24.11
1426281,1,2024-04-27,2024,2024,"Arun Jaitley Stadium, Delhi",Delhi Capitals,Mumbai Indians,257,249,8,120,4,4,22,17,30,20.0,12.85,39,190,73.93,25.0
1426281,2,2024-04-27,2024,2024,"Arun Jaitley Stadium, Delhi",Mumbai Indians,Delhi Capitals,247,230,17,120,9,8,20,15,26,20.0,12.35,35,170,68.83,21.67
1426282,1,2024-04-27,2024,2024,"Bharat Ratna Shri Atal Bihari Vajpayee Ekana Cricket Stadium, Lucknow",Lucknow Super Giants,Rajasthan Royals,196,178,18,120,5,5,20,2,30,20.0,9.8,22,92,46.94,25.0
1426282,2,2024-04-27,2024,2024,"Bharat Ratna Shri Atal Bihari Vajpayee Ekana Cricket Stadium, Lucknow",Rajasthan Royals,Lucknow Super Giants,199,195,4,114,3,3,19,9,28,19.0,10.47,28,130,65.33,24.56
1426283,1,2024-04-28,2024,2024,"Narendra Modi Stadium, Ahmedabad",Gujarat Titans,Royal Challengers Bengaluru,200,189,11,120,3,3,15,10,33,20.0,10.0,25,120,60.0,27.5
1426283,2,2024-04-28,2024,2024,"Narendra Modi Stadium, Ahmedabad",Royal Challengers Bengaluru,Gujarat Titans,206,194,12,96,1,1,12,16,23,16.0,12.88,28,144,69.9,23.96
1426284,1,2024-04-28,2024,2024,"MA Chidambaram Stadium, Chepauk, Chennai",Chennai Super Kings,Sunrisers Hyderabad,212,203,9,120,3,3,20,8,24,20.0,10.6,28,128,60.38,20.0
1426284,2,2024-04-28,2024,2024,"MA Chidambaram Stadium, Chepauk, Chennai",Sunrisers Hyderabad,Chennai Super Kings,134,131,3,113,10,10,9,4,36,18.83,7.12,13,60,44.78,31.86
1426285,1,2024-04-29,2024,2024,"Eden Gardens, Kolkata",Delhi Capitals,Kolkata Knight Riders,153,140,13,120,9,9,16,5,54,20.0,7.65,21,94,61.44,45.0
1426285,2,2024-04-29,2024,2024,"Eden Gardens, Kolkata",Kolkata Knight Riders,Delhi Capitals,157,153,4,99,3,3,16,7,36,16.5,9.52,23,106,67.52,36.36
1426286,1,2024-04-30,2024,2024,"Bharat Ratna Shri Atal Bihari Vajpayee Ekana Cricket Stadium, Lucknow",Mumbai Indians,Lucknow Super Giants,144,136,8,120,7,6,12,4,51,20.0,7.2,16,72,50.0,42.5
1426286,2,2024-04-30,2024,2024,"Bharat Ratna Shri Atal Bihari Vajpayee Ekana Cricket Stadium, Lucknow",Lucknow Super Giants,Mumbai Indians,145,134,11,116,6,5,14,3,46,19.33,7.5,17,74,51.03,39.66
1426287,1,2024-05-01,2024,2024,"MA Chidambaram Stadium, Chepauk, Chennai",Chennai Super Kings,Punjab Kings,162,144,18,120,7,6,13,4,40,20.0,8.1,17,76,46.91,33.33
1426287,2,2024-05-01,2024,2024,"MA Chidambaram Stadium, Chepauk, Chennai",Punjab Kings,Chennai Super Kings,163,153,10,107,3,3,17,5,38,17.83,9.14,22,98,60.12,35.51
1426288,1,2024-05-02,2024,2024,"Rajiv Gandhi International Stadium, Uppal, Hyderabad",Sunrisers Hyderabad,Rajasthan Royals,201,193,8,120,3,3,13,15,46,20.0,10.05,28,142,70.65,38.33
1426288,2,2024-05-02,2024,2024,"Rajiv Gandhi International Stadium, Uppal, Hyderabad",Rajasthan Royals,Sunrisers Hyderabad,200,187,13,120,7,7,19,8,43,20.0,10.0,27,124,62.0,35.83
1426289,1,2024-05-03,2024,2024,"Wankhede Stadium, Mumbai",Kolkata Knight Riders,Mumbai Indians,169,162,7,119,10,9,12,9,48,19.83,8.52,21,102,60.36,40.34
1426289,2,2024-05-03,2024,2024,"Wankhede Stadium, Mumbai",Mumbai Indians,Kolkata Knight Riders,145,135,10,113,10,10,11,6,48,18.83,7.7,17,80,55.17,42.48
1426290,1,2024-05-04,2024,2024,"M Chinnaswamy Stadium, Bengaluru",Gujarat Titans,Royal Challengers Bengaluru,147,140,7,117,10,8,17,5,53,19.5,7.54,22,98,66.67,45.3
1426290,2,2024-05-04,2024,2024,"M Chinnaswamy Stadium, Bengaluru",Royal Challengers Bengaluru,Gujarat Titans,152,150,2,82,6,6,18,8,28,13.67,11.12,26,120,78.95,34.15
1426291,1,2024-05-05,2024,2024,"Himachal Pradesh Cricket Association Stadium, Dharamsala",Chennai Super Kings,Punjab Kings,167,161,6,120,9,9,15,5,37,20.0,8.35,20,90,53.89,30.83
1426291,2,2024-05-05,2024,2024,"Himachal Pradesh Cricket Association Stadium, Dharamsala",Punjab Kings,Chennai Super Kings,139,130,9,120,9,9,12,5,54,20.0,6.95,17,78,56.12,45.0
1426292,1,2024-05-05,2024,2024,"Bharat Ratna Shri Atal Bihari Vajpayee Ekana Cricket Stadium, Lucknow",Kolkata Knight Riders,Lucknow Super Giants,235,222,13,120,6,6,21,13,34,20.0,11.75,34,162,68.94,28.33
1426292,2,2024-05-05,2024,2024,"Bharat Ratna Shri Atal Bihari Vajpayee Ekana Cricket Stadium, Lucknow",Lucknow Super Giants,Kolkata Knight Riders,137,130,7,97,10,10,10,7,36,16.17,8.47,17,82,59.85,37.11
1426293,1,2024-05-06,2024,2024,"Wankhede Stadium, Mumbai",Sunrisers Hyderabad,Mumbai Indians,173,159,14,120,8,8,13,5,37,20.0,8.65,18,82,47.4,30.83
1426293,2,2024-05-06,2024,2024,"Wankhede Stadium, Mumbai",Mumbai Indians,Sunrisers Hyderabad,174,152,22,104,3,3,21,6,43,17.33,10.04,27,120,68.97,41.35
1426294,1,2024-05-07,2024,2024,"Arun Jaitley Stadium, Delhi",Delhi Capitals,Rajasthan Royals,221,220,1,120,8,6,22,12,30,20.0,11.05,34,160,72.4,25.0
1426294,2,2024-05-07,2024,2024,"Arun Jaitley Stadium, Delhi",Rajasthan Royals,Delhi Capitals,201,186,15,120,8,8,16,13,47,20.0,10.05,29,142,70.65,39.17
1426295,1,2024-05-08,2024,2024,"Rajiv Gandhi International Stadium, Uppal, Hyderabad",Lucknow Super Giants,Sunrisers Hyderabad,165,161,4,120,4,3,16,4,36,20.0,8.25,20,88,53.33,30.0
1426295,2,2024-05-08,2024,2024,"Rajiv Gandhi International Stadium, Uppal, Hyderabad",Sunrisers Hyderabad,Lucknow Super Giants,167,164,3,58,0,0,16,14,13,9.67,17.28,30,148,88.62,22.41
1426296,1,2024-05-09,2024,2024,"Himachal Pradesh Cricket Association Stadium, Dharamsala",Royal Challengers Bengaluru,Punjab Kings,241,233,8,120,7,7,19,16,33,20.0,12.05,35,172,71.37,27.5
1426296,2,2024-05-09,2024,2024,"Himachal Pradesh Cricket Association Stadium, Dharamsala",Punjab Kings,Royal Challengers Bengaluru,181,175,6,102,10,9,23,7,34,17.0,10.65,30,134,74.03,33.33
1426297,1,2024-05-10,2024,2024,"Narendra Modi Stadium, Ahmedabad",Gujarat Titans,Chennai Super Kings,231,225,6,120,3,2,15,14,23,20.0,11.55,29,144,62.34,19.17
1426297,2,2024-05-10,2024,2024,"Narendra Modi Stadium, Ahmedabad",Chennai Super Kings,Gujarat Titans,196,189,7,120,8,7,16,12,41,20.0,9.8,28,136,69.39,34.17
1426298,1,2024-05-11,2024,2024,"Eden Gardens, Kolkata",Kolkata Knight Riders,Mumbai Indians,157,151,6,96,7,6,14,9,33,16.0,9.81,23,110,70.06,34.38
1426298,2,2024-05-11,2024,2024,"Eden Gardens, Kolkata",Mumbai Indians,Kolkata Knight Riders,139,127,12,96,8,7,13,6,41,16.0,8.69,19,88,63.31,42.71
1426299,1,2024-05-12,2024,2024,"MA Chidambaram Stadium, Chepauk, Chennai",Rajasthan Royals,Chennai Super Kings,141,136,5,120,5,5,7,6,44,20.0,7.05,13,64,45.39,36.67
1426299,2,2024-05-12,2024,2024,"MA Chidambaram Stadium, Chepauk, Chennai",Chennai Super Kings,Rajasthan Royals,145,139,6,110,5,4,11,5,36,18.33,7.91,16,74,51.03,32.73
1426300,1,2024-05-12,2024,2024,"M Chinnaswamy Stadium, Bengaluru",Royal Challengers Bengaluru,Delhi Capitals,187,177,10,120,9,7,10,11,36,20.0,9.35,21,106,56.68,30.0
1426300,2,2024-05-12,2024,2024,"M Chinnaswamy Stadium, Bengaluru",Delhi Capitals,Royal Challengers Bengaluru,140,134,6,115,10,8,12,5,49,19.17,7.3,17,78,55.71,42.61
1426302,1,2024-05-14,2024,2024,"Arun Jaitley Stadium, Delhi",Delhi Capitals,Lucknow Super Giants,208,200,8,120,4,4,18,10,38,20.0,10.4,28,132,63.46,31.67
1426302,2,2024-05-14,2024,2024,"Arun Jaitley Stadium, Delhi",Lucknow Super Giants,Delhi Capitals,189,183,6,120,9,8,16,10,45,20.0,9.45,26,124,65.61,37.5
1426303,1,2024-05-15,2024,2024,"Barsapara Cricket Stadium, Guwahati",Rajasthan Royals,Punjab Kings,144,142,2,120,9,8,18,2,50,20.0,7.2,20,84,58.33,41.67
1426303,2,2024-05-15,2024,2024,"Barsapara Cricket Stadium, Guwahati",Punjab Kings,Rajasthan Royals,145,144,1,113,5,5,13,6,43,18.83,7.7,19,88,60.69,38.05
1426305,1,2024-05-17,2024,2024,"Wankhede Stadium, Mumbai",Lucknow Super Giants,Mumbai Indians,214,203,11,120,6,6,16,14,40,20.0,10.7,30,148,69.16,33.33
1426305,2,2024-05-17,2024,2024,"Wankhede Stadium, Mumbai",Mumbai Indians,Lucknow Super Giants,196,185,11,120,6,6,17,11,47,20.0,9.8,28,134,68.37,39.17
1426306,1,2024-05-18,2024,2024,"M Chinnaswamy Stadium, Bengaluru",Royal Challengers Bengaluru,Chennai Super Kings,218,210,8,120,5,4,14,16,37,20.0,10.9,30,152,69.72,30.83
1426306,2,2024-05-18,2024,2024,"M Chinnaswamy Stadium, Bengaluru",Chennai Super Kings,Royal Challengers Bengaluru,191,176,15,120,7,6,14,8,31,20.0,9.55,22,104,54.45,25.83
1426307,1,2024-05-19,2024,2024,"Rajiv Gandhi International Stadium, Uppal, Hyderabad",Punjab Kings,Sunrisers Hyderabad,214,204,10,120,5,4,17,12,32,20.0,10.7,29,140,65.42,26.67
1426307,2,2024-05-19,2024,2024,"Rajiv Gandhi International Stadium, Uppal, Hyderabad",Sunrisers Hyderabad,Punjab Kings,215,198,17,115,6,6,14,14,32,19.17,11.22,28,140,65.12,27.83
1426309,1,2024-05-21,2024,2024,"Narendra Modi Stadium, Ahmedabad",Sunrisers Hyderabad,Kolkata Knight Riders,159,152,7,117,10,9,13,6,43,19.5,8.15,19,88,55.35,36.75
1426309,2,2024-05-21,2024,2024,"Narendra Modi Stadium, Ahmedabad",Kolkata Knight Riders,Sunrisers Hyderabad,164,153,11,82,2,2,16,10,27,13.67,12.0,26,124,75.61,32.93
1426310,1,2024-05-22,2024,2024,"Narendra Modi Stadium, Ahmedabad",Royal Challengers Bengaluru,Rajasthan Royals,172,168,4,120,8,8,13,8,37,20.0,8.6,21,100,58.14,30.83
1426310,2,2024-05-22,2024,2024,"Narendra Modi Stadium, Ahmedabad",Rajasthan Royals,Royal Challengers Bengaluru,174,168,6,114,6,5,20,5,34,19.0,9.16,25,110,63.22,29.82
1426311,1,2024-05-24,2024,2024,"MA Chidambaram Stadium, Chepauk, Chennai",Sunrisers Hyderabad,Rajasthan Royals,175,167,8,120,9,8,11,9,40,20.0,8.75,20,98,56.0,33.33
1426311,2,2024-05-24,2024,2024,"MA Chidambaram Stadium, Chepauk, Chennai",Rajasthan Royals,Sunrisers Hyderabad,139,134,5,120,7,7,13,5,54,20.0,6.95,18,82,58.99,45.0
1426312,1,2024-05-26,2024,2024,"MA Chidambaram Stadium, Chepauk, Chennai",Sunrisers Hyderabad,Kolkata Knight Riders,113,100,13,111,10,10,8,3,53,18.5,6.11,11,50,44.25,47.75
1426312,2,2024-05-26,2024,2024,"MA Chidambaram Stadium, Chepauk, Chennai",Kolkata Knight Riders,Sunrisers Hyderabad,114,103,11,63,2,2,10,6,21,10.5,10.86,16,76,66.67,33.33
1473438,1,2025-03-22,2025,2025,"Eden Gardens, Kolkata",Kolkata Knight Riders,Royal Challengers Bengaluru,174,168,6,120,8,8,18,8,48,20.0,8.7,26,120,68.97,40.0
1473438,2,2025-03-22,2025,2025,"Eden Gardens, Kolkata",Royal Challengers Bengaluru,Kolkata Knight Riders,177,174,3,98,3,3,21,7,25,16.33,10.84,28,126,71.19,25.51
1473439,1,2025-03-23,2025,2025,"Rajiv Gandhi International Stadium, Uppal, Hyderabad",Sunrisers Hyderabad,Rajasthan Royals,286,268,18,120,6,6,34,12,24,20.0,14.3,46,208,72.73,20.0
1473439,2,2025-03-23,2025,2025,"Rajiv Gandhi International Stadium, Uppal, Hyderabad",Rajasthan Royals,Sunrisers Hyderabad,242,229,13,120,6,6,17,18,39,20.0,12.1,35,176,72.73,32.5
1473440,1,2025-03-23,2025,2025,"MA Chidambaram Stadium, Chepauk, Chennai",Mumbai Indians,Chennai Super Kings,155,145,10,120,9,9,13,5,47,20.0,7.75,18,82,52.9,39.17
1473440,2,2025-03-23,2025,2025,"MA Chidambaram Stadium, Chepauk, Chennai",Chennai Super Kings,Mumbai Indians,158,153,5,115,6,5,9,8,37,19.17,8.24,17,84,53.16,32.17
1473441,1,2025-03-24,2025,2025,"Dr. Y.S. Rajasekhara Reddy ACA-VDCA Cricket Stadium, Visakhapatnam",Lucknow Super Giants,Delhi Capitals,209,202,7,120,8,7,15,16,44,20.0,10.45,31,156,74.64,36.67
1473441,2,2025-03-24,2025,2025,"Dr. Y.S. Rajasekhara Reddy ACA-VDCA Cricket Stadium, Visakhapatnam",Delhi Capitals,Lucknow Super Giants,211,203,8,117,9,8,19,13,38,19.5,10.82,32,154,72.99,32.48
1473442,1,2025-03-25,2025,2025,"Narendra Modi Stadium, Ahmedabad",Punjab Kings,Gujarat Titans,243,229,14,120,5,5,22,16,40,20.0,12.15,38,184,75.72,33.33
1473442,2,2025-03-25,2025,2025,"Narendra Modi Stadium, Ahmedabad",Gujarat Titans,Punjab Kings,232,220,12,120,5,4,15,16,33,20.0,11.6,31,156,67.24,27.5
1473443,1,2025-03-26,2025,2025,"Barsapara Cricket Stadium, Guwahati",Rajasthan Royals,Kolkata Knight Riders,151,147,4,120,9,9,11,7,47,20.0,7.55,18,86,56.95,39.17
1473443,2,2025-03-26,2025,2025,"Barsapara Cricket Stadium, Guwahati",Kolkata Knight Riders,Rajasthan Royals,153,142,11,105,2,1,11,7,31,17.5,8.74,18,86,56.21,29.52
1473444,1,2025-03-27,2025,2025,"Rajiv Gandhi International Stadium, Uppal, Hyderabad",Sunrisers Hyderabad,Lucknow Super Giants,190,183,7,120,9,8,10,12,39,20.0,9.5,22,112,58.95,32.5
1473444,2,2025-03-27,2025,2025,"Rajiv Gandhi International Stadium, Uppal, Hyderabad",Lucknow Super Giants,Sunrisers Hyderabad,193,179,14,97,5,5,18,11,28,16.17,11.94,29,138,71.5,28.87
1473445,1,2025-03-28,2025,2025,"MA Chidambaram Stadium, Chepauk, Chennai",Royal Challengers Bengaluru,Chennai Super Kings,196,185,11,120,7,7,15,12,43,20.0,9.8,27,132,67.35,35.83
1473445,2,2025-03-28,2025,2025,"MA Chidambaram Stadium, Chepauk, Chennai",Chennai Super Kings,Royal Challengers Bengaluru,146,143,3,120,8,8,15,4,48,20.0,7.3,19,84,57.53,40.0
1473446,1,2025-03-29,2025,2025,"Narendra Modi Stadium, Ahmedabad",Gujarat Titans,Mumbai Indians,196,181,15,120,8,6,13,9,35,20.0,9.8,22,106,54.08,29.17
1473446,2,2025-03-29,2025,2025,"Narendra Modi Stadium, Ahmedabad",Mumbai Indians,Gujarat Titans,160,151,9,120,6,6,12,7,45,20.0,8.0,19,90,56.25,37.5
1473447,1,2025-03-30,2025,2025,"Dr. Y.S. Rajasekhara Reddy ACA-VDCA Cricket Stadium, Visakhapatnam",Sunrisers Hyderabad,Delhi Capitals,163,152,11,112,10,9,12,8,41,18.67,8.73,20,96,58.9,36.61
1473447,2,2025-03-30,2025,2025,"Dr. Y.S. Rajasekhara Reddy ACA-VDCA Cricket Stadium, Visakhapatnam",Delhi Capitals,Sunrisers Hyderabad,166,158,8,96,3,3,14,8,24,16.0,10.38,22,104,62.65,25.0
1473448,1,2025-03-30,2025,2025,"Barsapara Cricket Stadium, Guwahati",Rajasthan Royals,Chennai Super Kings,182,172,10,120,9,8,15,9,41,20.0,9.1,24,114,62.64,34.17
1473448,2,2025-03-30,2025,2025,"Barsapara Cricket Stadium, Guwahati",Chennai Super Kings,Rajasthan Royals,176,172,4,120,6,6,14,8,40,20.0,8.8,22,104,59.09,33.33
1473449,1,2025-03-31,2025,2025,"Wankhede Stadium, Mumbai",Kolkata Knight Riders,Mumbai Indians,116,109,7,98,10,10,9,6,50,16.33,7.1,15,72,62.07,51.02
1473449,2,2025-03-31,2025,2025,"Wankhede Stadium, Mumbai",Mumbai Indians,Kolkata Knight Riders,121,118,3,77,2,2,7,9,30,12.83,9.43,16,82,67.77,38.96
1473450,1,2025-04-01,2025,2025,"Bharat Ratna Shri Atal Bihari Vajpayee Ekana Cricket Stadium, Lucknow",Lucknow Super Giants,Punjab Kings,171,164,7,120,7,7,15,8,44,20.0,8.55,23,108,63.16,36.67
1473450,2,2025-04-01,2025,2025,"Bharat Ratna Shri Atal Bihari Vajpayee Ekana Cricket Stadium, Lucknow",Punjab Kings,Lucknow Super Giants,177,172,5,98,2,2,16,11,30,16.33,10.84,27,130,73.45,30.61
1473451,1,2025-04-02,2025,2025,"M Chinnaswamy Stadium, Bengaluru",Royal Challengers Bengaluru,Gujarat Titans,169,162,7,120,8,8,15,9,50,20.0,8.45,24,114,67.46,41.67
1473451,2,2025-04-02,2025,2025,"M Chinnaswamy Stadium, Bengaluru",Gujarat Titans,Royal Challengers Bengaluru,170,166,4,107,2,2,14,11,36,17.83,9.53,25,122,71.76,33.64
1473452,1,2025-04-03,2025,2025,"Eden Gardens, Kolkata",Kolkata Knight Riders,Sunrisers Hyderabad,200,189,11,120,6,5,17,11,38,20.0,10.0,28,134,67.0,31.67
1473452,2,2025-04-03,2025,2025,"Eden Gardens, Kolkata",Sunrisers Hyderabad,Kolkata Knight Riders,120,112,8,100,10,10,9,5,42,16.67,7.2,14,66,55.0,42.0
1473453,1,2025-04-04,2025,2025,"Bharat Ratna Shri Atal Bihari Vajpayee Ekana Cricket Stadium, Lucknow",Lucknow Super Giants,Mumbai Indians,203,195,8,120,8,8,21,8,38,20.0,10.15,29,132,65.02,31.67
1473453,2,2025-04-04,2025,2025,"Bharat Ratna Shri Atal Bihari Vajpayee Ekana Cricket Stadium, Lucknow",Mumbai Indians,Lucknow Super Giants,191,183,8,120,5,4,19,5,29,20.0,9.55,24,106,55.5,24.17
1473454,1,2025-04-05,2025,2025,"MA Chidambaram Stadium, Chepauk, Chennai",Delhi Capitals,Chennai Super Kings,183,177,6,120,6,5,15,7,29,20.0,9.15,22,102,55.74,24.17
1473454,2,2025-04-05,2025,2025,"MA Chidambaram Stadium, Chepauk, Chennai",Chennai Super Kings,Delhi Capitals,158,140,18,120,5,5,9,3,31,20.0,7.9,12,54,34.18,25.83
1473455,1,2025-04-05,2025,2025,"Maharaja Yadavindra Singh International Cricket Stadium, Mullanpur",Rajasthan Royals,Punjab Kings,205,193,12,120,4,4,17,10,34,20.0,10.25,27,128,62.44,28.33
1473455,2,2025-04-05,2025,2025,"Maharaja Yadavindra Singh International Cricket Stadium, Mullanpur",Punjab Kings,Rajasthan Royals,155,140,15,120,9,9,12,4,41,20.0,7.75,16,72,46.45,34.17
1473456,1,2025-04-08,2025,2025,"Eden Gardens, Kolkata",Lucknow Super Giants,Kolkata Knight Riders,238,225,13,120,3,3,18,15,32,20.0,11.9,33,162,68.07,26.67
1473456,2,2025-04-08,2025,2025,"Eden Gardens, Kolkata",Kolkata Knight Riders,Lucknow Super Giants,234,212,22,120,7,7,27,10,42,20.0,11.7,37,168,71.79,35.0
1473457,1,2025-04-06,2025,2025,"Rajiv Gandhi International Stadium, Uppal, Hyderabad",Sunrisers Hyderabad,Gujarat Titans,152,148,4,120,8,8,19,2,45,20.0,7.6,21,88,57.89,37.5
1473457,2,2025-04-06,2025,2025,"Rajiv Gandhi International Stadium, Uppal, Hyderabad",Gujarat Titans,Sunrisers Hyderabad,153,150,3,100,3,3,20,3,28,16.67,9.18,23,98,64.05,28.0
1473458,1,2025-04-07,2025,2025,"Wankhede Stadium, Mumbai",Royal Challengers Bengaluru,Mumbai Indians,221,213,8,120,5,5,18,13,31,20.0,11.05,31,150,67.87,25.83
1473458,2,2025-04-07,2025,2025,"Wankhede Stadium, Mumbai",Mumbai Indians,Royal Challengers Bengaluru,209,202,7,120,9,9,21,12,47,20.0,10.45,33,156,74.64,39.17
1473459,1,2025-04-08,2025,2025,"Maharaja Yadavindra Singh International Cricket Stadium, Mullanpur",Punjab Kings,Chennai Super Kings,219,212,7,120,6,6,11,16,34,20.0,10.95,27,140,63.93,28.33
1473459,2,2025-04-08,2025,2025,"Maharaja Yadavindra Singh International Cricket Stadium, Mullanpur",Chennai Super Kings,Punjab Kings,201,186,15,120,5,4,16,8,29,20.0,10.05,24,112,55.72,24.17
1473460,1,2025-04-09,2025,2025,"Narendra Modi Stadium, Ahmedabad",Gujarat Titans,Rajasthan Royals,217,199,18,120,6,6,20,9,35,20.0,10.85,29,134,61.75,29.17
1473460,2,2025-04-09,2025,2025,"Narendra Modi Stadium, Ahmedabad",Rajasthan Royals,Gujarat Titans,159,150,9,116,10,10,11,8,45,19.33,8.22,19,92,57.86,38.79
1473461,1,2025-04-10,2025,2025,"M Chinnaswamy Stadium, Bengaluru",Royal Challengers Bengaluru,Delhi Capitals,163,148,15,120,7,6,9,10,53,20.0,8.15,19,96,58.9,44.17
1473461,2,2025-04-10,2025,2025,"M Chinnaswamy Stadium, Bengaluru",Delhi Capitals,Royal Challengers Bengaluru,169,162,7,107,4,4,15,7,32,17.83,9.48,22,102,60.36,29.91
1473462,1,2025-04-11,2025,2025,"MA Chidambaram Stadium, Chepauk, Chennai",Chennai Super Kings,Kolkata Knight Riders,103,98,5,120,9,9,8,1,60,20.0,5.15,9,38,36.89,50.0
1473462,2,2025-04-11,2025,2025,"MA Chidambaram Stadium, Chepauk, Chennai",Kolkata Knight Riders,Chennai Super Kings,107,102,5,61,2,2,4,10,25,10.17,10.52,14,76,71.03,40.98
1473463,1,2025-04-12,2025,2025,"Bharat Ratna Shri Atal Bihari Vajpayee Ekana Cricket Stadium, Lucknow",Gujarat Titans,Lucknow Super Giants,180,171,9,120,6,6,18,3,30,20.0,9.0,21,90,50.0,25.0
1473463,2,2025-04-12,2025,2025,"Bharat Ratna Shri Atal Bihari Vajpayee Ekana Cricket Stadium, Lucknow",Lucknow Super Giants,Gujarat Titans,186,177,9,117,4,4,16,9,39,19.5,9.54,25,118,63.44,33.33
1473464,1,2025-04-12,2025,2025,"Rajiv Gandhi International Stadium, Uppal, Hyderabad",Punjab Kings,Sunrisers Hyderabad,245,231,14,120,6,6,18,16,27,20.0,12.25,34,168,68.57,22.5
1473464,2,2025-04-12,2025,2025,"Rajiv Gandhi International Stadium, Uppal, Hyderabad",Sunrisers Hyderabad,Punjab Kings,247,237,10,111,2,2,26,14,27,18.5,13.35,40,188,76.11,24.32
1473465,1,2025-04-13,2025,2025,"Sawai Mansingh Stadium, Jaipur",Rajasthan Royals,Royal Challengers Bengaluru,173,168,5,120,4,4,18,5,33,20.0,8.65,23,102,58.96,27.5
1473465,2,2025-04-13,2025,2025,"Sawai Mansingh Stadium, Jaipur",Royal Challengers Bengaluru,Rajasthan Royals,175,167,8,105,1,1,14,9,31,17.5,10.0,23,110,62.86,29.52
1473466,1,2025-04-13,2025,2025,"Arun Jaitley Stadium, Delhi",Mumbai Indians,Delhi Capitals,205,199,6,120,5,5,22,10,41,20.0,10.25,32,148,72.2,34.17
1473466,2,2025-04-13,2025,2025,"Arun Jaitley Stadium, Delhi",Delhi Capitals,Mumbai Indians,193,180,13,114,10,7,21,7,33,19.0,10.16,28,126,65.28,28.95
1473467,1,2025-04-14,2025,2025,"Bharat Ratna Shri Atal Bihari Vajpayee Ekana Cricket Stadium, Lucknow",Lucknow Super Giants,Chennai Super Kings,166,155,11,120,7,6,11,10,52,20.0,8.3,21,104,62.65,43.33
1473467,2,2025-04-14,2025,2025,"Bharat Ratna Shri Atal Bihari Vajpayee Ekana Cricket Stadium, Lucknow",Chennai Super Kings,Lucknow Super Giants,168,158,10,117,5,5,20,3,39,19.5,8.62,23,98,58.33,33.33
1473468,1,2025-04-15,2025,2025,"Maharaja Yadavindra Singh International Cricket Stadium, Mullanpur",Punjab Kings,Kolkata Knight Riders,111,106,5,93,10,9,10,5,44,15.5,7.16,15,70,63.06,47.31
1473468,2,2025-04-15,2025,2025,"Maharaja Yadavindra Singh International Cricket Stadium, Mullanpur",Kolkata Knight Riders,Punjab Kings,95,90,5,91,10,10,8,4,50,15.17,6.26,12,56,58.95,54.95
1473469,1,2025-04-16,2025,2025,"Arun Jaitley Stadium, Delhi",Delhi Capitals,Rajasthan Royals,188,179,9,120,5,4,17,7,33,20.0,9.4,24,110,58.51,27.5
1473469,2,2025-04-16,2025,2025,"Arun Jaitley Stadium, Delhi",Rajasthan Royals,Delhi Capitals,188,182,6,120,5,3,13,11,36,20.0,9.4,24,118,62.77,30.0
1473469,3,2025-04-16,2025,2025,"Arun Jaitley Stadium, Delhi",Rajasthan Royals,Delhi Capitals,11,10,1,5,2,0,2,0,2,0.83,13.2,2,8,72.73,40.0
1473469,4,2025-04-16,2025,2025,"Arun Jaitley Stadium, Delhi",Delhi Capitals,Rajasthan Royals,13,13,0,4,0,0,1,1,0,0.67,19.5,2,10,76.92,0.0
1473470,1,2025-04-17,2025,2025,"Wankhede Stadium, Mumbai",Sunrisers Hyderabad,Mumbai Indians,162,152,10,120,5,5,14,5,38,20.0,8.1,19,86,53.09,31.67
1473470,2,2025-04-17,2025,2025,"Wankhede Stadium, Mumbai",Mumbai Indians,Sunrisers Hyderabad,166,161,5,109,6,6,15,8,38,18.17,9.14,23,108,65.06,34.86
1473471,1,2025-04-18,2025,2025,"M Chinnaswamy Stadium, Bengaluru",Royal Challengers Bengaluru,Punjab Kings,95,94,1,84,9,9,9,4,43,14.0,6.79,13,60,63.16,51.19
1473471,2,2025-04-18,2025,2025,"M Chinnaswamy Stadium, Bengaluru",Punjab Kings,Royal Challengers Bengaluru,98,91,7,73,5,5,8,5,31,12.17,8.05,13,62,63.27,42.47
1473472,1,2025-04-19,2025,2025,"Narendra Modi Stadium, Ahmedabad",Delhi Capitals,Gujarat Titans,203,191,12,120,8,8,15,10,28,20.0,10.15,25,120,59.11,23.33
1473472,2,2025-04-19,2025,2025,"Narendra Modi Stadium, Ahmedabad",Gujarat Titans,Delhi Capitals,204,194,10,116,3,2,19,9,29,19.33,10.55,28,130,63.73,25.0
1473473,1,2025-04-19,2025,2025,"Sawai Mansingh Stadium, Jaipur",Lucknow Super Giants,Rajasthan Royals,180,171,9,120,5,5,12,8,34,20.0,9.0,20,96,53.33,28.33
1473473,2,2025-04-19,2025,2025,"Sawai Mansingh Stadium, Jaipur",Rajasthan Royals,Lucknow Super Giants,178,176,2,120,5,5,12,10,38,20.0,8.9,22,108,60.67,31.67
1473474,1,2025-04-20,2025,2025,"Maharaja Yadavindra Singh International Cricket Stadium, Mullanpur",Punjab Kings,Royal Challengers Bengaluru,157,152,5,120,6,5,12,5,37,20.0,7.85,17,78,49.68,30.83
1473474,2,2025-04-20,2025,2025,"Maharaja Yadavindra Singh International Cricket Stadium, Mullanpur",Royal Challengers Bengaluru,Punjab Kings,159,158,1,113,3,3,14,6,35,18.83,8.44,20,92,57.86,30.97
1473475,1,2025-04-20,2025,2025,"Wankhede Stadium, Mumbai",Chennai Super Kings,Mumbai Indians,176,167,9,120,5,5,12,8,39,20.0,8.8,20,96,54.55,32.5
1473475,2,2025-04-20,2025,2025,"Wankhede Stadium, Mumbai",Mumbai Indians,Chennai Super Kings,177,168,9,94,1,1,13,12,27,15.67,11.3,25,124,70.06,28.72
1473476,1,2025-04-21,2025,2025,"Eden Gardens, Kolkata",Gujarat Titans,Kolkata Knight Riders,198,194,4,120,3,3,24,5,31,20.0,9.9,29,126,63.64,25.83
1473476,2,2025-04-21,2025,2025,"Eden Gardens, Kolkata",Kolkata Knight Riders,Gujarat Titans,159,149,10,120,8,8,14,5,43,20.0,7.95,19,86,54.09,35.83
1473477,1,2025-04-22,2025,2025,"Bharat Ratna Shri Atal Bihari Vajpayee Ekana Cricket Stadium, Lucknow",Lucknow Super Giants,Delhi Capitals,159,158,1,120,6,6,14,4,34,20.0,7.95,18,80,50.31,28.33
1473477,2,2025-04-22,2025,2025,"Bharat Ratna Shri Atal Bihari Vajpayee Ekana Cricket Stadium, Lucknow",Delhi Capitals,Lucknow Super Giants,161,157,4,107,2,2,11,9,33,17.83,9.03,20,98,60.87,30.84
1473478,1,2025-04-23,2025,2025,"Rajiv Gandhi International Stadium, Uppal, Hyderabad",Sunrisers Hyderabad,Mumbai Indians,143,139,4,120,8,8,12,6,53,20.0,7.15,18,84,58.74,44.17
1473478,2,2025-04-23,2025,2025,"Rajiv Gandhi International Stadium, Uppal, Hyderabad",Mumbai Indians,Sunrisers Hyderabad,146,145,1,94,3,3,17,6,32,15.67,9.32,23,104,71.23,34.04
1473479,1,2025-04-24,2025,2025,"M Chinnaswamy Stadium, Bengaluru",Royal Challengers Bengaluru,Rajasthan Royals,205,190,15,120,5,4,22,6,31,20.0,10.25,28,124,60.49,25.83
1473479,2,2025-04-24,2025,2025,"M Chinnaswamy Stadium, Bengaluru",Rajasthan Royals,Royal Challengers Bengaluru,194,189,5,120,9,8,17,12,48,20.0,9.7,29,140,72.16,40.0
1473480,1,2025-04-25,2025,2025,"MA Chidambaram Stadium, Chepauk, Chennai",Chennai Super Kings,Sunrisers Hyderabad,154,147,7,119,10,10,13,6,46,19.83,7.76,19,88,57.14,38.66
1473480,2,2025-04-25,2025,2025,"MA Chidambaram Stadium, Chepauk, Chennai",Sunrisers Hyderabad,Chennai Super Kings,155,140,15,112,5,5,15,3,46,18.67,8.3,18,78,50.32,41.07
1473481,1,2025-04-26,2025,2025,"Eden Gardens, Kolkata",Punjab Kings,Kolkata Knight Riders,201,198,3,120,4,4,18,11,34,20.0,10.05,29,138,68.66,28.33
1473481,2,2025-04-26,2025,2025,"Eden Gardens, Kolkata",Kolkata Knight Riders,Punjab Kings,7,5,2,6,0,0,1,0,3,1.0,7.0,1,4,57.14,50.0
1473482,1,2025-04-27,2025,2025,"Wankhede Stadium, Mumbai",Mumbai Indians,Lucknow Super Giants,215,210,5,120,7,7,18,14,38,20.0,10.75,32,156,72.56,31.67
1473482,2,2025-04-27,2025,2025,"Wankhede Stadium, Mumbai",Lucknow Super Giants,Mumbai Indians,161,153,8,120,10,10,12,9,53,20.0,8.05,21,102,63.35,44.17
1473483,1,2025-04-27,2025,2025,"Arun Jaitley Stadium, Delhi",Delhi Capitals,Royal Challengers Bengaluru,162,158,4,120,8,7,15,5,42,20.0,8.1,20,90,55.56,35.0
1473483,2,2025-04-27,2025,2025,"Arun Jaitley Stadium, Delhi",Royal Challengers Bengaluru,Delhi Capitals,165,161,4,111,4,3,14,6,34,18.5,8.92,20,92,55.76,30.63
1473484,1,2025-04-28,2025,2025,"Sawai Mansingh Stadium, Jaipur",Gujarat Titans,Rajasthan Royals,209,200,9,120,4,4,13,11,27,20.0,10.45,24,118,56.46,22.5
1473484,2,2025-04-28,2025,2025,"Sawai Mansingh Stadium, Jaipur",Rajasthan Royals,Gujarat Titans,212,207,5,95,2,2,19,15,27,15.83,13.39,34,166,78.3,28.42
1473485,1,2025-04-29,2025,2025,"Arun Jaitley Stadium, Delhi",Kolkata Knight Riders,Delhi Capitals,204,189,15,120,9,8,21,8,39,20.0,10.2,29,132,64.71,32.5
1473485,2,2025-04-29,2025,2025,"Arun Jaitley Stadium, Delhi",Delhi Capitals,Kolkata Knight Riders,190,180,10,120,9,8,20,8,42,20.0,9.5,28,128,67.37,35.0
1473486,1,2025-04-30,2025,2025,"MA Chidambaram Stadium, Chepauk, Chennai",Chennai Super Kings,Punjab Kings,190,174,16,116,10,10,19,7,39,19.33,9.83,26,118,62.11,33.62
1473486,2,2025-04-30,2025,2025,"MA Chidambaram Stadium, Chepauk, Chennai",Punjab Kings,Chennai Super Kings,194,188,6,118,6,6,19,9,33,19.67,9.86,28,130,67.01,27.97
1473487,1,2025-05-01,2025,2025,"Sawai Mansingh Stadium, Jaipur",Mumbai Indians,Rajasthan Royals,217,210,7,120,2,2,26,7,33,20.0,10.85,33,146,67.28,27.5
1473487,2,2025-05-01,2025,2025,"Sawai Mansingh Stadium, Jaipur",Rajasthan Royals,Mumbai Indians,117,102,15,97,10,10,9,6,50,16.17,7.24,15,72,61.54,51.55
1473488,1,2025-05-02,2025,2025,"Narendra Modi Stadium, Ahmedabad",Gujarat Titans,Sunrisers Hyderabad,224,221,3,120,6,5,22,9,22,20.0,11.2,31,142,63.39,18.33
1473488,2,2025-05-02,2025,2025,"Narendra Modi Stadium, Ahmedabad",Sunrisers Hyderabad,Gujarat Titans,186,173,13,120,6,6,11,10,31,20.0,9.3,21,104,55.91,25.83
1473489,1,2025-05-03,2025,2025,"M Chinnaswamy Stadium, Bengaluru",Royal Challengers Bengaluru,Chennai Super Kings,213,207,6,120,5,5,20,14,44,20.0,10.65,34,164,77.0,36.67
1473489,2,2025-05-03,2025,2025,"M Chinnaswamy Stadium, Bengaluru",Chennai Super Kings,Royal Challengers Bengaluru,211,210,1,120,5,5,19,10,26,20.0,10.55,29,136,64.45,21.67
1473490,1,2025-05-04,2025,2025,"Eden Gardens, Kolkata",Kolkata Knight Riders,Rajasthan Royals,206,196,10,120,4,4,16,12,36,20.0,10.3,28,136,66.02,30.0
1473490,2,2025-05-04,2025,2025,"Eden Gardens, Kolkata",Rajasthan Royals,Kolkata Knight Riders,205,199,6,120,8,7,15,12,37,20.0,10.25,27,132,64.39,30.83
1473491,1,2025-05-04,2025,2025,"Himachal Pradesh Cricket Association Stadium, Dharamsala",Punjab Kings,Lucknow Super Giants,236,231,5,120,5,5,18,16,31,20.0,11.8,34,168,71.19,25.83
1473491,2,2025-05-04,2025,2025,"Himachal Pradesh Cricket Association Stadium, Dharamsala",Lucknow Super Giants,Punjab Kings,199,187,12,120,7,7,14,13,48,20.0,9.95,27,134,67.34,40.0
1473492,1,2025-05-05,2025,2025,"Rajiv Gandhi International Stadium, Uppal, Hyderabad",Delhi Capitals,Sunrisers Hyderabad,133,128,5,120,7,6,10,4,47,20.0,6.65,14,64,48.12,39.17
1473493,1,2025-05-06,2025,2025,"Wankhede Stadium, Mumbai",Mumbai Indians,Gujarat Titans,155,148,7,120,8,7,14,5,44,20.0,7.75,19,86,55.48,36.67
1473493,2,2025-05-06,2025,2025,"Wankhede Stadium, Mumbai",Gujarat Titans,Mumbai Indians,147,138,9,114,7,7,12,5,45,19.0,7.74,17,78,53.06,39.47
1473494,1,2025-05-07,2025,2025,"Eden Gardens, Kolkata",Kolkata Knight Riders,Chennai Super Kings,179,173,6,120,6,6,16,8,39,20.0,8.95,24,112,62.57,32.5
1473494,2,2025-05-07,2025,2025,"Eden Gardens, Kolkata",Chennai Super Kings,Kolkata Knight Riders,183,178,5,118,8,8,11,13,44,19.67,9.31,24,122,66.67,37.29
1473495,1,2025-05-08,2025,2025,"Himachal Pradesh Cricket Association Stadium, Dharamsala",Punjab Kings,Delhi Capitals,122,120,2,61,1,1,12,6,15,10.17,12.0,18,84,68.85,24.59
1473497,1,2025-05-18,2025,2025,"Sawai Mansingh Stadium, Jaipur",Punjab Kings,Rajasthan Royals,219,210,9,120,5,5,22,10,34,20.0,10.95,32,148,67.58,28.33
1473497,2,2025-05-18,2025,2025,"Sawai Mansingh Stadium, Jaipur",Rajasthan Royals,Punjab Kings,209,202,7,120,7,7,20,11,42,20.0,10.45,31,146,69.86,35.0
1473498,1,2025-05-18,2025,2025,"Arun Jaitley Stadium, Delhi",Delhi Capitals,Gujarat Titans,199,193,6,120,3,3,17,10,35,20.0,9.95,27,128,64.32,29.17
1473498,2,2025-05-18,2025,2025,"Arun Jaitley Stadium, Delhi",Gujarat Titans,Delhi Capitals,205,201,4,114,0,0,15,11,21,19.0,10.79,26,126,61.46,18.42
1473499,1,2025-05-19,2025,2025,"Bharat Ratna Shri Atal Bihari Vajpayee Ekana Cricket Stadium, Lucknow",Lucknow Super Giants,Sunrisers Hyderabad,205,194,11,120,7,5,18,10,36,20.0,10.25,28,132,64.39,30.0
1473499,2,2025-05-19,2025,2025,"Bharat Ratna Shri Atal Bihari Vajpayee Ekana Cricket Stadium, Lucknow",Sunrisers Hyderabad,Lucknow Super Giants,206,196,10,110,5,4,19,9,26,18.33,11.24,28,130,63.11,23.64
1473500,1,2025-05-20,2025,2025,"Arun Jaitley Stadium, Delhi",Chennai Super Kings,Rajasthan Royals,187,171,16,120,8,8,16,8,42,20.0,9.35,24,112,59.89,35.0
1473500,2,2025-05-20,2025,2025,"Arun Jaitley Stadium, Delhi",Rajasthan Royals,Chennai Super Kings,188,180,8,103,4,4,15,12,30,17.17,10.95,27,132,70.21,29.13
1473501,1,2025-05-21,2025,2025,"Wankhede Stadium, Mumbai",Mumbai Indians,Delhi Capitals,180,178,2,120,5,5,14,10,39,20.0,9.0,24,116,64.44,32.5
1473501,2,2025-05-21,2025,2025,"Wankhede Stadium, Mumbai",Delhi Capitals,Mumbai Indians,121,120,1,110,10,10,13,3,50,18.33,6.6,16,70,57.85,45.45
1473502,1,2025-05-22,2025,2025,"Narendra Modi Stadium, Ahmedabad",Lucknow Super Giants,Gujarat Titans,235,225,10,120,2,2,17,17,35,20.0,11.75,34,170,72.34,29.17
1473502,2,2025-05-22,2025,2025,"Narendra Modi Stadium, Ahmedabad",Gujarat Titans,Lucknow Super Giants,202,194,8,120,9,9,20,8,32,20.0,10.1,28,128,63.37,26.67
1473503,1,2025-05-23,2025,2025,"Bharat Ratna Shri Atal Bihari Vajpayee Ekana Cricket Stadium, Lucknow",Sunrisers Hyderabad,Royal Challengers Bengaluru,231,224,7,120,6,6,16,15,27,20.0,11.55,31,154,66.67,22.5
1473503,2,2025-05-23,2025,2025,"Bharat Ratna Shri Atal Bihari Vajpayee Ekana Cricket Stadium, Lucknow",Royal Challengers Bengaluru,Sunrisers Hyderabad,189,173,16,119,10,9,16,8,41,19.83,9.53,24,112,59.26,34.45
1473504,1,2025-05-25,2025,2025,"Narendra Modi Stadium, Ahmedabad",Chennai Super Kings,Gujarat Titans,230,218,12,120,5,5,18,15,35,20.0,11.5,33,162,70.43,29.17
1473504,2,2025-05-25,2025,2025,"Narendra Modi Stadium, Ahmedabad",Gujarat Titans,Chennai Super Kings,147,135,12,111,10,10,10,7,47,18.5,7.95,17,82,55.78,42.34
1473505,1,2025-05-25,2025,2025,"Arun Jaitley Stadium, Delhi",Sunrisers Hyderabad,Kolkata Knight Riders,278,254,24,120,3,3,22,19,29,20.0,13.9,41,202,72.66,24.17
1473505,2,2025-05-25,2025,2025,"Arun Jaitley Stadium, Delhi",Kolkata Knight Riders,Sunrisers Hyderabad,168,162,6,112,10,9,11,12,46,18.67,9.0,23,116,69.05,41.07
1473506,1,2025-05-26,2025,2025,"Sawai Mansingh Stadium, Jaipur",Mumbai Indians,Punjab Kings,184,173,11,120,7,7,17,8,46,20.0,9.2,25,116,63.04,38.33
1473506,2,2025-05-26,2025,2025,"Sawai Mansingh Stadium, Jaipur",Punjab Kings,Mumbai Indians,187,176,11,111,3,3,20,8,39,18.5,10.11,28,128,68.45,35.14
1473507,1,2025-05-27,2025,2025,"Bharat Ratna Shri Atal Bihari Vajpayee Ekana Cricket Stadium, Lucknow",Lucknow Super Giants,Royal Challengers Bengaluru,227,213,14,120,3,3,17,14,32,20.0,11.35,31,152,66.96,26.67
1473507,2,2025-05-27,2025,2025,"Bharat Ratna Shri Atal Bihari Vajpayee Ekana Cricket Stadium, Lucknow",Royal Challengers Bengaluru,Lucknow Super Giants,230,224,6,112,4,4,30,7,23,18.67,12.32,37,162,70.43,20.54
1473508,1,2025-05-29,2025,2025,"Maharaja Yadavindra Singh International Cricket Stadium, Mullanpur",Punjab Kings,Royal Challengers Bengaluru,101,90,11,85,10,10,7,4,41,14.17,7.13,11,52,51.49,48.24
1473508,2,2025-05-29,2025,2025,"Maharaja Yadavindra Singh International Cricket Stadium, Mullanpur",Royal Challengers Bengaluru,Punjab Kings,106,102,4,60,2,2,11,5,17,10.0,10.6,16,74,69.81,28.33
1473509,1,2025-05-30,2025,2025,"Maharaja Yadavindra Singh International Cricket Stadium, New Chandigarh",Mumbai Indians,Gujarat Titans,228,217,11,120,5,5,14,17,33,20.0,11.4,31,158,69.3,27.5
1473509,2,2025-05-30,2025,2025,"Maharaja Yadavindra Singh International Cricket Stadium, New Chandigarh",Gujarat Titans,Mumbai Indians,208,202,6,120,6,6,21,8,32,20.0,10.4,29,132,63.46,26.67
1473510,1,2025-06-01,2025,2025,"Narendra Modi Stadium, Ahmedabad",Mumbai Indians,Punjab Kings,203,194,9,120,6,6,18,8,32,20.0,10.15,26,120,59.11,26.67
1473510,2,2025-06-01,2025,2025,"Narendra Modi Stadium, Ahmedabad",Punjab Kings,Mumbai Indians,207,203,4,114,5,4,17,13,35,19.0,10.89,30,146,70.53,30.7
1473511,1,2025-06-03,2025,2025,"Narendra Modi Stadium, Ahmedabad",Royal Challengers Bengaluru,Punjab Kings,190,181,9,120,9,9,11,9,28,20.0,9.5,20,98,51.58,23.33
1473511,2,2025-06-03,2025,2025,"Narendra Modi Stadium, Ahmedabad",Punjab Kings,Royal Challengers Bengaluru,184,173,11,120,7,7,8,14,42,20.0,9.2,22,116,63.04,35.0
1485779,1,2025-05-24,2025,2025,"Sawai Mansingh Stadium, Jaipur",Punjab Kings,Delhi Capitals,206,198,8,120,8,8,17,10,34,20.0,10.3,27,128,62.14,28.33
1485779,2,2025-05-24,2025,2025,"Sawai Mansingh Stadium, Jaipur",Delhi Capitals,Punjab Kings,208,200,8,117,4,4,18,11,28,19.5,10.67,29,138,66.35,23.93
1527674,1,2026-03-28,2026,2026,"M Chinnaswamy Stadium, Bengaluru",Sunrisers Hyderabad,Royal Challengers Bengaluru,201,195,6,120,9,9,15,12,39,20.0,10.05,27,132,65.67,32.5
1527674,2,2026-03-28,2026,2026,"M Chinnaswamy Stadium, Bengaluru",Royal Challengers Bengaluru,Sunrisers Hyderabad,203,185,18,94,4,4,17,13,21,15.67,12.96,30,146,71.92,22.34
1527675,1,2026-03-29,2026,2026,"Wankhede Stadium, Mumbai",Kolkata Knight Riders,Mumbai Indians,220,210,10,120,4,4,20,10,30,20.0,11.0,30,140,63.64,25.0
1527675,2,2026-03-29,2026,2026,"Wankhede Stadium, Mumbai",Mumbai Indians,Kolkata Knight Riders,224,218,6,115,4,3,21,14,33,19.17,11.69,35,168,75.0,28.7
1527676,1,2026-03-30,2026,2026,"Barsapara Cricket Stadium, Guwahati",Chennai Super Kings,Rajasthan Royals,127,111,16,118,10,9,8,5,57,19.67,6.46,13,62,48.82,48.31
1527676,2,2026-03-30,2026,2026,"Barsapara Cricket Stadium, Guwahati",Rajasthan Royals,Chennai Super Kings,128,122,6,73,2,2,12,7,23,12.17,10.52,19,90,70.31,31.51
1527677,1,2026-03-31,2026,2026,"Maharaja Yadavindra Singh International Cricket Stadium, New Chandigarh",Gujarat Titans,Punjab Kings,162,148,14,120,6,6,15,3,41,20.0,8.1,18,78,48.15,34.17
1527677,2,2026-03-31,2026,2026,"Maharaja Yadavindra Singh International Cricket Stadium, New Chandigarh",Punjab Kings,Gujarat Titans,165,161,4,115,7,7,6,14,48,19.17,8.61,20,108,65.45,41.74
1527678,1,2026-04-01,2026,2026,"Bharat Ratna Shri Atal Bihari Vajpayee Ekana Cricket Stadium, Lucknow",Lucknow Super Giants,Delhi Capitals,141,127,14,112,10,9,11,5,44,18.67,7.55,16,74,52.48,39.29
1527678,2,2026-04-01,2026,2026,"Bharat Ratna Shri Atal Bihari Vajpayee Ekana Cricket Stadium, Lucknow",Delhi Capitals,Lucknow Super Giants,145,125,20,103,4,4,10,6,43,17.17,8.45,16,76,52.41,41.75
1527679,1,2026-04-02,2026,2026,"Eden Gardens, Kolkata",Sunrisers Hyderabad,Kolkata Knight Riders,226,213,13,120,8,8,24,9,32,20.0,11.3,33,150,66.37,26.67
1527679,2,2026-04-02,2026,2026,"Eden Gardens, Kolkata",Kolkata Knight Riders,Sunrisers Hyderabad,161,153,8,96,10,8,16,7,29,16.0,10.06,23,106,65.84,30.21
1527680,1,2026-04-03,2026,2026,"MA Chidambaram Stadium, Chepauk, Chennai",Chennai Super Kings,Punjab Kings,209,192,17,120,5,5,21,7,39,20.0,10.45,28,126,60.29,32.5
1527680,2,2026-04-03,2026,2026,"MA Chidambaram Stadium, Chepauk, Chennai",Punjab Kings,Chennai Super Kings,210,201,9,112,5,4,23,9,33,18.67,11.25,32,146,69.52,29.46
1527681,1,2026-04-04,2026,2026,"Arun Jaitley Stadium, Delhi",Mumbai Indians,Delhi Capitals,162,157,5,120,6,6,17,4,40,20.0,8.1,21,92,56.79,33.33
1527681,2,2026-04-04,2026,2026,"Arun Jaitley Stadium, Delhi",Delhi Capitals,Mumbai Indians,164,159,5,109,4,3,17,8,42,18.17,9.03,25,116,70.73,38.53
1527682,1,2026-04-04,2026,2026,"Narendra Modi Stadium, Ahmedabad",Rajasthan Royals,Gujarat Titans,210,196,14,120,6,6,18,12,44,20.0,10.5,30,144,68.57,36.67
1527682,2,2026-04-04,2026,2026,"Narendra Modi Stadium, Ahmedabad",Gujarat Titans,Rajasthan Royals,204,194,10,120,8,7,24,7,39,20.0,10.2,31,138,67.65,32.5
1527683,1,2026-04-05,2026,2026,"Rajiv Gandhi International Stadium, Uppal, Hyderabad",Sunrisers Hyderabad,Lucknow Super Giants,156,151,5,120,9,8,11,8,49,20.0,7.8,19,92,58.97,40.83
1527683,2,2026-04-05,2026,2026,"Rajiv Gandhi International Stadium, Uppal, Hyderabad",Lucknow Super Giants,Sunrisers Hyderabad,160,158,2,119,5,4,20,2,37,19.83,8.07,22,92,57.5,31.09
1527684,1,2026-04-05,2026,2026,"M Chinnaswamy Stadium, Bengaluru",Royal Challengers Bengaluru,Chennai Super Kings,250,242,8,120,3,3,14,19,26,20.0,12.5,33,170,68.0,21.67
1527684,2,2026-04-05,2026,2026,"M Chinnaswamy Stadium, Bengaluru",Chennai Super Kings,Royal Challengers Bengaluru,207,200,7,118,10,10,21,11,38,19.67,10.53,32,150,72.46,32.2
1527685,1,2026-04-06,2026,2026,"Eden Gardens, Kolkata",Kolkata Knight Riders,Punjab Kings,25,25,0,22,2,2,3,0,10,3.67,6.82,3,12,48.0,45.45
1527686,1,2026-04-07,2026,2026,"Barsapara Cricket Stadium, Guwahati",Rajasthan Royals,Mumbai Indians,150,144,6,66,3,3,12,11,15,11.0,13.64,23,114,76.0,22.73
1527686,2,2026-04-07,2026,2026,"Barsapara Cricket Stadium, Guwahati",Mumbai Indians,Rajasthan Royals,123,112,11,66,9,8,12,5,21,11.0,11.18,17,78,63.41,31.82
1527687,1,2026-04-08,2026,2026,"Arun Jaitley Stadium, Delhi",Gujarat Titans,Delhi Capitals,210,204,6,120,4,4,16,13,31,20.0,10.5,29,142,67.62,25.83
1527687,2,2026-04-08,2026,2026,"Arun Jaitley Stadium, Delhi",Delhi Capitals,Gujarat Titans,209,201,8,120,8,6,23,8,37,20.0,10.45,31,140,66.99,30.83
1527688,1,2026-04-09,2026,2026,"Eden Gardens, Kolkata",Kolkata Knight Riders,Lucknow Super Giants,181,170,11,120,4,4,18,7,39,20.0,9.05,25,114,62.98,32.5
1527688,2,2026-04-09,2026,2026,"Eden Gardens, Kolkata",Lucknow Super Giants,Kolkata Knight Riders,182,172,10,120,7,7,13,12,48,20.0,9.1,25,124,68.13,40.0
1527689,1,2026-04-10,2026,2026,"Barsapara Cricket Stadium, Guwahati",Royal Challengers Bengaluru,Rajasthan Royals,201,188,13,120,8,8,20,7,31,20.0,10.05,27,122,60.7,25.83
1527689,2,2026-04-10,2026,2026,"Barsapara Cricket Stadium, Guwahati",Rajasthan Royals,Royal Challengers Bengaluru,202,199,3,108,4,4,17,12,26,18.0,11.22,29,140,69.31,24.07
1527690,1,2026-04-11,2026,2026,"Maharaja Yadavindra Singh International Cricket Stadium, New Chandigarh",Sunrisers Hyderabad,Punjab Kings,219,206,13,120,6,5,15,13,32,20.0,10.95,28,138,63.01,26.67
1527690,2,2026-04-11,2026,2026,"Maharaja Yadavindra Singh International Cricket Stadium, New Chandigarh",Punjab Kings,Sunrisers Hyderabad,223,218,5,113,4,4,16,16,27,18.83,11.84,32,160,71.75,23.89
1527691,1,2026-04-11,2026,2026,"MA Chidambaram Stadium, Chepauk, Chennai",Chennai Super Kings,Delhi Capitals,212,209,3,120,2,1,21,9,26,20.0,10.6,30,138,65.09,21.67
1527691,2,2026-04-11,2026,2026,"MA Chidambaram Stadium, Chepauk, Chennai",Delhi Capitals,Chennai Super Kings,189,174,15,120,10,10,15,9,44,20.0,9.45,24,114,60.32,36.67
1527692,1,2026-04-12,2026,2026,"Bharat Ratna Shri Atal Bihari Vajpayee Ekana Cricket Stadium, Lucknow",Lucknow Super Giants,Gujarat Titans,164,155,9,120,8,8,17,7,50,20.0,8.2,24,110,67.07,41.67
1527692,2,2026-04-12,2026,2026,"Bharat Ratna Shri Atal Bihari Vajpayee Ekana Cricket Stadium, Lucknow",Gujarat Titans,Lucknow Super Giants,165,162,3,112,3,3,23,2,37,18.67,8.84,25,104,63.03,33.04
1527693,1,2026-04-12,2026,2026,"Wankhede Stadium, Mumbai",Royal Challengers Bengaluru,Mumbai Indians,240,227,13,120,4,4,18,15,31,20.0,12.0,33,162,67.5,25.83
1527693,2,2026-04-12,2026,2026,"Wankhede Stadium, Mumbai",Mumbai Indians,Royal Challengers Bengaluru,222,210,12,120,6,5,18,14,37,20.0,11.1,32,156,70.27,30.83
1529264,1,2026-04-13,2026,2026,"Rajiv Gandhi International Stadium, Uppal, Hyderabad",Sunrisers Hyderabad,Rajasthan Royals,216,207,9,120,6,5,15,15,39,20.0,10.8,30,150,69.44,32.5
1529264,2,2026-04-13,2026,2026,"Rajiv Gandhi International Stadium, Uppal, Hyderabad",Rajasthan Royals,Sunrisers Hyderabad,159,149,10,114,10,10,14,6,46,19.0,8.37,20,92,57.86,40.35
1529265,1,2026-04-14,2026,2026,"MA Chidambaram Stadium, Chepauk, Chennai",Chennai Super Kings,Kolkata Knight Riders,192,177,15,120,5,5,18,9,42,20.0,9.6,27,126,65.62,35.0
1529265,2,2026-04-14,2026,2026,"MA Chidambaram Stadium, Chepauk, Chennai",Kolkata Knight Riders,Chennai Super Kings,160,153,7,120,7,7,10,8,41,20.0,8.0,18,88,55.0,34.17
1529266,1,2026-04-15,2026,2026,"M Chinnaswamy Stadium, Bengaluru",Lucknow Super Giants,Royal Challengers Bengaluru,146,139,7,120,10,10,11,6,48,20.0,7.3,17,80,54.79,40.0
1529266,2,2026-04-15,2026,2026,"M Chinnaswamy Stadium, Bengaluru",Royal Challengers Bengaluru,Lucknow Super Giants,149,144,5,91,5,5,13,8,29,15.17,9.82,21,100,67.11,31.87
1529267,1,2026-04-16,2026,2026,"Wankhede Stadium, Mumbai",Mumbai Indians,Punjab Kings,195,187,8,120,6,5,13,11,33,20.0,9.75,24,118,60.51,27.5
1529267,2,2026-04-16,2026,2026,"Wankhede Stadium, Mumbai",Punjab Kings,Mumbai Indians,198,188,10,99,3,3,21,9,24,16.5,12.0,30,138,69.7,24.24
1529268,1,2026-04-17,2026,2026,"Narendra Modi Stadium, Ahmedabad",Kolkata Knight Riders,Gujarat Titans,180,166,14,120,10,9,16,9,52,20.0,9.0,25,118,65.56,43.33
1529268,2,2026-04-17,2026,2026,"Narendra Modi Stadium, Ahmedabad",Gujarat Titans,Kolkata Knight Riders,181,175,6,118,5,5,14,8,33,19.67,9.2,22,104,57.46,27.97
1529269,1,2026-04-18,2026,2026,"M Chinnaswamy Stadium, Bengaluru",Royal Challengers Bengaluru,Delhi Capitals,175,164,11,120,8,7,12,7,35,20.0,8.75,19,90,51.43,29.17
1529269,2,2026-04-18,2026,2026,"M Chinnaswamy Stadium, Bengaluru",Delhi Capitals,Royal Challengers Bengaluru,179,173,6,119,5,4,15,5,27,19.83,9.03,20,90,50.28,22.69
1529270,1,2026-04-18,2026,2026,"Rajiv Gandhi International Stadium, Uppal, Hyderabad",Sunrisers Hyderabad,Chennai Super Kings,194,181,13,120,9,9,18,9,39,20.0,9.7,27,126,64.95,32.5
1529270,2,2026-04-18,2026,2026,"Rajiv Gandhi International Stadium, Uppal, Hyderabad",Chennai Super Kings,Sunrisers Hyderabad,184,166,18,120,8,8,16,4,36,20.0,9.2,20,88,47.83,30.0
1529271,1,2026-04-19,2026,2026,"Eden Gardens, Kolkata",Rajasthan Royals,Kolkata Knight Riders,155,142,13,120,9,8,13,5,47,20.0,7.75,18,82,52.9,39.17
1529271,2,2026-04-19,2026,2026,"Eden Gardens, Kolkata",Kolkata Knight Riders,Rajasthan Royals,161,152,9,118,6,6,14,6,42,19.67,8.19,20,92,57.14,35.59
1529272,1,2026-04-19,2026,2026,"Maharaja Yadavindra Singh International Cricket Stadium, New Chandigarh",Punjab Kings,Lucknow Super Giants,254,245,9,120,7,6,16,21,31,20.0,12.7,37,190,74.8,25.83
1529272,2,2026-04-19,2026,2026,"Maharaja Yadavindra Singh International Cricket Stadium, New Chandigarh",Lucknow Super Giants,Punjab Kings,200,191,9,120,5,5,14,11,32,20.0,10.0,25,122,61.0,26.67
1529273,1,2026-04-20,2026,2026,"Narendra Modi Stadium, Ahmedabad",Mumbai Indians,Gujarat Titans,199,192,7,120,5,5,17,10,34,20.0,9.95,27,128,64.32,28.33
1529273,2,2026-04-20,2026,2026,"Narendra Modi Stadium, Ahmedabad",Gujarat Titans,Mumbai Indians,100,93,7,95,10,10,13,1,50,15.83,6.32,14,58,58.0,52.63
1529274,1,2026-04-21,2026,2026,"Rajiv Gandhi International Stadium, Uppal, Hyderabad",Sunrisers Hyderabad,Delhi Capitals,242,234,8,120,2,1,17,16,26,20.0,12.1,33,164,67.77,21.67
1529274,2,2026-04-21,2026,2026,"Rajiv Gandhi International Stadium, Uppal, Hyderabad",Delhi Capitals,Sunrisers Hyderabad,195,187,8,120,9,9,15,10,37,20.0,9.75,25,120,61.54,30.83
1529275,1,2026-04-22,2026,2026,"Bharat Ratna Shri Atal Bihari Vajpayee Ekana Cricket Stadium, Lucknow",Rajasthan Royals,Lucknow Super Giants,159,154,5,120,6,6,17,3,49,20.0,7.95,20,86,54.09,40.83
1529275,2,2026-04-22,2026,2026,"Bharat Ratna Shri Atal Bihari Vajpayee Ekana Cricket Stadium, Lucknow",Lucknow Super Giants,Rajasthan Royals,119,112,7,108,10,9,10,5,52,18.0,6.61,15,70,58.82,48.15
1529276,1,2026-04-23,2026,2026,"Wankhede Stadium, Mumbai",Chennai Super Kings,Mumbai Indians,207,198,9,120,6,6,19,12,41,20.0,10.35,31,148,71.5,34.17
1529276,2,2026-04-23,2026,2026,"Wankhede Stadium, Mumbai",Mumbai Indians,Chennai Super Kings,104,97,7,114,10,10,10,1,56,19.0,5.47,11,46,44.23,49.12
1529277,1,2026-04-24,2026,2026,"M Chinnaswamy Stadium, Bengaluru",Gujarat Titans,Royal Challengers Bengaluru,205,199,6,120,3,3,17,10,27,20.0,10.25,27,128,62.44,22.5
1529277,2,2026-04-24,2026,2026,"M Chinnaswamy Stadium, Bengaluru",Royal Challengers Bengaluru,Gujarat Titans,206,201,5,113,5,5,17,14,34,18.83,10.94,31,152,73.79,30.09
1529278,1,2026-04-25,2026,2026,"Arun Jaitley Stadium, Delhi",Delhi Capitals,Punjab Kings,264,257,7,120,2,2,29,13,20,20.0,13.2,42,194,73.48,16.67
1529278,2,2026-04-25,2026,2026,"Arun Jaitley Stadium, Delhi",Punjab Kings,Delhi Capitals,265,251,14,113,4,4,20,20,25,18.83,14.07,40,200,75.47,22.12
1529279,1,2026-04-25,2026,2026,"Sawai Mansingh Stadium, Jaipur",Rajasthan Royals,Sunrisers Hyderabad,228,221,7,120,6,6,20,16,44,20.0,11.4,36,176,77.19,36.67
1529279,2,2026-04-25,2026,2026,"Sawai Mansingh Stadium, Jaipur",Sunrisers Hyderabad,Rajasthan Royals,229,211,18,111,5,5,27,10,37,18.5,12.38,37,168,73.36,33.33
1529280,1,2026-04-26,2026,2026,"MA Chidambaram Stadium, Chepauk, Chennai",Chennai Super Kings,Gujarat Titans,158,146,12,120,7,7,18,6,64,20.0,7.9,24,108,68.35,53.33
1529280,2,2026-04-26,2026,2026,"MA Chidambaram Stadium, Chepauk, Chennai",Gujarat Titans,Chennai Super Kings,162,160,2,100,2,2,9,11,27,16.67,9.72,20,102,62.96,27.0
1529281,1,2026-04-26,2026,2026,"Bharat Ratna Shri Atal Bihari Vajpayee Ekana Cricket Stadium, Lucknow",Kolkata Knight Riders,Lucknow Super Giants,155,147,8,120,7,6,8,9,47,20.0,7.75,17,86,55.48,39.17
1529281,2,2026-04-26,2026,2026,"Bharat Ratna Shri Atal Bihari Vajpayee Ekana Cricket Stadium, Lucknow",Lucknow Super Giants,Kolkata Knight Riders,155,147,8,120,8,8,11,7,45,20.0,7.75,18,86,55.48,37.5
1529281,3,2026-04-26,2026,2026,"Bharat Ratna Shri Atal Bihari Vajpayee Ekana Cricket Stadium, Lucknow",Lucknow Super Giants,Kolkata Knight Riders,1,1,0,3,2,2,0,0,2,0.5,2.0,0,0,0.0,66.67
1529281,4,2026-04-26,2026,2026,"Bharat Ratna Shri Atal Bihari Vajpayee Ekana Cricket Stadium, Lucknow",Kolkata Knight Riders,Lucknow Super Giants,4,4,0,1,0,0,1,0,0,0.17,24.0,1,4,100.0,0.0
1529282,1,2026-04-27,2026,2026,"Arun Jaitley Stadium, Delhi",Delhi Capitals,Royal Challengers Bengaluru,75,71,4,99,10,10,8,1,60,16.5,4.55,9,38,50.67,60.61
1529282,2,2026-04-27,2026,2026,"Arun Jaitley Stadium, Delhi",Royal Challengers Bengaluru,Delhi Capitals,77,77,0,39,1,1,5,7,13,6.5,11.85,12,62,80.52,33.33
1529283,1,2026-04-28,2026,2026,"Maharaja Yadavindra Singh International Cricket Stadium, New Chandigarh",Punjab Kings,Rajasthan Royals,222,213,9,120,4,4,18,12,28,20.0,11.1,30,144,64.86,23.33
1529283,2,2026-04-28,2026,2026,"Maharaja Yadavindra Singh International Cricket Stadium, New Chandigarh",Rajasthan Royals,Punjab Kings,228,222,6,116,4,4,21,14,31,19.33,11.79,35,168,73.68,26.72
1529284,1,2026-04-29,2026,2026,"Wankhede Stadium, Mumbai",Mumbai Indians,Sunrisers Hyderabad,243,235,8,120,5,5,21,14,25,20.0,12.15,35,168,69.14,20.83
1529284,2,2026-04-29,2026,2026,"Wankhede Stadium, Mumbai",Sunrisers Hyderabad,Mumbai Indians,249,237,12,112,4,4,20,18,26,18.67,13.34,38,188,75.5,23.21
1529285,1,2026-04-30,2026,2026,"Narendra Modi Stadium, Ahmedabad",Royal Challengers Bengaluru,Gujarat Titans,155,150,5,116,10,9,17,7,53,19.33,8.02,24,110,70.97,45.69
1529285,2,2026-04-30,2026,2026,"Narendra Modi Stadium, Ahmedabad",Gujarat Titans,Royal Challengers Bengaluru,158,154,4,95,6,6,13,9,33,15.83,9.98,22,106,67.09,34.74
1529286,1,2026-05-01,2026,2026,"Sawai Mansingh Stadium, Jaipur",Rajasthan Royals,Delhi Capitals,225,216,9,120,6,6,17,14,30,20.0,11.25,31,152,67.56,25.0
1529286,2,2026-05-01,2026,2026,"Sawai Mansingh Stadium, Jaipur",Delhi Capitals,Rajasthan Royals,226,213,13,115,3,3,20,11,29,19.17,11.79,31,146,64.6,25.22
1529287,1,2026-05-02,2026,2026,"MA Chidambaram Stadium, Chepauk, Chennai",Mumbai Indians,Chennai Super Kings,159,154,5,120,7,7,10,10,49,20.0,7.95,20,100,62.89,40.83
1529287,2,2026-05-02,2026,2026,"MA Chidambaram Stadium, Chepauk, Chennai",Chennai Super Kings,Mumbai Indians,160,156,4,109,2,2,13,7,34,18.17,8.81,20,94,58.75,31.19
1529288,1,2026-05-03,2026,2026,"Rajiv Gandhi International Stadium, Uppal, Hyderabad",Sunrisers Hyderabad,Kolkata Knight Riders,165,160,5,114,10,10,18,8,48,19.0,8.68,26,120,72.73,42.11
1529288,2,2026-05-03,2026,2026,"Rajiv Gandhi International Stadium, Uppal, Hyderabad",Kolkata Knight Riders,Sunrisers Hyderabad,169,156,13,110,3,3,14,6,33,18.33,9.22,20,92,54.44,30.0
1529289,1,2026-05-03,2026,2026,"Narendra Modi Stadium, Ahmedabad",Punjab Kings,Gujarat Titans,163,155,8,120,9,9,14,7,48,20.0,8.15,21,98,60.12,40.0
1529289,2,2026-05-03,2026,2026,"Narendra Modi Stadium, Ahmedabad",Gujarat Titans,Punjab Kings,167,158,9,119,6,6,13,5,37,19.83,8.42,18,82,49.1,31.09
1529290,1,2026-05-04,2026,2026,"Wankhede Stadium, Mumbai",Lucknow Super Giants,Mumbai Indians,228,217,11,120,5,5,12,16,30,20.0,11.4,28,144,63.16,25.0
1529290,2,2026-05-04,2026,2026,"Wankhede Stadium, Mumbai",Mumbai Indians,Lucknow Super Giants,229,223,6,112,4,4,17,17,26,18.67,12.27,34,170,74.24,23.21
1529291,1,2026-05-05,2026,2026,"Arun Jaitley Stadium, Delhi",Delhi Capitals,Chennai Super Kings,155,153,2,120,7,6,10,9,45,20.0,7.75,19,94,60.65,37.5
1529291,2,2026-05-05,2026,2026,"Arun Jaitley Stadium, Delhi",Chennai Super Kings,Delhi Capitals,159,151,8,105,2,2,12,10,43,17.5,9.09,22,108,67.92,40.95
1529292,1,2026-05-06,2026,2026,"Rajiv Gandhi International Stadium, Uppal, Hyderabad",Sunrisers Hyderabad,Punjab Kings,235,226,9,120,4,4,12,17,23,20.0,11.75,29,150,63.83,19.17
1529292,2,2026-05-06,2026,2026,"Rajiv Gandhi International Stadium, Uppal, Hyderabad",Punjab Kings,Sunrisers Hyderabad,202,193,9,120,7,7,13,13,42,20.0,10.1,26,130,64.36,35.0
1529293,1,2026-05-07,2026,2026,"Bharat Ratna Shri Atal Bihari Vajpayee Ekana Cricket Stadium, Lucknow",Lucknow Super Giants,Royal Challengers Bengaluru,209,199,10,114,3,3,18,12,36,19.0,11.0,30,144,68.9,31.58
1529293,2,2026-05-07,2026,2026,"Bharat Ratna Shri Atal Bihari Vajpayee Ekana Cricket Stadium, Lucknow",Royal Challengers Bengaluru,Lucknow Super Giants,203,191,12,114,6,6,16,13,38,19.0,10.68,29,142,69.95,33.33
1529294,1,2026-05-08,2026,2026,"Arun Jaitley Stadium, Delhi",Delhi Capitals,Kolkata Knight Riders,142,140,2,120,8,7,13,6,51,20.0,7.1,19,88,61.97,42.5
1529294,2,2026-05-08,2026,2026,"Arun Jaitley Stadium, Delhi",Kolkata Knight Riders,Delhi Capitals,147,147,0,86,2,1,6,13,26,14.33,10.26,19,102,69.39,30.23
1529295,1,2026-05-09,2026,2026,"Sawai Mansingh Stadium, Jaipur",Gujarat Titans,Rajasthan Royals,229,210,19,120,4,4,19,11,31,20.0,11.45,30,142,62.01,25.83
1529295,2,2026-05-09,2026,2026,"Sawai Mansingh Stadium, Jaipur",Rajasthan Royals,Gujarat Titans,152,149,3,99,10,10,13,9,43,16.5,9.21,22,106,69.74,43.43
1529296,1,2026-05-10,2026,2026,"MA Chidambaram Stadium, Chepauk, Chennai",Lucknow Super Giants,Chennai Super Kings,203,195,8,120,8,6,17,11,40,20.0,10.15,28,134,66.01,33.33
1529296,2,2026-05-10,2026,2026,"MA Chidambaram Stadium, Chepauk, Chennai",Chennai Super Kings,Lucknow Super Giants,208,197,11,116,5,5,10,16,33,19.33,10.76,26,136,65.38,28.45
1529297,1,2026-05-10,2026,2026,"Shaheed Veer Narayan Singh International Stadium, Raipur",Mumbai Indians,Royal Challengers Bengaluru,166,160,6,120,7,7,12,6,38,20.0,8.3,18,84,50.6,31.67
1529297,2,2026-05-10,2026,2026,"Shaheed Veer Narayan Singh International Stadium, Raipur",Royal Challengers Bengaluru,Mumbai Indians,167,152,15,120,8,8,9,9,43,20.0,8.35,18,90,53.89,35.83
1529298,1,2026-05-11,2026,2026,"Himachal Pradesh Cricket Association Stadium, Dharamsala",Punjab Kings,Delhi Capitals,210,193,17,120,5,5,15,13,41,20.0,10.5,28,138,65.71,34.17
1529298,2,2026-05-11,2026,2026,"Himachal Pradesh Cricket Association Stadium, Dharamsala",Delhi Capitals,Punjab Kings,216,198,18,114,7,6,21,11,39,19.0,11.37,32,150,69.44,34.21
1529299,1,2026-05-12,2026,2026,"Narendra Modi Stadium, Ahmedabad",Gujarat Titans,Sunrisers Hyderabad,168,160,8,120,5,5,18,4,43,20.0,8.4,22,96,57.14,35.83
1529299,2,2026-05-12,2026,2026,"Narendra Modi Stadium, Ahmedabad",Sunrisers Hyderabad,Gujarat Titans,86,84,2,89,10,10,8,4,53,14.83,5.8,12,56,65.12,59.55
1529300,1,2026-05-13,2026,2026,"Shaheed Veer Narayan Singh International Stadium, Raipur",Kolkata Knight Riders,Royal Challengers Bengaluru,192,189,3,120,4,3,19,8,36,20.0,9.6,27,124,64.58,30.0
1529300,2,2026-05-13,2026,2026,"Shaheed Veer Narayan Singh International Stadium, Raipur",Royal Challengers Bengaluru,Kolkata Knight Riders,194,180,14,115,4,4,21,5,28,19.17,10.12,26,114,58.76,24.35
1529301,1,2026-05-14,2026,2026,"Himachal Pradesh Cricket Association Stadium, Dharamsala",Punjab Kings,Mumbai Indians,200,187,13,120,8,8,18,12,49,20.0,10.0,30,144,72.0,40.83
1529301,2,2026-05-14,2026,2026,"Himachal Pradesh Cricket Association Stadium, Dharamsala",Mumbai Indians,Punjab Kings,205,202,3,119,4,4,13,16,38,19.83,10.34,29,148,72.2,31.93
1529302,1,2026-05-15,2026,2026,"Bharat Ratna Shri Atal Bihari Vajpayee Ekana Cricket Stadium, Lucknow",Chennai Super Kings,Lucknow Super Giants,187,180,7,120,5,5,16,9,42,20.0,9.35,25,118,63.1,35.0
1529302,2,2026-05-15,2026,2026,"Bharat Ratna Shri Atal Bihari Vajpayee Ekana Cricket Stadium, Lucknow",Lucknow Super Giants,Chennai Super Kings,188,178,10,100,3,2,15,13,32,16.67,11.28,28,138,73.4,32.0
1529303,1,2026-05-16,2026,2026,"Eden Gardens, Kolkata",Kolkata Knight Riders,Gujarat Titans,247,241,6,120,2,2,12,22,33,20.0,12.35,34,180,72.87,27.5
1529303,2,2026-05-16,2026,2026,"Eden Gardens, Kolkata",Gujarat Titans,Kolkata Knight Riders,218,198,20,120,4,4,16,12,35,20.0,10.9,28,136,62.39,29.17
1529304,1,2026-05-17,2026,2026,"Himachal Pradesh Cricket Association Stadium, Dharamsala",Royal Challengers Bengaluru,Punjab Kings,222,215,7,120,4,4,20,12,29,20.0,11.1,32,152,68.47,24.17
1529304,2,2026-05-17,2026,2026,"Himachal Pradesh Cricket Association Stadium, Dharamsala",Punjab Kings,Royal Challengers Bengaluru,199,187,12,120,8,8,16,10,37,20.0,9.95,26,124,62.31,30.83
1529305,1,2026-05-17,2026,2026,"Arun Jaitley Stadium, Delhi",Rajasthan Royals,Delhi Capitals,193,185,8,120,8,8,17,11,43,20.0,9.65,28,134,69.43,35.83
1529305,2,2026-05-17,2026,2026,"Arun Jaitley Stadium, Delhi",Delhi Capitals,Rajasthan Royals,197,181,16,116,5,5,12,9,24,19.33,10.19,21,102,51.78,20.69
1529306,1,2026-05-18,2026,2026,"MA Chidambaram Stadium, Chepauk, Chennai",Chennai Super Kings,Sunrisers Hyderabad,180,171,9,120,7,7,15,10,47,20.0,9.0,25,120,66.67,39.17
1529306,2,2026-05-18,2026,2026,"MA Chidambaram Stadium, Chepauk, Chennai",Sunrisers Hyderabad,Chennai Super Kings,181,175,6,114,5,5,19,7,38,19.0,9.53,26,118,65.19,33.33
1529307,1,2026-05-19,2026,2026,"Sawai Mansingh Stadium, Jaipur",Lucknow Super Giants,Rajasthan Royals,220,207,13,120,5,3,20,12,38,20.0,11.0,32,152,69.09,31.67
1529307,2,2026-05-19,2026,2026,"Sawai Mansingh Stadium, Jaipur",Rajasthan Royals,Lucknow Super Giants,225,212,13,115,3,2,19,15,39,19.17,11.74,34,166,73.78,33.91
1529308,1,2026-05-20,2026,2026,"Eden Gardens, Kolkata",Mumbai Indians,Kolkata Knight Riders,147,138,9,120,8,7,11,8,57,20.0,7.35,19,92,62.59,47.5
1529308,2,2026-05-20,2026,2026,"Eden Gardens, Kolkata",Kolkata Knight Riders,Mumbai Indians,148,142,6,113,6,6,20,2,45,18.83,7.86,22,92,62.16,39.82
1529309,1,2026-05-21,2026,2026,"Narendra Modi Stadium, Ahmedabad",Gujarat Titans,Chennai Super Kings,229,212,17,120,4,3,19,12,31,20.0,11.45,31,148,64.63,25.83
1529309,2,2026-05-21,2026,2026,"Narendra Modi Stadium, Ahmedabad",Chennai Super Kings,Gujarat Titans,140,136,4,82,10,9,12,9,33,13.67,10.24,21,102,72.86,40.24
1529310,1,2026-05-22,2026,2026,"Rajiv Gandhi International Stadium, Uppal, Hyderabad",Sunrisers Hyderabad,Royal Challengers Bengaluru,255,241,14,120,4,4,20,16,29,20.0,12.75,36,176,69.02,24.17
1529310,2,2026-05-22,2026,2026,"Rajiv Gandhi International Stadium, Uppal, Hyderabad",Royal Challengers Bengaluru,Sunrisers Hyderabad,200,192,8,120,4,4,20,7,31,20.0,10.0,27,122,61.0,25.83
1529311,1,2026-05-23,2026,2026,"Bharat Ratna Shri Atal Bihari Vajpayee Ekana Cricket Stadium, Lucknow",Lucknow Super Giants,Punjab Kings,196,186,10,120,6,6,20,8,38,20.0,9.8,28,128,65.31,31.67
1529311,2,2026-05-23,2026,2026,"Bharat Ratna Shri Atal Bihari Vajpayee Ekana Cricket Stadium, Lucknow",Punjab Kings,Lucknow Super Giants,200,197,3,108,3,3,23,7,24,18.0,11.11,30,134,67.0,22.22
1529312,1,2026-05-24,2026,2026,"Wankhede Stadium, Mumbai",Rajasthan Royals,Mumbai Indians,205,196,9,120,8,7,10,15,38,20.0,10.25,25,130,63.41,31.67
1529312,2,2026-05-24,2026,2026,"Wankhede Stadium, Mumbai",Mumbai Indians,Rajasthan Royals,175,170,5,120,9,9,12,10,42,20.0,8.75,22,108,61.71,35.0
1529313,1,2026-05-24,2026,2026,"Eden Gardens, Kolkata",Delhi Capitals,Kolkata Knight Riders,203,191,12,120,5,5,17,11,37,20.0,10.15,28,134,66.01,30.83
1529313,2,2026-05-24,2026,2026,"Eden Gardens, Kolkata",Kolkata Knight Riders,Delhi Capitals,163,158,5,112,10,9,15,8,45,18.67,8.73,23,108,66.26,40.18
1535462,1,2026-05-26,2026,2026,"Himachal Pradesh Cricket Association Stadium, Dharamsala",Royal Challengers Bengaluru,Gujarat Titans,254,247,7,120,5,5,24,14,26,20.0,12.7,38,180,70.87,21.67
1535462,2,2026-05-26,2026,2026,"Himachal Pradesh Cricket Association Stadium, Dharamsala",Gujarat Titans,Royal Challengers Bengaluru,162,154,8,117,10,10,21,7,62,19.5,8.31,28,126,77.78,52.99
1535463,1,2026-05-27,2026,2026,"Maharaja Yadavindra Singh International Cricket Stadium, New Chandigarh",Rajasthan Royals,Sunrisers Hyderabad,243,237,6,120,8,6,20,17,37,20.0,12.15,37,182,74.9,30.83
1535463,2,2026-05-27,2026,2026,"Maharaja Yadavindra Singh International Cricket Stadium, New Chandigarh",Sunrisers Hyderabad,Rajasthan Royals,196,180,16,116,10,10,16,9,39,19.33,10.14,25,118,60.2,33.62
1535464,1,2026-05-29,2026,2026,"Maharaja Yadavindra Singh International Cricket Stadium, New Chandigarh",Rajasthan Royals,Gujarat Titans,214,208,6,120,6,6,17,14,43,20.0,10.7,31,152,71.03,35.83
1535464,2,2026-05-29,2026,2026,"Maharaja Yadavindra Singh International Cricket Stadium, New Chandigarh",Gujarat Titans,Rajasthan Royals,219,204,15,112,3,3,27,6,24,18.67,11.73,33,144,65.75,21.43
1535465,1,2026-05-31,2026,2026,"Narendra Modi Stadium, Ahmedabad",Gujarat Titans,Royal Challengers Bengaluru,155,150,5,120,8,8,15,3,38,20.0,7.75,18,78,50.32,31.67
1535465,2,2026-05-31,2026,2026,"Narendra Modi Stadium, Ahmedabad",Royal Challengers Bengaluru,Gujarat Titans,161,159,2,108,5,5,18,7,42,18.0,8.94,25,114,70.81,38.89
