match_id,date,season_clean,season_year,venue,city,match_type,event_name,toss_winner,toss_decision,match_won_by,win_outcome,player_of_match,result_type,method,superover_winner,team1,team2,team1_score,team1_wickets,team2_score,team2_wickets,batting_first_team,chasing_team,winner_type,toss_winner_won
335982,2008-04-18,2008,2008,M Chinnaswamy Stadium,Bangalore,T20,Indian Premier League,Royal Challengers Bangalore,field,Kolkata Knight Riders,140 runs,BB McCullum,,,,Kolkata Knight Riders,Royal Challengers Bangalore,222,3,82.0,10.0,Kolkata Knight Riders,Royal Challengers Bangalore,Batting First,False
335983,2008-04-19,2008,2008,"Punjab Cricket Association Stadium, Mohali",Chandigarh,T20,Indian Premier League,Chennai Super Kings,bat,Chennai Super Kings,33 runs,MEK Hussey,,,,Chennai Super Kings,Kings XI Punjab,240,5,207.0,4.0,Chennai Super Kings,Kings XI Punjab,Batting First,True
335984,2008-04-19,2008,2008,Feroz Shah Kotla,Delhi,T20,Indian Premier League,Rajasthan Royals,bat,Delhi Daredevils,9 wickets,MF Maharoof,,,,Rajasthan Royals,Delhi Daredevils,129,8,132.0,1.0,Rajasthan Royals,Delhi Daredevils,Chasing,False
335985,2008-04-20,2008,2008,Wankhede Stadium,Mumbai,T20,Indian Premier League,Mumbai Indians,bat,Royal Challengers Bangalore,5 wickets,MV Boucher,,,,Mumbai Indians,Royal Challengers Bangalore,165,7,166.0,5.0,Mumbai Indians,Royal Challengers Bangalore,Chasing,False
335986,2008-04-20,2008,2008,Eden Gardens,Kolkata,T20,Indian Premier League,Deccan Chargers,bat,Kolkata Knight Riders,5 wickets,DJ Hussey,,,,Deccan Chargers,Kolkata Knight Riders,110,10,112.0,5.0,Deccan Chargers,Kolkata Knight Riders,Chasing,False
335987,2008-04-21,2008,2008,Sawai Mansingh Stadium,Jaipur,T20,Indian Premier League,Kings XI Punjab,bat,Rajasthan Royals,6 wickets,SR Watson,,,,Kings XI Punjab,Rajasthan Royals,166,8,168.0,4.0,Kings XI Punjab,Rajasthan Royals,Chasing,False
335988,2008-04-22,2008,2008,"Rajiv Gandhi International Stadium, Uppal",Hyderabad,T20,Indian Premier League,Deccan Chargers,bat,Delhi Daredevils,9 wickets,V Sehwag,,,,Deccan Chargers,Delhi Daredevils,142,8,143.0,1.0,Deccan Chargers,Delhi Daredevils,Chasing,False
335989,2008-04-23,2008,2008,"MA Chidambaram Stadium, Chepauk",Chennai,T20,Indian Premier League,Mumbai Indians,field,Chennai Super Kings,6 runs,ML Hayden,,,,Chennai Super Kings,Mumbai Indians,208,5,202.0,7.0,Chennai Super Kings,Mumbai Indians,Batting First,False
335990,2008-04-24,2008,2008,"Rajiv Gandhi International Stadium, Uppal",Hyderabad,T20,Indian Premier League,Rajasthan Royals,field,Rajasthan Royals,3 wickets,YK Pathan,,,,Deccan Chargers,Rajasthan Royals,214,5,217.0,7.0,Deccan Chargers,Rajasthan Royals,Chasing,True
335991,2008-04-25,2008,2008,"Punjab Cricket Association Stadium, Mohali",Chandigarh,T20,Indian Premier League,Mumbai Indians,field,Kings XI Punjab,66 runs,KC Sangakkara,,,,Kings XI Punjab,Mumbai Indians,182,10,116.0,9.0,Kings XI Punjab,Mumbai Indians,Batting First,False
335992,2008-04-26,2008,2008,M Chinnaswamy Stadium,Bangalore,T20,Indian Premier League,Rajasthan Royals,field,Rajasthan Royals,7 wickets,SR Watson,,,,Royal Challengers Bangalore,Rajasthan Royals,135,8,138.0,3.0,Royal Challengers Bangalore,Rajasthan Royals,Chasing,True
335993,2008-04-26,2008,2008,"MA Chidambaram Stadium, Chepauk",Chennai,T20,Indian Premier League,Kolkata Knight Riders,bat,Chennai Super Kings,9 wickets,JDP Oram,,,,Kolkata Knight Riders,Chennai Super Kings,147,9,152.0,1.0,Kolkata Knight Riders,Chennai Super Kings,Chasing,False
335994,2008-04-27,2008,2008,Dr DY Patil Sports Academy,Mumbai,T20,Indian Premier League,Deccan Chargers,field,Deccan Chargers,10 wickets,AC Gilchrist,,,,Mumbai Indians,Deccan Chargers,154,7,155.0,0.0,Mumbai Indians,Deccan Chargers,Chasing,True
335995,2008-04-27,2008,2008,"Punjab Cricket Association Stadium, Mohali",Chandigarh,T20,Indian Premier League,Delhi Daredevils,bat,Kings XI Punjab,4 wickets,SM Katich,,,,Delhi Daredevils,Kings XI Punjab,158,8,162.0,6.0,Delhi Daredevils,Kings XI Punjab,Chasing,False
335996,2008-04-28,2008,2008,M Chinnaswamy Stadium,Bangalore,T20,Indian Premier League,Chennai Super Kings,bat,Chennai Super Kings,13 runs,MS Dhoni,,,,Chennai Super Kings,Royal Challengers Bangalore,178,5,165.0,10.0,Chennai Super Kings,Royal Challengers Bangalore,Batting First,True
335997,2008-04-29,2008,2008,Eden Gardens,Kolkata,T20,Indian Premier League,Kolkata Knight Riders,bat,Mumbai Indians,7 wickets,ST Jayasuriya,,,,Kolkata Knight Riders,Mumbai Indians,137,8,138.0,3.0,Kolkata Knight Riders,Mumbai Indians,Chasing,False
335998,2008-04-30,2008,2008,Feroz Shah Kotla,Delhi,T20,Indian Premier League,Royal Challengers Bangalore,field,Delhi Daredevils,10 runs,GD McGrath,,,,Delhi Daredevils,Royal Challengers Bangalore,191,5,181.0,5.0,Delhi Daredevils,Royal Challengers Bangalore,Batting First,False
335999,2008-05-01,2008,2008,"Rajiv Gandhi International Stadium, Uppal",Hyderabad,T20,Indian Premier League,Kings XI Punjab,field,Kings XI Punjab,7 wickets,SE Marsh,,,,Deccan Chargers,Kings XI Punjab,164,8,167.0,3.0,Deccan Chargers,Kings XI Punjab,Chasing,True
336000,2008-05-01,2008,2008,Sawai Mansingh Stadium,Jaipur,T20,Indian Premier League,Rajasthan Royals,bat,Rajasthan Royals,45 runs,SA Asnodkar,,,,Rajasthan Royals,Kolkata Knight Riders,196,7,151.0,10.0,Rajasthan Royals,Kolkata Knight Riders,Batting First,True
336001,2008-05-02,2008,2008,"MA Chidambaram Stadium, Chepauk",Chennai,T20,Indian Premier League,Chennai Super Kings,bat,Delhi Daredevils,8 wickets,V Sehwag,,,,Chennai Super Kings,Delhi Daredevils,169,6,172.0,2.0,Chennai Super Kings,Delhi Daredevils,Chasing,False
336003,2008-05-03,2008,2008,"Punjab Cricket Association Stadium, Mohali",Chandigarh,T20,Indian Premier League,Kings XI Punjab,bat,Kings XI Punjab,9 runs,IK Pathan,,,,Kings XI Punjab,Kolkata Knight Riders,178,6,169.0,6.0,Kings XI Punjab,Kolkata Knight Riders,Batting First,True
336034,2008-05-03,2008,2008,M Chinnaswamy Stadium,Bangalore,T20,Indian Premier League,Deccan Chargers,field,Royal Challengers Bangalore,3 runs,P Kumar,,,,Royal Challengers Bangalore,Deccan Chargers,156,8,153.0,6.0,Royal Challengers Bangalore,Deccan Chargers,Batting First,False
336004,2008-05-04,2008,2008,Dr DY Patil Sports Academy,Mumbai,T20,Indian Premier League,Delhi Daredevils,field,Mumbai Indians,29 runs,SM Pollock,,,,Mumbai Indians,Delhi Daredevils,162,8,133.0,10.0,Mumbai Indians,Delhi Daredevils,Batting First,False
336005,2008-05-04,2008,2008,Sawai Mansingh Stadium,Jaipur,T20,Indian Premier League,Chennai Super Kings,bat,Rajasthan Royals,8 wickets,Sohail Tanvir,,,,Chennai Super Kings,Rajasthan Royals,109,10,110.0,2.0,Chennai Super Kings,Rajasthan Royals,Chasing,False
336006,2008-05-05,2008,2008,M Chinnaswamy Stadium,Bangalore,T20,Indian Premier League,Kings XI Punjab,field,Kings XI Punjab,6 wickets,S Sreesanth,,,,Royal Challengers Bangalore,Kings XI Punjab,126,10,127.0,4.0,Royal Challengers Bangalore,Kings XI Punjab,Chasing,True
336007,2008-05-06,2008,2008,"MA Chidambaram Stadium, Chepauk",Chennai,T20,Indian Premier League,Deccan Chargers,field,Deccan Chargers,7 wickets,AC Gilchrist,,,,Chennai Super Kings,Deccan Chargers,144,7,148.0,3.0,Chennai Super Kings,Deccan Chargers,Chasing,True
336008,2008-05-07,2008,2008,Dr DY Patil Sports Academy,Mumbai,T20,Indian Premier League,Mumbai Indians,field,Mumbai Indians,7 wickets,A Nehra,,,,Rajasthan Royals,Mumbai Indians,103,10,104.0,3.0,Rajasthan Royals,Mumbai Indians,Chasing,True
336009,2008-05-08,2008,2008,Feroz Shah Kotla,Delhi,T20,Indian Premier League,Chennai Super Kings,field,Chennai Super Kings,4 wickets,MS Dhoni,,,,Delhi Daredevils,Chennai Super Kings,187,5,188.0,6.0,Delhi Daredevils,Chennai Super Kings,Chasing,True
336010,2008-05-08,2008,2008,Eden Gardens,Kolkata,T20,Indian Premier League,Kolkata Knight Riders,bat,Kolkata Knight Riders,5 runs,SC Ganguly,,,,Kolkata Knight Riders,Royal Challengers Bangalore,129,7,124.0,4.0,Kolkata Knight Riders,Royal Challengers Bangalore,Batting First,True
336011,2008-05-09,2008,2008,Sawai Mansingh Stadium,Jaipur,T20,Indian Premier League,Rajasthan Royals,field,Rajasthan Royals,8 wickets,YK Pathan,,,,Deccan Chargers,Rajasthan Royals,140,8,141.0,2.0,Deccan Chargers,Rajasthan Royals,Chasing,True
336013,2008-05-10,2008,2008,"MA Chidambaram Stadium, Chepauk",Chennai,T20,Indian Premier League,Kings XI Punjab,field,Chennai Super Kings,18 runs,L Balaji,,,,Chennai Super Kings,Kings XI Punjab,181,4,163.0,9.0,Chennai Super Kings,Kings XI Punjab,Batting First,False
336014,2008-05-11,2008,2008,"Rajiv Gandhi International Stadium, Uppal",Hyderabad,T20,Indian Premier League,Kolkata Knight Riders,bat,Kolkata Knight Riders,23 runs,SC Ganguly,,,,Kolkata Knight Riders,Deccan Chargers,204,4,181.0,7.0,Kolkata Knight Riders,Deccan Chargers,Batting First,True
336015,2008-05-11,2008,2008,Sawai Mansingh Stadium,Jaipur,T20,Indian Premier League,Rajasthan Royals,field,Rajasthan Royals,3 wickets,SR Watson,,,,Delhi Daredevils,Rajasthan Royals,156,7,159.0,7.0,Delhi Daredevils,Rajasthan Royals,Chasing,True
336016,2008-05-12,2008,2008,"Punjab Cricket Association Stadium, Mohali",Chandigarh,T20,Indian Premier League,Royal Challengers Bangalore,bat,Kings XI Punjab,9 wickets,SE Marsh,,,,Royal Challengers Bangalore,Kings XI Punjab,143,8,144.0,1.0,Royal Challengers Bangalore,Kings XI Punjab,Chasing,False
336017,2008-05-13,2008,2008,Eden Gardens,Kolkata,T20,Indian Premier League,Kolkata Knight Riders,bat,Kolkata Knight Riders,23 runs,Shoaib Akhtar,,,,Kolkata Knight Riders,Delhi Daredevils,133,6,110.0,10.0,Kolkata Knight Riders,Delhi Daredevils,Batting First,True
336018,2008-05-14,2008,2008,Wankhede Stadium,Mumbai,T20,Indian Premier League,Mumbai Indians,field,Mumbai Indians,9 wickets,ST Jayasuriya,,,,Chennai Super Kings,Mumbai Indians,156,6,158.0,1.0,Chennai Super Kings,Mumbai Indians,Chasing,True
336020,2008-05-15,2008,2008,Feroz Shah Kotla,Delhi,T20,Indian Premier League,Deccan Chargers,field,Delhi Daredevils,12 runs,A Mishra,,,,Delhi Daredevils,Deccan Chargers,194,4,182.0,9.0,Delhi Daredevils,Deccan Chargers,Batting First,False
336021,2008-05-16,2008,2008,Wankhede Stadium,Mumbai,T20,Indian Premier League,Mumbai Indians,field,Mumbai Indians,8 wickets,SM Pollock,,,,Kolkata Knight Riders,Mumbai Indians,67,10,68.0,2.0,Kolkata Knight Riders,Mumbai Indians,Chasing,True
336022,2008-05-17,2008,2008,Feroz Shah Kotla,Delhi,T20,Indian Premier League,Delhi Daredevils,bat,Kings XI Punjab,6 runs,DPMD Jayawardene,,D/L,,Delhi Daredevils,Kings XI Punjab,118,4,94.0,3.0,Delhi Daredevils,Kings XI Punjab,Chasing,False
336023,2008-05-17,2008,2008,Sawai Mansingh Stadium,Jaipur,T20,Indian Premier League,Royal Challengers Bangalore,field,Rajasthan Royals,65 runs,GC Smith,,,,Rajasthan Royals,Royal Challengers Bangalore,197,1,132.0,9.0,Rajasthan Royals,Royal Challengers Bangalore,Batting First,False
336024,2008-05-18,2008,2008,"Rajiv Gandhi International Stadium, Uppal",Hyderabad,T20,Indian Premier League,Deccan Chargers,field,Mumbai Indians,25 runs,DJ Bravo,,,,Mumbai Indians,Deccan Chargers,178,7,153.0,7.0,Mumbai Indians,Deccan Chargers,Batting First,False
336025,2008-05-18,2008,2008,Eden Gardens,Kolkata,T20,Indian Premier League,Kolkata Knight Riders,bat,Chennai Super Kings,3 runs,M Ntini,,D/L,,Kolkata Knight Riders,Chennai Super Kings,149,5,55.0,0.0,Kolkata Knight Riders,Chennai Super Kings,Chasing,False
336026,2008-05-19,2008,2008,M Chinnaswamy Stadium,Bangalore,T20,Indian Premier League,Delhi Daredevils,field,Delhi Daredevils,5 wickets,SP Goswami,,,,Royal Challengers Bangalore,Delhi Daredevils,154,7,158.0,5.0,Royal Challengers Bangalore,Delhi Daredevils,Chasing,True
336027,2008-05-20,2008,2008,Eden Gardens,Kolkata,T20,Indian Premier League,Rajasthan Royals,field,Rajasthan Royals,6 wickets,YK Pathan,,,,Kolkata Knight Riders,Rajasthan Royals,147,8,150.0,4.0,Kolkata Knight Riders,Rajasthan Royals,Chasing,True
336028,2008-05-21,2008,2008,Wankhede Stadium,Mumbai,T20,Indian Premier League,Mumbai Indians,field,Kings XI Punjab,1 runs,SE Marsh,,,,Kings XI Punjab,Mumbai Indians,189,4,188.0,10.0,Kings XI Punjab,Mumbai Indians,Batting First,False
336029,2008-05-21,2008,2008,"MA Chidambaram Stadium, Chepauk",Chennai,T20,Indian Premier League,Royal Challengers Bangalore,bat,Royal Challengers Bangalore,14 runs,A Kumble,,,,Royal Challengers Bangalore,Chennai Super Kings,126,8,112.0,8.0,Royal Challengers Bangalore,Chennai Super Kings,Batting First,True
336031,2008-05-23,2008,2008,"Punjab Cricket Association Stadium, Mohali",Chandigarh,T20,Indian Premier League,Kings XI Punjab,field,Kings XI Punjab,6 wickets,SE Marsh,,,,Deccan Chargers,Kings XI Punjab,175,4,178.0,4.0,Deccan Chargers,Kings XI Punjab,Chasing,True
336032,2008-05-24,2008,2008,Feroz Shah Kotla,Delhi,T20,Indian Premier League,Delhi Daredevils,field,Delhi Daredevils,5 wickets,KD Karthik,,,,Mumbai Indians,Delhi Daredevils,176,8,179.0,5.0,Mumbai Indians,Delhi Daredevils,Chasing,True
336033,2008-05-24,2008,2008,"MA Chidambaram Stadium, Chepauk",Chennai,T20,Indian Premier League,Rajasthan Royals,bat,Rajasthan Royals,10 runs,JA Morkel,,,,Rajasthan Royals,Chennai Super Kings,211,5,201.0,7.0,Rajasthan Royals,Chennai Super Kings,Batting First,True
336002,2008-05-25,2008,2008,"Rajiv Gandhi International Stadium, Uppal",Hyderabad,T20,Indian Premier League,Deccan Chargers,bat,Royal Challengers Bangalore,5 wickets,R Vinay Kumar,,,,Deccan Chargers,Royal Challengers Bangalore,165,10,171.0,5.0,Deccan Chargers,Royal Challengers Bangalore,Chasing,False
336035,2008-05-25,2008,2008,Eden Gardens,Kolkata,T20,Indian Premier League,Kings XI Punjab,bat,Kolkata Knight Riders,3 wickets,Umar Gul,,,,Kings XI Punjab,Kolkata Knight Riders,174,6,175.0,7.0,Kings XI Punjab,Kolkata Knight Riders,Chasing,False
336036,2008-05-26,2008,2008,Sawai Mansingh Stadium,Jaipur,T20,Indian Premier League,Rajasthan Royals,field,Rajasthan Royals,5 wickets,Sohail Tanvir,,,,Mumbai Indians,Rajasthan Royals,145,7,146.0,5.0,Mumbai Indians,Rajasthan Royals,Chasing,True
336037,2008-05-27,2008,2008,"Rajiv Gandhi International Stadium, Uppal",Hyderabad,T20,Indian Premier League,Deccan Chargers,bat,Chennai Super Kings,7 wickets,SK Raina,,,,Deccan Chargers,Chennai Super Kings,147,8,148.0,3.0,Deccan Chargers,Chennai Super Kings,Chasing,False
336012,2008-05-28,2008,2008,M Chinnaswamy Stadium,Bangalore,T20,Indian Premier League,Mumbai Indians,field,Mumbai Indians,9 wickets,CRD Fernando,,,,Royal Challengers Bangalore,Mumbai Indians,122,9,126.0,1.0,Royal Challengers Bangalore,Mumbai Indians,Chasing,True
336019,2008-05-28,2008,2008,"Punjab Cricket Association Stadium, Mohali",Chandigarh,T20,Indian Premier League,Rajasthan Royals,field,Kings XI Punjab,41 runs,SE Marsh,,,,Kings XI Punjab,Rajasthan Royals,221,3,180.0,7.0,Kings XI Punjab,Rajasthan Royals,Batting First,False
336038,2008-05-30,2008,2008,Wankhede Stadium,Mumbai,T20,Indian Premier League,Delhi Daredevils,field,Rajasthan Royals,105 runs,SR Watson,,,,Rajasthan Royals,Delhi Daredevils,192,9,87.0,10.0,Rajasthan Royals,Delhi Daredevils,Batting First,False
336039,2008-05-31,2008,2008,Wankhede Stadium,Mumbai,T20,Indian Premier League,Kings XI Punjab,bat,Chennai Super Kings,9 wickets,M Ntini,,,,Kings XI Punjab,Chennai Super Kings,112,8,116.0,1.0,Kings XI Punjab,Chennai Super Kings,Chasing,False
336040,2008-06-01,2008,2008,Dr DY Patil Sports Academy,Mumbai,T20,Indian Premier League,Rajasthan Royals,field,Rajasthan Royals,3 wickets,YK Pathan,,,,Chennai Super Kings,Rajasthan Royals,163,5,164.0,7.0,Chennai Super Kings,Rajasthan Royals,Chasing,True
392181,2009-04-18,2009,2009,Newlands,Cape Town,T20,Indian Premier League,Chennai Super Kings,field,Mumbai Indians,19 runs,SR Tendulkar,,,,Mumbai Indians,Chennai Super Kings,165,7,146.0,7.0,Mumbai Indians,Chennai Super Kings,Batting First,False
392182,2009-04-18,2009,2009,Newlands,Cape Town,T20,Indian Premier League,Royal Challengers Bangalore,bat,Royal Challengers Bangalore,75 runs,R Dravid,,,,Royal Challengers Bangalore,Rajasthan Royals,133,8,58.0,10.0,Royal Challengers Bangalore,Rajasthan Royals,Batting First,True
392183,2009-04-19,2009,2009,Newlands,Cape Town,T20,Indian Premier League,Delhi Daredevils,field,Delhi Daredevils,10 wickets,DL Vettori,,D/L,,Kings XI Punjab,Delhi Daredevils,104,7,58.0,0.0,Kings XI Punjab,Delhi Daredevils,Chasing,True
392184,2009-04-19,2009,2009,Newlands,Cape Town,T20,Indian Premier League,Kolkata Knight Riders,bat,Deccan Chargers,8 wickets,RP Singh,,,,Kolkata Knight Riders,Deccan Chargers,101,10,104.0,2.0,Kolkata Knight Riders,Deccan Chargers,Chasing,False
392185,2009-04-20,2009,2009,St George's Park,Port Elizabeth,T20,Indian Premier League,Chennai Super Kings,bat,Chennai Super Kings,92 runs,M Muralitharan,,,,Chennai Super Kings,Royal Challengers Bangalore,179,5,87.0,10.0,Chennai Super Kings,Royal Challengers Bangalore,Batting First,True
392186,2009-04-21,2009,2009,Kingsmead,Durban,T20,Indian Premier League,Kolkata Knight Riders,field,Kolkata Knight Riders,11 runs,CH Gayle,,D/L,,Kings XI Punjab,Kolkata Knight Riders,158,6,79.0,1.0,Kings XI Punjab,Kolkata Knight Riders,Chasing,True
392188,2009-04-22,2009,2009,Newlands,Cape Town,T20,Indian Premier League,Deccan Chargers,bat,Deccan Chargers,24 runs,AC Gilchrist,,,,Deccan Chargers,Royal Challengers Bangalore,184,6,160.0,8.0,Deccan Chargers,Royal Challengers Bangalore,Batting First,True
392189,2009-04-23,2009,2009,Kingsmead,Durban,T20,Indian Premier League,Delhi Daredevils,bat,Delhi Daredevils,9 runs,AB de Villiers,,,,Delhi Daredevils,Chennai Super Kings,189,5,180.0,9.0,Delhi Daredevils,Chennai Super Kings,Batting First,True
392190,2009-04-23,2009,2009,Newlands,Cape Town,T20,Indian Premier League,Kolkata Knight Riders,field,Unknown,,YK Pathan,tie,,Rajasthan Royals,Rajasthan Royals,Kolkata Knight Riders,150,6,150.0,8.0,Rajasthan Royals,Kolkata Knight Riders,Tie / No Result,False
392191,2009-04-24,2009,2009,Kingsmead,Durban,T20,Indian Premier League,Royal Challengers Bangalore,bat,Kings XI Punjab,7 wickets,RS Bopara,,,,Royal Challengers Bangalore,Kings XI Punjab,168,9,173.0,3.0,Royal Challengers Bangalore,Kings XI Punjab,Chasing,False
392192,2009-04-25,2009,2009,Kingsmead,Durban,T20,Indian Premier League,Deccan Chargers,bat,Deccan Chargers,12 runs,PP Ojha,,,,Deccan Chargers,Mumbai Indians,168,9,156.0,7.0,Deccan Chargers,Mumbai Indians,Batting First,True
392194,2009-04-26,2009,2009,St George's Park,Port Elizabeth,T20,Indian Premier League,Royal Challengers Bangalore,bat,Delhi Daredevils,6 wickets,TM Dilshan,,,,Royal Challengers Bangalore,Delhi Daredevils,149,7,150.0,4.0,Royal Challengers Bangalore,Delhi Daredevils,Chasing,False
392195,2009-04-26,2009,2009,Newlands,Cape Town,T20,Indian Premier League,Kings XI Punjab,bat,Kings XI Punjab,27 runs,KC Sangakkara,,,,Kings XI Punjab,Rajasthan Royals,139,6,112.0,7.0,Kings XI Punjab,Rajasthan Royals,Batting First,True
392196,2009-04-27,2009,2009,Kingsmead,Durban,T20,Indian Premier League,Deccan Chargers,field,Deccan Chargers,6 wickets,HH Gibbs,,,,Chennai Super Kings,Deccan Chargers,165,6,169.0,4.0,Chennai Super Kings,Deccan Chargers,Chasing,True
392197,2009-04-27,2009,2009,St George's Park,Port Elizabeth,T20,Indian Premier League,Mumbai Indians,bat,Mumbai Indians,92 runs,SR Tendulkar,,,,Mumbai Indians,Kolkata Knight Riders,187,6,95.0,9.0,Mumbai Indians,Kolkata Knight Riders,Batting First,True
392198,2009-04-28,2009,2009,SuperSport Park,Centurion,T20,Indian Premier League,Delhi Daredevils,bat,Rajasthan Royals,5 wickets,YK Pathan,,,,Delhi Daredevils,Rajasthan Royals,143,7,147.0,5.0,Delhi Daredevils,Rajasthan Royals,Chasing,False
392199,2009-04-29,2009,2009,Kingsmead,Durban,T20,Indian Premier League,Kolkata Knight Riders,bat,Royal Challengers Bangalore,5 wickets,MV Boucher,,,,Kolkata Knight Riders,Royal Challengers Bangalore,139,6,143.0,5.0,Kolkata Knight Riders,Royal Challengers Bangalore,Chasing,False
392200,2009-04-29,2009,2009,Kingsmead,Durban,T20,Indian Premier League,Kings XI Punjab,bat,Kings XI Punjab,3 runs,KC Sangakkara,,,,Kings XI Punjab,Mumbai Indians,119,8,116.0,7.0,Kings XI Punjab,Mumbai Indians,Batting First,True
392201,2009-04-30,2009,2009,SuperSport Park,Centurion,T20,Indian Premier League,Delhi Daredevils,field,Delhi Daredevils,6 wickets,DP Nannes,,,,Deccan Chargers,Delhi Daredevils,148,9,150.0,4.0,Deccan Chargers,Delhi Daredevils,Chasing,True
392202,2009-04-30,2009,2009,SuperSport Park,Centurion,T20,Indian Premier League,Rajasthan Royals,field,Chennai Super Kings,38 runs,SK Raina,,,,Chennai Super Kings,Rajasthan Royals,164,5,126.0,9.0,Chennai Super Kings,Rajasthan Royals,Batting First,False
392203,2009-05-01,2009,2009,Buffalo Park,East London,T20,Indian Premier League,Mumbai Indians,bat,Mumbai Indians,9 runs,JP Duminy,,,,Mumbai Indians,Kolkata Knight Riders,148,6,139.0,6.0,Mumbai Indians,Kolkata Knight Riders,Batting First,True
392204,2009-05-01,2009,2009,Kingsmead,Durban,T20,Indian Premier League,Royal Challengers Bangalore,bat,Royal Challengers Bangalore,8 runs,Yuvraj Singh,,,,Royal Challengers Bangalore,Kings XI Punjab,145,9,137.0,7.0,Royal Challengers Bangalore,Kings XI Punjab,Batting First,True
392205,2009-05-02,2009,2009,St George's Park,Port Elizabeth,T20,Indian Premier League,Deccan Chargers,bat,Rajasthan Royals,3 wickets,YK Pathan,,,,Deccan Chargers,Rajasthan Royals,141,5,142.0,7.0,Deccan Chargers,Rajasthan Royals,Chasing,False
392206,2009-05-02,2009,2009,New Wanderers Stadium,Johannesburg,T20,Indian Premier League,Delhi Daredevils,field,Chennai Super Kings,18 runs,SB Jakati,,,,Chennai Super Kings,Delhi Daredevils,163,10,145.0,8.0,Chennai Super Kings,Delhi Daredevils,Batting First,False
392207,2009-05-03,2009,2009,St George's Park,Port Elizabeth,T20,Indian Premier League,Kolkata Knight Riders,bat,Kings XI Punjab,6 wickets,DPMD Jayawardene,,,,Kolkata Knight Riders,Kings XI Punjab,153,3,154.0,4.0,Kolkata Knight Riders,Kings XI Punjab,Chasing,False
392208,2009-05-03,2009,2009,New Wanderers Stadium,Johannesburg,T20,Indian Premier League,Mumbai Indians,bat,Royal Challengers Bangalore,9 wickets,JH Kallis,,,,Mumbai Indians,Royal Challengers Bangalore,149,4,150.0,1.0,Mumbai Indians,Royal Challengers Bangalore,Chasing,False
392209,2009-05-04,2009,2009,Buffalo Park,East London,T20,Indian Premier League,Chennai Super Kings,bat,Chennai Super Kings,78 runs,MS Dhoni,,,,Chennai Super Kings,Deccan Chargers,178,3,100.0,10.0,Chennai Super Kings,Deccan Chargers,Batting First,True
392210,2009-05-05,2009,2009,Kingsmead,Durban,T20,Indian Premier League,Kings XI Punjab,field,Rajasthan Royals,78 runs,GC Smith,,,,Rajasthan Royals,Kings XI Punjab,211,4,133.0,8.0,Rajasthan Royals,Kings XI Punjab,Batting First,False
392211,2009-05-05,2009,2009,Kingsmead,Durban,T20,Indian Premier League,Kolkata Knight Riders,bat,Delhi Daredevils,9 wickets,G Gambhir,,,,Kolkata Knight Riders,Delhi Daredevils,154,3,157.0,1.0,Kolkata Knight Riders,Delhi Daredevils,Chasing,False
392212,2009-05-06,2009,2009,SuperSport Park,Centurion,T20,Indian Premier League,Deccan Chargers,bat,Deccan Chargers,19 runs,RG Sharma,,,,Deccan Chargers,Mumbai Indians,145,6,126.0,8.0,Deccan Chargers,Mumbai Indians,Batting First,True
392213,2009-05-07,2009,2009,SuperSport Park,Centurion,T20,Indian Premier League,Rajasthan Royals,field,Rajasthan Royals,7 wickets,A Singh,,,,Royal Challengers Bangalore,Rajasthan Royals,105,10,107.0,3.0,Royal Challengers Bangalore,Rajasthan Royals,Chasing,True
392214,2009-05-07,2009,2009,SuperSport Park,Centurion,T20,Indian Premier League,Chennai Super Kings,bat,Chennai Super Kings,12 runs,ML Hayden,,D/L,,Chennai Super Kings,Kings XI Punjab,185,3,174.0,3.0,Chennai Super Kings,Kings XI Punjab,Batting First,True
392215,2009-05-08,2009,2009,Buffalo Park,East London,T20,Indian Premier League,Mumbai Indians,bat,Delhi Daredevils,7 wickets,A Nehra,,,,Mumbai Indians,Delhi Daredevils,116,10,118.0,3.0,Mumbai Indians,Delhi Daredevils,Chasing,False
392216,2009-05-09,2009,2009,De Beers Diamond Oval,Kimberley,T20,Indian Premier League,Kings XI Punjab,field,Kings XI Punjab,3 wickets,DPMD Jayawardene,,,,Deccan Chargers,Kings XI Punjab,168,5,169.0,7.0,Deccan Chargers,Kings XI Punjab,Chasing,True
392217,2009-05-09,2009,2009,De Beers Diamond Oval,Kimberley,T20,Indian Premier League,Rajasthan Royals,bat,Chennai Super Kings,7 wickets,S Badrinath,,,,Rajasthan Royals,Chennai Super Kings,140,7,141.0,3.0,Rajasthan Royals,Chennai Super Kings,Chasing,False
392218,2009-05-10,2009,2009,St George's Park,Port Elizabeth,T20,Indian Premier League,Mumbai Indians,bat,Mumbai Indians,16 runs,JP Duminy,,,,Mumbai Indians,Royal Challengers Bangalore,157,2,141.0,7.0,Mumbai Indians,Royal Challengers Bangalore,Batting First,True
392219,2009-05-10,2009,2009,New Wanderers Stadium,Johannesburg,T20,Indian Premier League,Delhi Daredevils,field,Delhi Daredevils,7 wickets,A Mishra,,,,Kolkata Knight Riders,Delhi Daredevils,123,8,125.0,3.0,Kolkata Knight Riders,Delhi Daredevils,Chasing,True
392220,2009-05-11,2009,2009,De Beers Diamond Oval,Kimberley,T20,Indian Premier League,Deccan Chargers,bat,Deccan Chargers,53 runs,DR Smith,,,,Deccan Chargers,Rajasthan Royals,166,7,113.0,10.0,Deccan Chargers,Rajasthan Royals,Batting First,True
392221,2009-05-12,2009,2009,SuperSport Park,Centurion,T20,Indian Premier League,Royal Challengers Bangalore,field,Royal Challengers Bangalore,6 wickets,LRPL Taylor,,,,Kolkata Knight Riders,Royal Challengers Bangalore,173,4,176.0,4.0,Kolkata Knight Riders,Royal Challengers Bangalore,Chasing,True
392222,2009-05-12,2009,2009,SuperSport Park,Centurion,T20,Indian Premier League,Kings XI Punjab,bat,Mumbai Indians,8 wickets,Harbhajan Singh,,,,Kings XI Punjab,Mumbai Indians,119,9,122.0,2.0,Kings XI Punjab,Mumbai Indians,Chasing,False
392223,2009-05-13,2009,2009,Kingsmead,Durban,T20,Indian Premier League,Deccan Chargers,field,Delhi Daredevils,12 runs,R Bhatia,,,,Delhi Daredevils,Deccan Chargers,173,7,161.0,10.0,Delhi Daredevils,Deccan Chargers,Batting First,False
392224,2009-05-14,2009,2009,Kingsmead,Durban,T20,Indian Premier League,Chennai Super Kings,bat,Royal Challengers Bangalore,2 wickets,LRPL Taylor,,,,Chennai Super Kings,Royal Challengers Bangalore,129,10,132.0,8.0,Chennai Super Kings,Royal Challengers Bangalore,Chasing,False
392225,2009-05-14,2009,2009,Kingsmead,Durban,T20,Indian Premier League,Rajasthan Royals,bat,Rajasthan Royals,2 runs,SK Warne,,,,Rajasthan Royals,Mumbai Indians,145,7,143.0,10.0,Rajasthan Royals,Mumbai Indians,Batting First,True
392226,2009-05-15,2009,2009,OUTsurance Oval,Bloemfontein,T20,Indian Premier League,Kings XI Punjab,field,Kings XI Punjab,6 wickets,B Lee,,,,Delhi Daredevils,Kings XI Punjab,120,9,123.0,4.0,Delhi Daredevils,Kings XI Punjab,Chasing,True
392227,2009-05-16,2009,2009,St George's Park,Port Elizabeth,T20,Indian Premier League,Mumbai Indians,bat,Chennai Super Kings,7 wickets,ML Hayden,,,,Mumbai Indians,Chennai Super Kings,147,5,151.0,3.0,Mumbai Indians,Chennai Super Kings,Chasing,False
392228,2009-05-16,2009,2009,New Wanderers Stadium,Johannesburg,T20,Indian Premier League,Deccan Chargers,field,Deccan Chargers,6 wickets,RG Sharma,,,,Kolkata Knight Riders,Deccan Chargers,160,5,166.0,4.0,Kolkata Knight Riders,Deccan Chargers,Chasing,True
392229,2009-05-17,2009,2009,New Wanderers Stadium,Johannesburg,T20,Indian Premier League,Deccan Chargers,field,Kings XI Punjab,1 runs,Yuvraj Singh,,,,Kings XI Punjab,Deccan Chargers,134,7,133.0,8.0,Kings XI Punjab,Deccan Chargers,Batting First,False
392230,2009-05-17,2009,2009,OUTsurance Oval,Bloemfontein,T20,Indian Premier League,Delhi Daredevils,bat,Delhi Daredevils,14 runs,AB de Villiers,,,,Delhi Daredevils,Rajasthan Royals,150,3,136.0,9.0,Delhi Daredevils,Rajasthan Royals,Batting First,True
392231,2009-05-18,2009,2009,SuperSport Park,Centurion,T20,Indian Premier League,Chennai Super Kings,bat,Kolkata Knight Riders,7 wickets,BJ Hodge,,,,Chennai Super Kings,Kolkata Knight Riders,188,3,189.0,3.0,Chennai Super Kings,Kolkata Knight Riders,Chasing,False
392232,2009-05-19,2009,2009,New Wanderers Stadium,Johannesburg,T20,Indian Premier League,Delhi Daredevils,bat,Royal Challengers Bangalore,7 wickets,JH Kallis,,,,Delhi Daredevils,Royal Challengers Bangalore,134,7,135.0,3.0,Delhi Daredevils,Royal Challengers Bangalore,Chasing,False
392233,2009-05-20,2009,2009,Kingsmead,Durban,T20,Indian Premier League,Kolkata Knight Riders,field,Kolkata Knight Riders,4 wickets,LR Shukla,,,,Rajasthan Royals,Kolkata Knight Riders,101,9,102.0,6.0,Rajasthan Royals,Kolkata Knight Riders,Chasing,True
392234,2009-05-20,2009,2009,Kingsmead,Durban,T20,Indian Premier League,Chennai Super Kings,bat,Chennai Super Kings,24 runs,M Muralitharan,,,,Chennai Super Kings,Kings XI Punjab,116,9,92.0,8.0,Chennai Super Kings,Kings XI Punjab,Batting First,True
392235,2009-05-21,2009,2009,SuperSport Park,Centurion,T20,Indian Premier League,Delhi Daredevils,field,Delhi Daredevils,4 wickets,V Sehwag,,,,Mumbai Indians,Delhi Daredevils,165,8,166.0,6.0,Mumbai Indians,Delhi Daredevils,Chasing,True
392236,2009-05-21,2009,2009,SuperSport Park,Centurion,T20,Indian Premier League,Royal Challengers Bangalore,bat,Royal Challengers Bangalore,12 runs,MK Pandey,,,,Royal Challengers Bangalore,Deccan Chargers,170,4,158.0,6.0,Royal Challengers Bangalore,Deccan Chargers,Batting First,True
392237,2009-05-22,2009,2009,SuperSport Park,Centurion,T20,Indian Premier League,Deccan Chargers,field,Deccan Chargers,6 wickets,AC Gilchrist,,,,Delhi Daredevils,Deccan Chargers,153,8,154.0,4.0,Delhi Daredevils,Deccan Chargers,Chasing,True
392238,2009-05-23,2009,2009,New Wanderers Stadium,Johannesburg,T20,Indian Premier League,Royal Challengers Bangalore,field,Royal Challengers Bangalore,6 wickets,MK Pandey,,,,Chennai Super Kings,Royal Challengers Bangalore,146,5,149.0,4.0,Chennai Super Kings,Royal Challengers Bangalore,Chasing,True
392239,2009-05-24,2009,2009,New Wanderers Stadium,Johannesburg,T20,Indian Premier League,Royal Challengers Bangalore,field,Deccan Chargers,6 runs,A Kumble,,,,Deccan Chargers,Royal Challengers Bangalore,143,6,137.0,9.0,Deccan Chargers,Royal Challengers Bangalore,Batting First,False
419106,2010-03-12,2010,2010,Dr DY Patil Sports Academy,Mumbai,T20,Indian Premier League,Deccan Chargers,field,Kolkata Knight Riders,11 runs,AD Mathews,,,,Kolkata Knight Riders,Deccan Chargers,161,4,150.0,7.0,Kolkata Knight Riders,Deccan Chargers,Batting First,False
419107,2010-03-13,2010,2010,Brabourne Stadium,Mumbai,T20,Indian Premier League,Mumbai Indians,bat,Mumbai Indians,4 runs,YK Pathan,,,,Mumbai Indians,Rajasthan Royals,212,7,208.0,7.0,Mumbai Indians,Rajasthan Royals,Batting First,True
419108,2010-03-13,2010,2010,"Punjab Cricket Association Stadium, Mohali",Chandigarh,T20,Indian Premier League,Delhi Daredevils,field,Delhi Daredevils,5 wickets,G Gambhir,,,,Kings XI Punjab,Delhi Daredevils,142,9,146.0,5.0,Kings XI Punjab,Delhi Daredevils,Chasing,True
419109,2010-03-14,2010,2010,Eden Gardens,Kolkata,T20,Indian Premier League,Kolkata Knight Riders,field,Kolkata Knight Riders,7 wickets,MK Tiwary,,,,Royal Challengers Bangalore,Kolkata Knight Riders,135,7,136.0,3.0,Royal Challengers Bangalore,Kolkata Knight Riders,Chasing,True
419110,2010-03-14,2010,2010,"MA Chidambaram Stadium, Chepauk",Chennai,T20,Indian Premier League,Deccan Chargers,bat,Deccan Chargers,31 runs,WPUJC Vaas,,,,Deccan Chargers,Chennai Super Kings,190,4,159.0,9.0,Deccan Chargers,Chennai Super Kings,Batting First,True
419111,2010-03-15,2010,2010,"Sardar Patel Stadium, Motera",Ahmedabad,T20,Indian Premier League,Delhi Daredevils,field,Delhi Daredevils,6 wickets,V Sehwag,,,,Rajasthan Royals,Delhi Daredevils,141,6,142.0,4.0,Rajasthan Royals,Delhi Daredevils,Chasing,True
419112,2010-03-16,2010,2010,M Chinnaswamy Stadium,Bangalore,T20,Indian Premier League,Kings XI Punjab,bat,Royal Challengers Bangalore,8 wickets,JH Kallis,,,,Kings XI Punjab,Royal Challengers Bangalore,203,3,204.0,2.0,Kings XI Punjab,Royal Challengers Bangalore,Chasing,False
419113,2010-03-16,2010,2010,Eden Gardens,Kolkata,T20,Indian Premier League,Chennai Super Kings,bat,Chennai Super Kings,55 runs,MS Dhoni,,,,Chennai Super Kings,Kolkata Knight Riders,164,3,109.0,10.0,Chennai Super Kings,Kolkata Knight Riders,Batting First,True
419114,2010-03-17,2010,2010,Feroz Shah Kotla,Delhi,T20,Indian Premier League,Delhi Daredevils,field,Mumbai Indians,98 runs,SR Tendulkar,,,,Mumbai Indians,Delhi Daredevils,218,7,120.0,9.0,Mumbai Indians,Delhi Daredevils,Batting First,False
419115,2010-03-18,2010,2010,M Chinnaswamy Stadium,Bangalore,T20,Indian Premier League,Royal Challengers Bangalore,field,Royal Challengers Bangalore,10 wickets,JH Kallis,,,,Rajasthan Royals,Royal Challengers Bangalore,92,10,93.0,0.0,Rajasthan Royals,Royal Challengers Bangalore,Chasing,True
419116,2010-03-19,2010,2010,Feroz Shah Kotla,Delhi,T20,Indian Premier League,Delhi Daredevils,bat,Chennai Super Kings,5 wickets,ML Hayden,,,,Delhi Daredevils,Chennai Super Kings,185,6,190.0,5.0,Delhi Daredevils,Chennai Super Kings,Chasing,False
419117,2010-03-19,2010,2010,Barabati Stadium,Cuttack,T20,Indian Premier League,Kings XI Punjab,field,Deccan Chargers,6 runs,A Symonds,,,,Deccan Chargers,Kings XI Punjab,170,8,164.0,8.0,Deccan Chargers,Kings XI Punjab,Batting First,False
419118,2010-03-20,2010,2010,"Sardar Patel Stadium, Motera",Ahmedabad,T20,Indian Premier League,Rajasthan Royals,bat,Rajasthan Royals,34 runs,AA Jhunjhunwala,,,,Rajasthan Royals,Kolkata Knight Riders,168,7,134.0,5.0,Rajasthan Royals,Kolkata Knight Riders,Batting First,True
419119,2010-03-20,2010,2010,Brabourne Stadium,Mumbai,T20,Indian Premier League,Mumbai Indians,bat,Royal Challengers Bangalore,7 wickets,JH Kallis,,,,Mumbai Indians,Royal Challengers Bangalore,151,9,155.0,3.0,Mumbai Indians,Royal Challengers Bangalore,Chasing,False
419120,2010-03-21,2010,2010,Barabati Stadium,Cuttack,T20,Indian Premier League,Deccan Chargers,bat,Deccan Chargers,10 runs,A Symonds,,,,Deccan Chargers,Delhi Daredevils,171,6,161.0,9.0,Deccan Chargers,Delhi Daredevils,Batting First,True
419121,2010-03-21,2010,2010,"MA Chidambaram Stadium, Chepauk",Chennai,T20,Indian Premier League,Chennai Super Kings,field,Unknown,,J Theron,tie,,Kings XI Punjab,Kings XI Punjab,Chennai Super Kings,136,8,136.0,7.0,Kings XI Punjab,Chennai Super Kings,Tie / No Result,False
419122,2010-03-22,2010,2010,Brabourne Stadium,Mumbai,T20,Indian Premier League,Kolkata Knight Riders,bat,Mumbai Indians,7 wickets,SR Tendulkar,,,,Kolkata Knight Riders,Mumbai Indians,155,3,156.0,3.0,Kolkata Knight Riders,Mumbai Indians,Chasing,False
419123,2010-03-23,2010,2010,M Chinnaswamy Stadium,Bangalore,T20,Indian Premier League,Chennai Super Kings,field,Royal Challengers Bangalore,36 runs,RV Uthappa,,,,Royal Challengers Bangalore,Chennai Super Kings,171,5,135.0,7.0,Royal Challengers Bangalore,Chennai Super Kings,Batting First,False
419124,2010-03-24,2010,2010,"Punjab Cricket Association Stadium, Mohali",Chandigarh,T20,Indian Premier League,Kings XI Punjab,field,Rajasthan Royals,31 runs,AC Voges,,,,Rajasthan Royals,Kings XI Punjab,183,5,152.0,10.0,Rajasthan Royals,Kings XI Punjab,Batting First,False
419125,2010-03-25,2010,2010,"Brabourne Stadium, Mumbai",Mumbai,T20,Indian Premier League,Mumbai Indians,field,Mumbai Indians,5 wickets,SR Tendulkar,,,,Chennai Super Kings,Mumbai Indians,180,2,181.0,5.0,Chennai Super Kings,Mumbai Indians,Chasing,True
419128,2010-03-25,2010,2010,M Chinnaswamy Stadium,Bangalore,T20,Indian Premier League,Royal Challengers Bangalore,field,Delhi Daredevils,17 runs,KM Jadhav,,,,Delhi Daredevils,Royal Challengers Bangalore,183,4,166.0,9.0,Delhi Daredevils,Royal Challengers Bangalore,Batting First,False
419126,2010-03-26,2010,2010,"Sardar Patel Stadium, Motera",Ahmedabad,T20,Indian Premier League,Deccan Chargers,bat,Rajasthan Royals,8 wickets,YK Pathan,,,,Deccan Chargers,Rajasthan Royals,148,9,151.0,2.0,Deccan Chargers,Rajasthan Royals,Chasing,False
419127,2010-03-27,2010,2010,"Punjab Cricket Association Stadium, Mohali",Chandigarh,T20,Indian Premier League,Kolkata Knight Riders,bat,Kolkata Knight Riders,39 runs,MK Tiwary,,,,Kolkata Knight Riders,Kings XI Punjab,183,5,144.0,6.0,Kolkata Knight Riders,Kings XI Punjab,Batting First,True
419129,2010-03-28,2010,2010,"Sardar Patel Stadium, Motera",Ahmedabad,T20,Indian Premier League,Rajasthan Royals,bat,Rajasthan Royals,17 runs,NV Ojha,,,,Rajasthan Royals,Chennai Super Kings,177,8,160.0,6.0,Rajasthan Royals,Chennai Super Kings,Batting First,True
419130,2010-03-28,2010,2010,Dr DY Patil Sports Academy,Mumbai,T20,Indian Premier League,Deccan Chargers,field,Mumbai Indians,41 runs,Harbhajan Singh,,,,Mumbai Indians,Deccan Chargers,172,7,131.0,10.0,Mumbai Indians,Deccan Chargers,Batting First,False
419131,2010-03-29,2010,2010,Feroz Shah Kotla,Delhi,T20,Indian Premier League,Delhi Daredevils,bat,Delhi Daredevils,40 runs,DA Warner,,,,Delhi Daredevils,Kolkata Knight Riders,177,4,137.0,9.0,Delhi Daredevils,Kolkata Knight Riders,Batting First,True
419132,2010-03-30,2010,2010,Brabourne Stadium,Mumbai,T20,Indian Premier League,Mumbai Indians,field,Mumbai Indians,4 wickets,SL Malinga,,,,Kings XI Punjab,Mumbai Indians,163,10,164.0,6.0,Kings XI Punjab,Mumbai Indians,Chasing,True
419133,2010-03-31,2010,2010,"MA Chidambaram Stadium, Chepauk",Chennai,T20,Indian Premier League,Royal Challengers Bangalore,bat,Chennai Super Kings,5 wickets,M Vijay,,,,Royal Challengers Bangalore,Chennai Super Kings,161,4,162.0,5.0,Royal Challengers Bangalore,Chennai Super Kings,Chasing,False
419134,2010-03-31,2010,2010,Feroz Shah Kotla,Delhi,T20,Indian Premier League,Delhi Daredevils,bat,Delhi Daredevils,67 runs,KD Karthik,,,,Delhi Daredevils,Rajasthan Royals,188,6,121.0,10.0,Delhi Daredevils,Rajasthan Royals,Batting First,True
419135,2010-04-01,2010,2010,Eden Gardens,Kolkata,T20,Indian Premier League,Kolkata Knight Riders,bat,Kolkata Knight Riders,24 runs,SC Ganguly,,,,Kolkata Knight Riders,Deccan Chargers,181,6,157.0,5.0,Kolkata Knight Riders,Deccan Chargers,Batting First,True
419136,2010-04-02,2010,2010,"Punjab Cricket Association Stadium, Mohali",Chandigarh,T20,Indian Premier League,Kings XI Punjab,bat,Royal Challengers Bangalore,6 wickets,KP Pietersen,,,,Kings XI Punjab,Royal Challengers Bangalore,181,5,184.0,4.0,Kings XI Punjab,Royal Challengers Bangalore,Chasing,False
419137,2010-04-03,2010,2010,"MA Chidambaram Stadium, Chepauk",Chennai,T20,Indian Premier League,Chennai Super Kings,bat,Chennai Super Kings,23 runs,M Vijay,,,,Chennai Super Kings,Rajasthan Royals,246,5,223.0,5.0,Chennai Super Kings,Rajasthan Royals,Batting First,True
419138,2010-04-03,2010,2010,Brabourne Stadium,Mumbai,T20,Indian Premier League,Mumbai Indians,bat,Mumbai Indians,63 runs,AT Rayudu,,,,Mumbai Indians,Deccan Chargers,178,5,115.0,10.0,Mumbai Indians,Deccan Chargers,Batting First,True
419139,2010-04-04,2010,2010,Eden Gardens,Kolkata,T20,Indian Premier League,Kolkata Knight Riders,bat,Kings XI Punjab,8 wickets,DPMD Jayawardene,,,,Kolkata Knight Riders,Kings XI Punjab,200,3,204.0,2.0,Kolkata Knight Riders,Kings XI Punjab,Chasing,False
419140,2010-04-04,2010,2010,Feroz Shah Kotla,Delhi,T20,Indian Premier League,Delhi Daredevils,bat,Delhi Daredevils,37 runs,PD Collingwood,,,,Delhi Daredevils,Royal Challengers Bangalore,184,5,147.0,9.0,Delhi Daredevils,Royal Challengers Bangalore,Batting First,True
419141,2010-04-05,2010,2010,"Vidarbha Cricket Association Stadium, Jamtha",Nagpur,T20,Indian Premier League,Rajasthan Royals,bat,Rajasthan Royals,2 runs,SK Warne,,,,Rajasthan Royals,Deccan Chargers,159,10,157.0,10.0,Rajasthan Royals,Deccan Chargers,Batting First,True
419142,2010-04-06,2010,2010,"MA Chidambaram Stadium, Chepauk",Chennai,T20,Indian Premier League,Chennai Super Kings,bat,Chennai Super Kings,24 runs,SK Raina,,,,Chennai Super Kings,Mumbai Indians,165,4,141.0,9.0,Chennai Super Kings,Mumbai Indians,Batting First,True
419143,2010-04-07,2010,2010,Sawai Mansingh Stadium,Jaipur,T20,Indian Premier League,Kings XI Punjab,bat,Rajasthan Royals,9 wickets,MJ Lumb,,,,Kings XI Punjab,Rajasthan Royals,153,6,157.0,1.0,Kings XI Punjab,Rajasthan Royals,Chasing,False
419144,2010-04-07,2010,2010,Eden Gardens,Kolkata,T20,Indian Premier League,Kolkata Knight Riders,bat,Kolkata Knight Riders,14 runs,SC Ganguly,,,,Kolkata Knight Riders,Delhi Daredevils,181,3,167.0,8.0,Kolkata Knight Riders,Delhi Daredevils,Batting First,True
419145,2010-04-08,2010,2010,M Chinnaswamy Stadium,Bangalore,T20,Indian Premier League,Deccan Chargers,field,Deccan Chargers,7 wickets,TL Suman,,,,Royal Challengers Bangalore,Deccan Chargers,184,6,186.0,3.0,Royal Challengers Bangalore,Deccan Chargers,Chasing,True
419146,2010-04-09,2010,2010,"Punjab Cricket Association Stadium, Mohali",Chandigarh,T20,Indian Premier League,Mumbai Indians,bat,Kings XI Punjab,6 wickets,KC Sangakkara,,,,Mumbai Indians,Kings XI Punjab,154,9,158.0,4.0,Mumbai Indians,Kings XI Punjab,Chasing,False
419147,2010-04-10,2010,2010,"Vidarbha Cricket Association Stadium, Jamtha",Nagpur,T20,Indian Premier League,Chennai Super Kings,bat,Deccan Chargers,6 wickets,RJ Harris,,,,Chennai Super Kings,Deccan Chargers,138,8,139.0,4.0,Chennai Super Kings,Deccan Chargers,Chasing,False
419148,2010-04-10,2010,2010,M Chinnaswamy Stadium,Bangalore,T20,Indian Premier League,Royal Challengers Bangalore,field,Royal Challengers Bangalore,7 wickets,R Vinay Kumar,,,,Kolkata Knight Riders,Royal Challengers Bangalore,160,9,162.0,3.0,Kolkata Knight Riders,Royal Challengers Bangalore,Chasing,True
419149,2010-04-11,2010,2010,Feroz Shah Kotla,Delhi,T20,Indian Premier League,Delhi Daredevils,bat,Kings XI Punjab,7 wickets,PP Chawla,,,,Delhi Daredevils,Kings XI Punjab,111,10,112.0,3.0,Delhi Daredevils,Kings XI Punjab,Chasing,False
419150,2010-04-11,2010,2010,Sawai Mansingh Stadium,Jaipur,T20,Indian Premier League,Rajasthan Royals,field,Mumbai Indians,37 runs,SR Tendulkar,,,,Mumbai Indians,Rajasthan Royals,174,5,137.0,8.0,Mumbai Indians,Rajasthan Royals,Batting First,False
419151,2010-04-12,2010,2010,"Vidarbha Cricket Association Stadium, Jamtha",Nagpur,T20,Indian Premier League,Royal Challengers Bangalore,field,Deccan Chargers,13 runs,Harmeet Singh,,,,Deccan Chargers,Royal Challengers Bangalore,151,6,138.0,10.0,Deccan Chargers,Royal Challengers Bangalore,Batting First,False
419152,2010-04-13,2010,2010,Brabourne Stadium,Mumbai,T20,Indian Premier League,Mumbai Indians,bat,Mumbai Indians,39 runs,KA Pollard,,,,Mumbai Indians,Delhi Daredevils,183,4,144.0,7.0,Mumbai Indians,Delhi Daredevils,Batting First,True
419153,2010-04-13,2010,2010,"MA Chidambaram Stadium, Chepauk",Chennai,T20,Indian Premier League,Kolkata Knight Riders,bat,Chennai Super Kings,9 wickets,R Ashwin,,,,Kolkata Knight Riders,Chennai Super Kings,139,8,143.0,1.0,Kolkata Knight Riders,Chennai Super Kings,Chasing,False
419154,2010-04-14,2010,2010,Sawai Mansingh Stadium,Jaipur,T20,Indian Premier League,Rajasthan Royals,bat,Royal Challengers Bangalore,5 wickets,KP Pietersen,,,,Rajasthan Royals,Royal Challengers Bangalore,130,6,132.0,5.0,Rajasthan Royals,Royal Challengers Bangalore,Chasing,False
419155,2010-04-15,2010,2010,"MA Chidambaram Stadium, Chepauk",Chennai,T20,Indian Premier League,Chennai Super Kings,bat,Delhi Daredevils,6 wickets,G Gambhir,,,,Chennai Super Kings,Delhi Daredevils,112,9,113.0,4.0,Chennai Super Kings,Delhi Daredevils,Chasing,False
419156,2010-04-16,2010,2010,Himachal Pradesh Cricket Association Stadium,Dharamsala,T20,Indian Premier League,Deccan Chargers,field,Deccan Chargers,5 wickets,RG Sharma,,,,Kings XI Punjab,Deccan Chargers,174,3,178.0,5.0,Kings XI Punjab,Deccan Chargers,Chasing,True
419157,2010-04-17,2010,2010,M Chinnaswamy Stadium,Bangalore,T20,Indian Premier League,Royal Challengers Bangalore,field,Mumbai Indians,57 runs,R McLaren,,,,Mumbai Indians,Royal Challengers Bangalore,191,4,134.0,9.0,Mumbai Indians,Royal Challengers Bangalore,Batting First,False
419158,2010-04-17,2010,2010,Eden Gardens,Kolkata,T20,Indian Premier League,Rajasthan Royals,bat,Kolkata Knight Riders,8 wickets,JD Unadkat,,,,Rajasthan Royals,Kolkata Knight Riders,132,9,133.0,2.0,Rajasthan Royals,Kolkata Knight Riders,Chasing,False
419159,2010-04-18,2010,2010,Himachal Pradesh Cricket Association Stadium,Dharamsala,T20,Indian Premier League,Chennai Super Kings,field,Chennai Super Kings,6 wickets,MS Dhoni,,,,Kings XI Punjab,Chennai Super Kings,192,3,195.0,4.0,Kings XI Punjab,Chennai Super Kings,Chasing,True
419160,2010-04-18,2010,2010,Feroz Shah Kotla,Delhi,T20,Indian Premier League,Deccan Chargers,bat,Deccan Chargers,11 runs,A Symonds,,,,Deccan Chargers,Delhi Daredevils,145,7,134.0,7.0,Deccan Chargers,Delhi Daredevils,Batting First,True
419161,2010-04-19,2010,2010,Eden Gardens,Kolkata,T20,Indian Premier League,Mumbai Indians,bat,Kolkata Knight Riders,9 wickets,M Kartik,,,,Mumbai Indians,Kolkata Knight Riders,133,8,135.0,1.0,Mumbai Indians,Kolkata Knight Riders,Chasing,False
419162,2010-04-21,2010,2010,Dr DY Patil Sports Academy,Mumbai,T20,Indian Premier League,Mumbai Indians,bat,Mumbai Indians,35 runs,KA Pollard,,,,Mumbai Indians,Royal Challengers Bangalore,184,5,149.0,9.0,Mumbai Indians,Royal Challengers Bangalore,Batting First,True
419163,2010-04-22,2010,2010,Dr DY Patil Sports Academy,Mumbai,T20,Indian Premier League,Chennai Super Kings,bat,Chennai Super Kings,38 runs,DE Bollinger,,,,Chennai Super Kings,Deccan Chargers,142,7,104.0,10.0,Chennai Super Kings,Deccan Chargers,Batting First,True
419164,2010-04-24,2010,2010,Dr DY Patil Sports Academy,Mumbai,T20,Indian Premier League,Deccan Chargers,bat,Royal Challengers Bangalore,9 wickets,A Kumble,,,,Deccan Chargers,Royal Challengers Bangalore,82,10,86.0,1.0,Deccan Chargers,Royal Challengers Bangalore,Chasing,False
419165,2010-04-25,2010,2010,Dr DY Patil Sports Academy,Mumbai,T20,Indian Premier League,Chennai Super Kings,bat,Chennai Super Kings,22 runs,SK Raina,,,,Chennai Super Kings,Mumbai Indians,168,5,146.0,9.0,Chennai Super Kings,Mumbai Indians,Batting First,True
501198,2011-04-08,2011,2011,"MA Chidambaram Stadium, Chepauk",Chennai,T20,Indian Premier League,Chennai Super Kings,bat,Chennai Super Kings,2 runs,S Anirudha,,,,Chennai Super Kings,Kolkata Knight Riders,153,4,151.0,7.0,Chennai Super Kings,Kolkata Knight Riders,Batting First,True
501199,2011-04-09,2011,2011,"Rajiv Gandhi International Stadium, Uppal",Hyderabad,T20,Indian Premier League,Rajasthan Royals,field,Rajasthan Royals,8 wickets,SK Trivedi,,,,Deccan Chargers,Rajasthan Royals,137,8,141.0,2.0,Deccan Chargers,Rajasthan Royals,Chasing,True
501200,2011-04-09,2011,2011,Nehru Stadium,Kochi,T20,Indian Premier League,Kochi Tuskers Kerala,bat,Royal Challengers Bangalore,6 wickets,AB de Villiers,,,,Kochi Tuskers Kerala,Royal Challengers Bangalore,161,5,162.0,4.0,Kochi Tuskers Kerala,Royal Challengers Bangalore,Chasing,False
501201,2011-04-10,2011,2011,Feroz Shah Kotla,Delhi,T20,Indian Premier League,Delhi Daredevils,bat,Mumbai Indians,8 wickets,SL Malinga,,,,Delhi Daredevils,Mumbai Indians,95,10,99.0,2.0,Delhi Daredevils,Mumbai Indians,Chasing,False
501202,2011-04-10,2011,2011,Dr DY Patil Sports Academy,Mumbai,T20,Indian Premier League,Kings XI Punjab,bat,Pune Warriors,7 wickets,SB Wagh,,,,Kings XI Punjab,Pune Warriors,112,8,113.0,3.0,Kings XI Punjab,Pune Warriors,Chasing,False
501203,2011-04-11,2011,2011,Eden Gardens,Kolkata,T20,Indian Premier League,Kolkata Knight Riders,bat,Kolkata Knight Riders,9 runs,JH Kallis,,,,Kolkata Knight Riders,Deccan Chargers,163,4,154.0,8.0,Kolkata Knight Riders,Deccan Chargers,Batting First,True
501204,2011-04-12,2011,2011,Sawai Mansingh Stadium,Jaipur,T20,Indian Premier League,Delhi Daredevils,bat,Rajasthan Royals,6 wickets,SK Warne,,,,Delhi Daredevils,Rajasthan Royals,151,6,152.0,4.0,Delhi Daredevils,Rajasthan Royals,Chasing,False
501205,2011-04-12,2011,2011,M Chinnaswamy Stadium,Bangalore,T20,Indian Premier League,Mumbai Indians,field,Mumbai Indians,9 wickets,SR Tendulkar,,,,Royal Challengers Bangalore,Mumbai Indians,140,4,143.0,1.0,Royal Challengers Bangalore,Mumbai Indians,Chasing,True
501206,2011-04-13,2011,2011,"Punjab Cricket Association Stadium, Mohali",Chandigarh,T20,Indian Premier League,Kings XI Punjab,field,Kings XI Punjab,6 wickets,PC Valthaty,,,,Chennai Super Kings,Kings XI Punjab,188,4,193.0,4.0,Chennai Super Kings,Kings XI Punjab,Chasing,True
501207,2011-04-13,2011,2011,Dr DY Patil Sports Academy,Mumbai,T20,Indian Premier League,Kochi Tuskers Kerala,bat,Pune Warriors,4 wickets,MD Mishra,,,,Kochi Tuskers Kerala,Pune Warriors,148,8,151.0,6.0,Kochi Tuskers Kerala,Pune Warriors,Chasing,False
501208,2011-04-14,2011,2011,"Rajiv Gandhi International Stadium, Uppal",Hyderabad,T20,Indian Premier League,Royal Challengers Bangalore,field,Deccan Chargers,33 runs,DW Steyn,,,,Deccan Chargers,Royal Challengers Bangalore,175,5,142.0,9.0,Deccan Chargers,Royal Challengers Bangalore,Batting First,False
501209,2011-04-15,2011,2011,Sawai Mansingh Stadium,Jaipur,T20,Indian Premier League,Kolkata Knight Riders,field,Kolkata Knight Riders,9 wickets,G Gambhir,,,,Rajasthan Royals,Kolkata Knight Riders,159,4,160.0,1.0,Rajasthan Royals,Kolkata Knight Riders,Chasing,True
501210,2011-04-15,2011,2011,Wankhede Stadium,Mumbai,T20,Indian Premier League,Kochi Tuskers Kerala,field,Kochi Tuskers Kerala,8 wickets,BB McCullum,,,,Mumbai Indians,Kochi Tuskers Kerala,182,2,184.0,2.0,Mumbai Indians,Kochi Tuskers Kerala,Chasing,True
501211,2011-04-16,2011,2011,"MA Chidambaram Stadium, Chepauk",Chennai,T20,Indian Premier League,Chennai Super Kings,bat,Chennai Super Kings,21 runs,MEK Hussey,,,,Chennai Super Kings,Royal Challengers Bangalore,183,5,162.0,7.0,Chennai Super Kings,Royal Challengers Bangalore,Batting First,True
501212,2011-04-16,2011,2011,"Rajiv Gandhi International Stadium, Uppal",Hyderabad,T20,Indian Premier League,Kings XI Punjab,field,Kings XI Punjab,8 wickets,PC Valthaty,,,,Deccan Chargers,Kings XI Punjab,165,8,166.0,2.0,Deccan Chargers,Kings XI Punjab,Chasing,True
501213,2011-04-17,2011,2011,Dr DY Patil Sports Academy,Mumbai,T20,Indian Premier League,Delhi Daredevils,field,Delhi Daredevils,3 wickets,Yuvraj Singh,,,,Pune Warriors,Delhi Daredevils,187,5,190.0,7.0,Pune Warriors,Delhi Daredevils,Chasing,True
501214,2011-04-17,2011,2011,Eden Gardens,Kolkata,T20,Indian Premier League,Kolkata Knight Riders,field,Kolkata Knight Riders,8 wickets,L Balaji,,,,Rajasthan Royals,Kolkata Knight Riders,81,10,85.0,2.0,Rajasthan Royals,Kolkata Knight Riders,Chasing,True
501215,2011-04-18,2011,2011,Nehru Stadium,Kochi,T20,Indian Premier League,Kochi Tuskers Kerala,field,Kochi Tuskers Kerala,7 wickets,BB McCullum,,D/L,,Chennai Super Kings,Kochi Tuskers Kerala,131,4,135.0,3.0,Chennai Super Kings,Kochi Tuskers Kerala,Chasing,True
501216,2011-04-19,2011,2011,Feroz Shah Kotla,Delhi,T20,Indian Premier League,Deccan Chargers,bat,Deccan Chargers,16 runs,S Sohal,,,,Deccan Chargers,Delhi Daredevils,168,4,152.0,7.0,Deccan Chargers,Delhi Daredevils,Batting First,True
501218,2011-04-20,2011,2011,Wankhede Stadium,Mumbai,T20,Indian Premier League,Pune Warriors,bat,Mumbai Indians,7 wickets,MM Patel,,,,Pune Warriors,Mumbai Indians,118,10,124.0,3.0,Pune Warriors,Mumbai Indians,Chasing,False
501219,2011-04-20,2011,2011,Eden Gardens,Kolkata,T20,Indian Premier League,Kolkata Knight Riders,field,Kochi Tuskers Kerala,6 runs,DPMD Jayawardene,,,,Kochi Tuskers Kerala,Kolkata Knight Riders,132,7,126.0,9.0,Kochi Tuskers Kerala,Kolkata Knight Riders,Batting First,False
501220,2011-04-21,2011,2011,"Punjab Cricket Association Stadium, Mohali",Chandigarh,T20,Indian Premier League,Rajasthan Royals,field,Kings XI Punjab,48 runs,SE Marsh,,,,Kings XI Punjab,Rajasthan Royals,195,7,147.0,7.0,Kings XI Punjab,Rajasthan Royals,Batting First,False
501221,2011-04-22,2011,2011,Wankhede Stadium,Mumbai,T20,Indian Premier League,Chennai Super Kings,field,Mumbai Indians,8 runs,Harbhajan Singh,,,,Mumbai Indians,Chennai Super Kings,164,4,156.0,9.0,Mumbai Indians,Chennai Super Kings,Batting First,False
501222,2011-04-22,2011,2011,Eden Gardens,Kolkata,T20,Indian Premier League,Royal Challengers Bangalore,field,Royal Challengers Bangalore,9 wickets,CH Gayle,,,,Kolkata Knight Riders,Royal Challengers Bangalore,171,5,175.0,1.0,Kolkata Knight Riders,Royal Challengers Bangalore,Chasing,True
501223,2011-04-23,2011,2011,Feroz Shah Kotla,Delhi,T20,Indian Premier League,Kings XI Punjab,field,Delhi Daredevils,29 runs,DA Warner,,,,Delhi Daredevils,Kings XI Punjab,231,4,202.0,6.0,Delhi Daredevils,Kings XI Punjab,Batting First,False
501224,2011-04-24,2011,2011,"Rajiv Gandhi International Stadium, Uppal",Hyderabad,T20,Indian Premier League,Deccan Chargers,field,Mumbai Indians,37 runs,SL Malinga,,,,Mumbai Indians,Deccan Chargers,172,4,135.0,8.0,Mumbai Indians,Deccan Chargers,Batting First,False
501225,2011-04-24,2011,2011,Sawai Mansingh Stadium,Jaipur,T20,Indian Premier League,Rajasthan Royals,field,Rajasthan Royals,8 wickets,SK Warne,,,,Kochi Tuskers Kerala,Rajasthan Royals,109,10,111.0,2.0,Kochi Tuskers Kerala,Rajasthan Royals,Chasing,True
501226,2011-04-25,2011,2011,"MA Chidambaram Stadium, Chepauk",Chennai,T20,Indian Premier League,Pune Warriors,field,Chennai Super Kings,25 runs,MEK Hussey,,,,Chennai Super Kings,Pune Warriors,142,6,117.0,9.0,Chennai Super Kings,Pune Warriors,Batting First,False
501227,2011-04-26,2011,2011,Feroz Shah Kotla,Delhi,T20,Indian Premier League,Royal Challengers Bangalore,field,Royal Challengers Bangalore,3 wickets,V Kohli,,,,Delhi Daredevils,Royal Challengers Bangalore,160,6,161.0,7.0,Delhi Daredevils,Royal Challengers Bangalore,Chasing,True
501228,2011-04-27,2011,2011,Dr DY Patil Sports Academy,Mumbai,T20,Indian Premier League,Pune Warriors,bat,Chennai Super Kings,8 wickets,DE Bollinger,,,,Pune Warriors,Chennai Super Kings,141,6,145.0,2.0,Pune Warriors,Chennai Super Kings,Chasing,False
501229,2011-04-27,2011,2011,Nehru Stadium,Kochi,T20,Indian Premier League,Kochi Tuskers Kerala,field,Deccan Chargers,55 runs,I Sharma,,,,Deccan Chargers,Kochi Tuskers Kerala,129,7,74.0,10.0,Deccan Chargers,Kochi Tuskers Kerala,Batting First,False
501230,2011-04-28,2011,2011,Feroz Shah Kotla,Delhi,T20,Indian Premier League,Delhi Daredevils,field,Kolkata Knight Riders,17 runs,MK Tiwary,,,,Kolkata Knight Riders,Delhi Daredevils,148,7,131.0,9.0,Kolkata Knight Riders,Delhi Daredevils,Batting First,False
501231,2011-04-29,2011,2011,Sawai Mansingh Stadium,Jaipur,T20,Indian Premier League,Rajasthan Royals,field,Rajasthan Royals,7 wickets,J Botha,,,,Mumbai Indians,Rajasthan Royals,94,8,95.0,3.0,Mumbai Indians,Rajasthan Royals,Chasing,True
501232,2011-04-29,2011,2011,M Chinnaswamy Stadium,Bangalore,T20,Indian Premier League,Pune Warriors,field,Royal Challengers Bangalore,26 runs,V Kohli,,,,Royal Challengers Bangalore,Pune Warriors,181,5,155.0,5.0,Royal Challengers Bangalore,Pune Warriors,Batting First,False
501233,2011-04-30,2011,2011,Nehru Stadium,Kochi,T20,Indian Premier League,Delhi Daredevils,bat,Delhi Daredevils,38 runs,V Sehwag,,,,Delhi Daredevils,Kochi Tuskers Kerala,157,7,119.0,10.0,Delhi Daredevils,Kochi Tuskers Kerala,Batting First,True
501234,2011-04-30,2011,2011,Eden Gardens,Kolkata,T20,Indian Premier League,Kolkata Knight Riders,field,Kolkata Knight Riders,8 wickets,Iqbal Abdulla,,,,Kings XI Punjab,Kolkata Knight Riders,119,6,120.0,2.0,Kings XI Punjab,Kolkata Knight Riders,Chasing,True
501235,2011-05-01,2011,2011,Sawai Mansingh Stadium,Jaipur,T20,Indian Premier League,Rajasthan Royals,field,Rajasthan Royals,6 wickets,LRPL Taylor,,,,Pune Warriors,Rajasthan Royals,143,7,144.0,4.0,Pune Warriors,Rajasthan Royals,Chasing,True
501236,2011-05-01,2011,2011,"MA Chidambaram Stadium, Chepauk",Chennai,T20,Indian Premier League,Chennai Super Kings,bat,Chennai Super Kings,19 runs,JA Morkel,,,,Chennai Super Kings,Deccan Chargers,165,5,146.0,8.0,Chennai Super Kings,Deccan Chargers,Batting First,True
501237,2011-05-02,2011,2011,Wankhede Stadium,Mumbai,T20,Indian Premier League,Kings XI Punjab,field,Mumbai Indians,23 runs,KA Pollard,,,,Mumbai Indians,Kings XI Punjab,159,5,136.0,8.0,Mumbai Indians,Kings XI Punjab,Batting First,False
501238,2011-05-02,2011,2011,Feroz Shah Kotla,Delhi,T20,Indian Premier League,Kochi Tuskers Kerala,field,Kochi Tuskers Kerala,7 wickets,P Parameswaran,,,,Delhi Daredevils,Kochi Tuskers Kerala,140,6,141.0,3.0,Delhi Daredevils,Kochi Tuskers Kerala,Chasing,True
501239,2011-05-03,2011,2011,"Rajiv Gandhi International Stadium, Uppal",Hyderabad,T20,Indian Premier League,Deccan Chargers,field,Kolkata Knight Riders,20 runs,YK Pathan,,,,Kolkata Knight Riders,Deccan Chargers,169,4,149.0,6.0,Kolkata Knight Riders,Deccan Chargers,Batting First,False
501240,2011-05-04,2011,2011,"MA Chidambaram Stadium, Chepauk",Chennai,T20,Indian Premier League,Rajasthan Royals,bat,Chennai Super Kings,8 wickets,MEK Hussey,,,,Rajasthan Royals,Chennai Super Kings,147,6,149.0,2.0,Rajasthan Royals,Chennai Super Kings,Chasing,False
501241,2011-05-04,2011,2011,Dr DY Patil Sports Academy,Mumbai,T20,Indian Premier League,Pune Warriors,field,Mumbai Indians,21 runs,R Sharma,,,,Mumbai Indians,Pune Warriors,160,7,139.0,7.0,Mumbai Indians,Pune Warriors,Batting First,False
501242,2011-05-05,2011,2011,Nehru Stadium,Kochi,T20,Indian Premier League,Kolkata Knight Riders,field,Kochi Tuskers Kerala,17 runs,BJ Hodge,,,,Kochi Tuskers Kerala,Kolkata Knight Riders,156,5,139.0,7.0,Kochi Tuskers Kerala,Kolkata Knight Riders,Batting First,False
501243,2011-05-05,2011,2011,"Rajiv Gandhi International Stadium, Uppal",Hyderabad,T20,Indian Premier League,Delhi Daredevils,field,Delhi Daredevils,4 wickets,V Sehwag,,,,Deccan Chargers,Delhi Daredevils,175,5,179.0,6.0,Deccan Chargers,Delhi Daredevils,Chasing,True
501244,2011-05-06,2011,2011,M Chinnaswamy Stadium,Bangalore,T20,Indian Premier League,Kings XI Punjab,field,Royal Challengers Bangalore,85 runs,CH Gayle,,,,Royal Challengers Bangalore,Kings XI Punjab,205,6,120.0,9.0,Royal Challengers Bangalore,Kings XI Punjab,Batting First,False
501245,2011-05-07,2011,2011,Eden Gardens,Kolkata,T20,Indian Premier League,Chennai Super Kings,bat,Kolkata Knight Riders,10 runs,Iqbal Abdulla,,D/L,,Chennai Super Kings,Kolkata Knight Riders,114,4,61.0,2.0,Chennai Super Kings,Kolkata Knight Riders,Chasing,False
501246,2011-05-07,2011,2011,Wankhede Stadium,Mumbai,T20,Indian Premier League,Delhi Daredevils,field,Mumbai Indians,32 runs,AT Rayudu,,,,Mumbai Indians,Delhi Daredevils,178,4,146.0,10.0,Mumbai Indians,Delhi Daredevils,Batting First,False
501247,2011-05-08,2011,2011,M Chinnaswamy Stadium,Bangalore,T20,Indian Premier League,Kochi Tuskers Kerala,bat,Royal Challengers Bangalore,9 wickets,CH Gayle,,,,Kochi Tuskers Kerala,Royal Challengers Bangalore,125,9,128.0,1.0,Kochi Tuskers Kerala,Royal Challengers Bangalore,Chasing,False
501248,2011-05-08,2011,2011,"Punjab Cricket Association Stadium, Mohali",Chandigarh,T20,Indian Premier League,Kings XI Punjab,bat,Pune Warriors,5 wickets,R Sharma,,,,Kings XI Punjab,Pune Warriors,119,8,120.0,5.0,Kings XI Punjab,Pune Warriors,Chasing,False
501249,2011-05-09,2011,2011,Sawai Mansingh Stadium,Jaipur,T20,Indian Premier League,Rajasthan Royals,field,Chennai Super Kings,63 runs,M Vijay,,,,Chennai Super Kings,Rajasthan Royals,196,3,133.0,10.0,Chennai Super Kings,Rajasthan Royals,Batting First,False
501250,2011-05-10,2011,2011,"Rajiv Gandhi International Stadium, Uppal",Hyderabad,T20,Indian Premier League,Deccan Chargers,bat,Pune Warriors,6 wickets,MR Marsh,,,,Deccan Chargers,Pune Warriors,136,8,137.0,4.0,Deccan Chargers,Pune Warriors,Chasing,False
501251,2011-05-10,2011,2011,"Punjab Cricket Association Stadium, Mohali",Chandigarh,T20,Indian Premier League,Mumbai Indians,field,Kings XI Punjab,76 runs,BA Bhatt,,,,Kings XI Punjab,Mumbai Indians,163,8,87.0,10.0,Kings XI Punjab,Mumbai Indians,Batting First,False
501252,2011-05-11,2011,2011,Sawai Mansingh Stadium,Jaipur,T20,Indian Premier League,Royal Challengers Bangalore,field,Royal Challengers Bangalore,9 wickets,S Aravind,,,,Rajasthan Royals,Royal Challengers Bangalore,146,6,151.0,1.0,Rajasthan Royals,Royal Challengers Bangalore,Chasing,True
501253,2011-05-12,2011,2011,"MA Chidambaram Stadium, Chepauk",Chennai,T20,Indian Premier League,Chennai Super Kings,bat,Chennai Super Kings,18 runs,MS Dhoni,,,,Chennai Super Kings,Delhi Daredevils,176,4,158.0,6.0,Chennai Super Kings,Delhi Daredevils,Batting First,True
501254,2011-05-13,2011,2011,Holkar Cricket Stadium,Indore,T20,Indian Premier League,Kings XI Punjab,field,Kings XI Punjab,6 wickets,KD Karthik,,,,Kochi Tuskers Kerala,Kings XI Punjab,178,7,181.0,4.0,Kochi Tuskers Kerala,Kings XI Punjab,Chasing,True
501255,2011-05-14,2011,2011,M Chinnaswamy Stadium,Bangalore,T20,Indian Premier League,Royal Challengers Bangalore,field,Royal Challengers Bangalore,4 wickets,CH Gayle,,D/L,,Kolkata Knight Riders,Royal Challengers Bangalore,89,4,105.0,6.0,Kolkata Knight Riders,Royal Challengers Bangalore,Chasing,True
501256,2011-05-14,2011,2011,Wankhede Stadium,Mumbai,T20,Indian Premier League,Deccan Chargers,bat,Deccan Chargers,10 runs,A Mishra,,,,Deccan Chargers,Mumbai Indians,135,6,125.0,8.0,Deccan Chargers,Mumbai Indians,Batting First,True
501257,2011-05-15,2011,2011,Himachal Pradesh Cricket Association Stadium,Dharamsala,T20,Indian Premier League,Delhi Daredevils,field,Kings XI Punjab,29 runs,PP Chawla,,,,Kings XI Punjab,Delhi Daredevils,170,6,141.0,8.0,Kings XI Punjab,Delhi Daredevils,Batting First,False
501258,2011-05-15,2011,2011,Holkar Cricket Stadium,Indore,T20,Indian Premier League,Kochi Tuskers Kerala,field,Kochi Tuskers Kerala,8 wickets,BJ Hodge,,,,Rajasthan Royals,Kochi Tuskers Kerala,97,10,98.0,2.0,Rajasthan Royals,Kochi Tuskers Kerala,Chasing,True
501259,2011-05-16,2011,2011,Dr DY Patil Sports Academy,Mumbai,T20,Indian Premier League,Deccan Chargers,field,Deccan Chargers,6 wickets,A Mishra,,,,Pune Warriors,Deccan Chargers,136,9,138.0,4.0,Pune Warriors,Deccan Chargers,Chasing,True
501260,2011-05-17,2011,2011,Himachal Pradesh Cricket Association Stadium,Dharamsala,T20,Indian Premier League,Kings XI Punjab,bat,Kings XI Punjab,111 runs,AC Gilchrist,,,,Kings XI Punjab,Royal Challengers Bangalore,232,2,121.0,10.0,Kings XI Punjab,Royal Challengers Bangalore,Batting First,True
501261,2011-05-18,2011,2011,"MA Chidambaram Stadium, Chepauk",Chennai,T20,Indian Premier League,Chennai Super Kings,bat,Chennai Super Kings,11 runs,WP Saha,,,,Chennai Super Kings,Kochi Tuskers Kerala,152,5,141.0,5.0,Chennai Super Kings,Kochi Tuskers Kerala,Batting First,True
501262,2011-05-19,2011,2011,Dr DY Patil Sports Academy,Mumbai,T20,Indian Premier League,Kolkata Knight Riders,field,Kolkata Knight Riders,7 wickets,YK Pathan,,,,Pune Warriors,Kolkata Knight Riders,118,7,119.0,3.0,Pune Warriors,Kolkata Knight Riders,Chasing,True
501263,2011-05-20,2011,2011,Wankhede Stadium,Mumbai,T20,Indian Premier League,Mumbai Indians,bat,Rajasthan Royals,10 wickets,SR Watson,,,,Mumbai Indians,Rajasthan Royals,133,5,134.0,0.0,Mumbai Indians,Rajasthan Royals,Chasing,False
501264,2011-05-21,2011,2011,Himachal Pradesh Cricket Association Stadium,Dharamsala,T20,Indian Premier League,Kings XI Punjab,field,Deccan Chargers,82 runs,S Dhawan,,,,Deccan Chargers,Kings XI Punjab,198,2,116.0,10.0,Deccan Chargers,Kings XI Punjab,Batting First,False
501265,2011-05-21,2011,2011,Feroz Shah Kotla,Delhi,T20,Indian Premier League,Delhi Daredevils,bat,Unknown,,Unknown,no result,,,Delhi Daredevils,Pune Warriors,56,3,,,Delhi Daredevils,Pune Warriors,Tie / No Result,False
501266,2011-05-22,2011,2011,M Chinnaswamy Stadium,Bangalore,T20,Indian Premier League,Royal Challengers Bangalore,field,Royal Challengers Bangalore,8 wickets,CH Gayle,,,,Chennai Super Kings,Royal Challengers Bangalore,128,8,129.0,2.0,Chennai Super Kings,Royal Challengers Bangalore,Chasing,True
501267,2011-05-22,2011,2011,Eden Gardens,Kolkata,T20,Indian Premier League,Mumbai Indians,field,Mumbai Indians,5 wickets,JEC Franklin,,,,Kolkata Knight Riders,Mumbai Indians,175,7,178.0,5.0,Kolkata Knight Riders,Mumbai Indians,Chasing,True
501268,2011-05-24,2011,2011,Wankhede Stadium,Mumbai,T20,Indian Premier League,Chennai Super Kings,field,Chennai Super Kings,6 wickets,SK Raina,,,,Royal Challengers Bangalore,Chennai Super Kings,175,4,177.0,4.0,Royal Challengers Bangalore,Chennai Super Kings,Chasing,True
501269,2011-05-25,2011,2011,Wankhede Stadium,Mumbai,T20,Indian Premier League,Mumbai Indians,field,Mumbai Indians,4 wickets,MM Patel,,,,Kolkata Knight Riders,Mumbai Indians,147,7,148.0,6.0,Kolkata Knight Riders,Mumbai Indians,Chasing,True
501270,2011-05-27,2011,2011,"MA Chidambaram Stadium, Chepauk",Chennai,T20,Indian Premier League,Mumbai Indians,field,Royal Challengers Bangalore,43 runs,CH Gayle,,,,Royal Challengers Bangalore,Mumbai Indians,185,4,142.0,8.0,Royal Challengers Bangalore,Mumbai Indians,Batting First,False
501271,2011-05-28,2011,2011,"MA Chidambaram Stadium, Chepauk",Chennai,T20,Indian Premier League,Chennai Super Kings,bat,Chennai Super Kings,58 runs,M Vijay,,,,Chennai Super Kings,Royal Challengers Bangalore,205,5,147.0,8.0,Chennai Super Kings,Royal Challengers Bangalore,Batting First,True
548306,2012-04-04,2012,2012,"MA Chidambaram Stadium, Chepauk",Chennai,T20,Indian Premier League,Mumbai Indians,field,Mumbai Indians,8 wickets,RE Levi,,,,Chennai Super Kings,Mumbai Indians,112,10,115.0,3.0,Chennai Super Kings,Mumbai Indians,Chasing,True
548307,2012-04-05,2012,2012,Eden Gardens,Kolkata,T20,Indian Premier League,Delhi Daredevils,field,Delhi Daredevils,8 wickets,IK Pathan,,,,Kolkata Knight Riders,Delhi Daredevils,97,9,100.0,2.0,Kolkata Knight Riders,Delhi Daredevils,Chasing,True
548308,2012-04-06,2012,2012,Wankhede Stadium,Mumbai,T20,Indian Premier League,Mumbai Indians,field,Pune Warriors,28 runs,SPD Smith,,,,Pune Warriors,Mumbai Indians,129,9,101.0,9.0,Pune Warriors,Mumbai Indians,Batting First,False
548309,2012-04-06,2012,2012,Sawai Mansingh Stadium,Jaipur,T20,Indian Premier League,Kings XI Punjab,field,Rajasthan Royals,31 runs,AM Rahane,,,,Rajasthan Royals,Kings XI Punjab,191,4,160.0,9.0,Rajasthan Royals,Kings XI Punjab,Batting First,False
548310,2012-04-07,2012,2012,M Chinnaswamy Stadium,Bangalore,T20,Indian Premier League,Delhi Daredevils,field,Royal Challengers Bangalore,20 runs,AB de Villiers,,,,Royal Challengers Bangalore,Delhi Daredevils,157,8,137.0,7.0,Royal Challengers Bangalore,Delhi Daredevils,Batting First,False
548311,2012-04-07,2012,2012,Dr. Y.S. Rajasekhara Reddy ACA-VDCA Cricket Stadium,Visakhapatnam,T20,Indian Premier League,Deccan Chargers,field,Chennai Super Kings,74 runs,RA Jadeja,,,,Chennai Super Kings,Deccan Chargers,193,6,119.0,10.0,Chennai Super Kings,Deccan Chargers,Batting First,False
548312,2012-04-08,2012,2012,Sawai Mansingh Stadium,Jaipur,T20,Indian Premier League,Kolkata Knight Riders,field,Rajasthan Royals,22 runs,BJ Hodge,,,,Rajasthan Royals,Kolkata Knight Riders,164,5,142.0,10.0,Rajasthan Royals,Kolkata Knight Riders,Batting First,False
548313,2012-04-08,2012,2012,Subrata Roy Sahara Stadium,Pune,T20,Indian Premier League,Pune Warriors,bat,Pune Warriors,22 runs,MN Samuels,,,,Pune Warriors,Kings XI Punjab,166,6,144.0,8.0,Pune Warriors,Kings XI Punjab,Batting First,True
548314,2012-04-09,2012,2012,Dr. Y.S. Rajasekhara Reddy ACA-VDCA Cricket Stadium,Visakhapatnam,T20,Indian Premier League,Deccan Chargers,bat,Mumbai Indians,5 wickets,RG Sharma,,,,Deccan Chargers,Mumbai Indians,138,9,142.0,5.0,Deccan Chargers,Mumbai Indians,Chasing,False
548315,2012-04-10,2012,2012,M Chinnaswamy Stadium,Bangalore,T20,Indian Premier League,Royal Challengers Bangalore,field,Kolkata Knight Riders,42 runs,L Balaji,,,,Kolkata Knight Riders,Royal Challengers Bangalore,165,8,123.0,9.0,Kolkata Knight Riders,Royal Challengers Bangalore,Batting First,False
548316,2012-04-10,2012,2012,Feroz Shah Kotla,Delhi,T20,Indian Premier League,Delhi Daredevils,field,Delhi Daredevils,8 wickets,M Morkel,,,,Chennai Super Kings,Delhi Daredevils,110,8,111.0,2.0,Chennai Super Kings,Delhi Daredevils,Chasing,True
548317,2012-04-11,2012,2012,Wankhede Stadium,Mumbai,T20,Indian Premier League,Rajasthan Royals,field,Mumbai Indians,27 runs,KA Pollard,,,,Mumbai Indians,Rajasthan Royals,197,6,170.0,10.0,Mumbai Indians,Rajasthan Royals,Batting First,False
548318,2012-04-12,2012,2012,"MA Chidambaram Stadium, Chepauk",Chennai,T20,Indian Premier League,Royal Challengers Bangalore,bat,Chennai Super Kings,5 wickets,F du Plessis,,,,Royal Challengers Bangalore,Chennai Super Kings,205,8,208.0,5.0,Royal Challengers Bangalore,Chennai Super Kings,Chasing,False
548319,2012-04-12,2012,2012,"Punjab Cricket Association Stadium, Mohali",Chandigarh,T20,Indian Premier League,Kings XI Punjab,field,Kings XI Punjab,7 wickets,AD Mascarenhas,,,,Pune Warriors,Kings XI Punjab,115,10,116.0,3.0,Pune Warriors,Kings XI Punjab,Chasing,True
548320,2012-04-13,2012,2012,Eden Gardens,Kolkata,T20,Indian Premier League,Rajasthan Royals,bat,Kolkata Knight Riders,5 wickets,Shakib Al Hasan,,,,Rajasthan Royals,Kolkata Knight Riders,131,5,137.0,5.0,Rajasthan Royals,Kolkata Knight Riders,Chasing,False
548322,2012-04-14,2012,2012,Subrata Roy Sahara Stadium,Pune,T20,Indian Premier League,Chennai Super Kings,bat,Pune Warriors,7 wickets,JD Ryder,,,,Chennai Super Kings,Pune Warriors,155,5,156.0,3.0,Chennai Super Kings,Pune Warriors,Chasing,False
548323,2012-04-15,2012,2012,Eden Gardens,Kolkata,T20,Indian Premier League,Kolkata Knight Riders,field,Kings XI Punjab,2 runs,SP Narine,,,,Kings XI Punjab,Kolkata Knight Riders,134,9,132.0,7.0,Kings XI Punjab,Kolkata Knight Riders,Batting First,False
548324,2012-04-15,2012,2012,M Chinnaswamy Stadium,Bangalore,T20,Indian Premier League,Rajasthan Royals,bat,Rajasthan Royals,59 runs,AM Rahane,,,,Rajasthan Royals,Royal Challengers Bangalore,195,2,136.0,10.0,Rajasthan Royals,Royal Challengers Bangalore,Batting First,True
548325,2012-04-16,2012,2012,Wankhede Stadium,Mumbai,T20,Indian Premier League,Delhi Daredevils,field,Delhi Daredevils,7 wickets,S Nadeem,,,,Mumbai Indians,Delhi Daredevils,92,10,93.0,3.0,Mumbai Indians,Delhi Daredevils,Chasing,True
548326,2012-04-17,2012,2012,Sawai Mansingh Stadium,Jaipur,T20,Indian Premier League,Deccan Chargers,bat,Rajasthan Royals,5 wickets,BJ Hodge,,,,Deccan Chargers,Rajasthan Royals,196,2,197.0,5.0,Deccan Chargers,Rajasthan Royals,Chasing,False
548327,2012-04-17,2012,2012,M Chinnaswamy Stadium,Bangalore,T20,Indian Premier League,Pune Warriors,bat,Royal Challengers Bangalore,6 wickets,CH Gayle,,,,Pune Warriors,Royal Challengers Bangalore,182,6,186.0,4.0,Pune Warriors,Royal Challengers Bangalore,Chasing,False
548328,2012-04-18,2012,2012,"Punjab Cricket Association Stadium, Mohali",Chandigarh,T20,Indian Premier League,Kings XI Punjab,bat,Kolkata Knight Riders,8 wickets,G Gambhir,,,,Kings XI Punjab,Kolkata Knight Riders,124,7,127.0,2.0,Kings XI Punjab,Kolkata Knight Riders,Chasing,False
548321,2012-04-19,2012,2012,Feroz Shah Kotla,Delhi,T20,Indian Premier League,Deccan Chargers,bat,Delhi Daredevils,5 wickets,KP Pietersen,,,,Deccan Chargers,Delhi Daredevils,157,8,162.0,5.0,Deccan Chargers,Delhi Daredevils,Chasing,False
548330,2012-04-19,2012,2012,"MA Chidambaram Stadium, Chepauk",Chennai,T20,Indian Premier League,Pune Warriors,field,Chennai Super Kings,13 runs,KMDN Kulasekara,,,,Chennai Super Kings,Pune Warriors,164,5,151.0,7.0,Chennai Super Kings,Pune Warriors,Batting First,False
548331,2012-04-20,2012,2012,"Punjab Cricket Association Stadium, Mohali",Chandigarh,T20,Indian Premier League,Royal Challengers Bangalore,field,Royal Challengers Bangalore,5 wickets,CH Gayle,,,,Kings XI Punjab,Royal Challengers Bangalore,163,6,166.0,5.0,Kings XI Punjab,Royal Challengers Bangalore,Chasing,True
548332,2012-04-21,2012,2012,"MA Chidambaram Stadium, Chepauk",Chennai,T20,Indian Premier League,Rajasthan Royals,bat,Chennai Super Kings,7 wickets,F du Plessis,,,,Rajasthan Royals,Chennai Super Kings,146,4,147.0,3.0,Rajasthan Royals,Chennai Super Kings,Chasing,False
548333,2012-04-21,2012,2012,Feroz Shah Kotla,Delhi,T20,Indian Premier League,Delhi Daredevils,field,Pune Warriors,20 runs,SC Ganguly,,,,Pune Warriors,Delhi Daredevils,192,3,172.0,7.0,Pune Warriors,Delhi Daredevils,Batting First,False
548334,2012-04-22,2012,2012,Wankhede Stadium,Mumbai,T20,Indian Premier League,Mumbai Indians,bat,Kings XI Punjab,6 wickets,SE Marsh,,,,Mumbai Indians,Kings XI Punjab,163,6,164.0,4.0,Mumbai Indians,Kings XI Punjab,Chasing,False
548335,2012-04-22,2012,2012,Barabati Stadium,Cuttack,T20,Indian Premier League,Kolkata Knight Riders,field,Kolkata Knight Riders,5 wickets,B Lee,,,,Deccan Chargers,Kolkata Knight Riders,126,7,127.0,5.0,Deccan Chargers,Kolkata Knight Riders,Chasing,True
548336,2012-04-23,2012,2012,Sawai Mansingh Stadium,Jaipur,T20,Indian Premier League,Rajasthan Royals,field,Royal Challengers Bangalore,46 runs,AB de Villiers,,,,Royal Challengers Bangalore,Rajasthan Royals,189,3,143.0,7.0,Royal Challengers Bangalore,Rajasthan Royals,Batting First,False
548337,2012-04-24,2012,2012,Subrata Roy Sahara Stadium,Pune,T20,Indian Premier League,Pune Warriors,bat,Delhi Daredevils,8 wickets,V Sehwag,,,,Pune Warriors,Delhi Daredevils,146,2,148.0,2.0,Pune Warriors,Delhi Daredevils,Chasing,False
548339,2012-04-25,2012,2012,"Punjab Cricket Association Stadium, Mohali",Chandigarh,T20,Indian Premier League,Kings XI Punjab,bat,Mumbai Indians,4 wickets,AT Rayudu,,,,Kings XI Punjab,Mumbai Indians,168,3,171.0,6.0,Kings XI Punjab,Mumbai Indians,Chasing,False
548341,2012-04-26,2012,2012,Subrata Roy Sahara Stadium,Pune,T20,Indian Premier League,Deccan Chargers,bat,Deccan Chargers,18 runs,CL White,,,,Deccan Chargers,Pune Warriors,177,4,159.0,7.0,Deccan Chargers,Pune Warriors,Batting First,True
548342,2012-04-27,2012,2012,Feroz Shah Kotla,Delhi,T20,Indian Premier League,Mumbai Indians,field,Delhi Daredevils,37 runs,V Sehwag,,,,Delhi Daredevils,Mumbai Indians,207,5,170.0,9.0,Delhi Daredevils,Mumbai Indians,Batting First,False
548343,2012-04-28,2012,2012,"MA Chidambaram Stadium, Chepauk",Chennai,T20,Indian Premier League,Kings XI Punjab,bat,Kings XI Punjab,7 runs,Mandeep Singh,,,,Kings XI Punjab,Chennai Super Kings,156,8,149.0,8.0,Kings XI Punjab,Chennai Super Kings,Batting First,True
548344,2012-04-28,2012,2012,Eden Gardens,Kolkata,T20,Indian Premier League,Kolkata Knight Riders,bat,Kolkata Knight Riders,47 runs,G Gambhir,,,,Kolkata Knight Riders,Royal Challengers Bangalore,190,4,143.0,6.0,Kolkata Knight Riders,Royal Challengers Bangalore,Batting First,True
548345,2012-04-29,2012,2012,Feroz Shah Kotla,Delhi,T20,Indian Premier League,Delhi Daredevils,bat,Delhi Daredevils,1 runs,V Sehwag,,,,Delhi Daredevils,Rajasthan Royals,152,6,151.0,3.0,Delhi Daredevils,Rajasthan Royals,Batting First,True
548346,2012-04-29,2012,2012,Wankhede Stadium,Mumbai,T20,Indian Premier League,Mumbai Indians,field,Mumbai Indians,5 wickets,DW Steyn,,,,Deccan Chargers,Mumbai Indians,100,10,101.0,5.0,Deccan Chargers,Mumbai Indians,Chasing,True
548347,2012-04-30,2012,2012,"MA Chidambaram Stadium, Chepauk",Chennai,T20,Indian Premier League,Chennai Super Kings,bat,Kolkata Knight Riders,5 wickets,G Gambhir,,,,Chennai Super Kings,Kolkata Knight Riders,139,5,140.0,5.0,Chennai Super Kings,Kolkata Knight Riders,Chasing,False
548348,2012-05-01,2012,2012,Barabati Stadium,Cuttack,T20,Indian Premier League,Deccan Chargers,bat,Deccan Chargers,13 runs,KC Sangakkara,,,,Deccan Chargers,Pune Warriors,186,4,173.0,5.0,Deccan Chargers,Pune Warriors,Batting First,True
548349,2012-05-01,2012,2012,Sawai Mansingh Stadium,Jaipur,T20,Indian Premier League,Rajasthan Royals,bat,Delhi Daredevils,6 wickets,P Negi,,,,Rajasthan Royals,Delhi Daredevils,141,6,144.0,4.0,Rajasthan Royals,Delhi Daredevils,Chasing,False
548350,2012-05-02,2012,2012,M Chinnaswamy Stadium,Bangalore,T20,Indian Premier League,Kings XI Punjab,field,Kings XI Punjab,4 wickets,Azhar Mahmood,,,,Royal Challengers Bangalore,Kings XI Punjab,158,5,163.0,6.0,Royal Challengers Bangalore,Kings XI Punjab,Chasing,True
548351,2012-05-03,2012,2012,Subrata Roy Sahara Stadium,Pune,T20,Indian Premier League,Mumbai Indians,bat,Mumbai Indians,1 runs,SL Malinga,,,,Mumbai Indians,Pune Warriors,120,9,119.0,6.0,Mumbai Indians,Pune Warriors,Batting First,True
548352,2012-05-04,2012,2012,"MA Chidambaram Stadium, Chepauk",Chennai,T20,Indian Premier League,Chennai Super Kings,bat,Chennai Super Kings,10 runs,SK Raina,,,,Chennai Super Kings,Deccan Chargers,160,6,150.0,5.0,Chennai Super Kings,Deccan Chargers,Batting First,True
548353,2012-05-05,2012,2012,Eden Gardens,Kolkata,T20,Indian Premier League,Kolkata Knight Riders,bat,Kolkata Knight Riders,7 runs,SP Narine,,,,Kolkata Knight Riders,Pune Warriors,150,5,143.0,8.0,Kolkata Knight Riders,Pune Warriors,Batting First,True
548354,2012-05-05,2012,2012,"Punjab Cricket Association Stadium, Mohali",Chandigarh,T20,Indian Premier League,Rajasthan Royals,bat,Rajasthan Royals,43 runs,SR Watson,,,,Rajasthan Royals,Kings XI Punjab,177,6,134.0,8.0,Rajasthan Royals,Kings XI Punjab,Batting First,True
548355,2012-05-06,2012,2012,Wankhede Stadium,Mumbai,T20,Indian Premier League,Mumbai Indians,field,Mumbai Indians,2 wickets,DR Smith,,,,Chennai Super Kings,Mumbai Indians,173,8,174.0,8.0,Chennai Super Kings,Mumbai Indians,Chasing,True
548356,2012-05-06,2012,2012,M Chinnaswamy Stadium,Bangalore,T20,Indian Premier League,Royal Challengers Bangalore,field,Royal Challengers Bangalore,5 wickets,AB de Villiers,,,,Deccan Chargers,Royal Challengers Bangalore,181,2,185.0,5.0,Deccan Chargers,Royal Challengers Bangalore,Chasing,True
548357,2012-05-07,2012,2012,Feroz Shah Kotla,Delhi,T20,Indian Premier League,Delhi Daredevils,bat,Kolkata Knight Riders,6 wickets,JH Kallis,,,,Delhi Daredevils,Kolkata Knight Riders,153,9,154.0,4.0,Delhi Daredevils,Kolkata Knight Riders,Chasing,False
548358,2012-05-08,2012,2012,Subrata Roy Sahara Stadium,Pune,T20,Indian Premier League,Pune Warriors,bat,Rajasthan Royals,7 wickets,SR Watson,,,,Pune Warriors,Rajasthan Royals,125,6,126.0,3.0,Pune Warriors,Rajasthan Royals,Chasing,False
548359,2012-05-08,2012,2012,"Rajiv Gandhi International Stadium, Uppal",Hyderabad,T20,Indian Premier League,Deccan Chargers,field,Kings XI Punjab,25 runs,Mandeep Singh,,,,Kings XI Punjab,Deccan Chargers,170,5,145.0,8.0,Kings XI Punjab,Deccan Chargers,Batting First,False
548360,2012-05-09,2012,2012,Wankhede Stadium,Mumbai,T20,Indian Premier League,Royal Challengers Bangalore,field,Royal Challengers Bangalore,9 wickets,CH Gayle,,,,Mumbai Indians,Royal Challengers Bangalore,141,6,142.0,1.0,Mumbai Indians,Royal Challengers Bangalore,Chasing,True
548329,2012-05-10,2012,2012,"Rajiv Gandhi International Stadium, Uppal",Hyderabad,T20,Indian Premier League,Deccan Chargers,bat,Delhi Daredevils,9 wickets,DA Warner,,,,Deccan Chargers,Delhi Daredevils,187,4,193.0,1.0,Deccan Chargers,Delhi Daredevils,Chasing,False
548361,2012-05-10,2012,2012,Sawai Mansingh Stadium,Jaipur,T20,Indian Premier League,Chennai Super Kings,field,Chennai Super Kings,4 wickets,BW Hilfenhaus,,,,Rajasthan Royals,Chennai Super Kings,126,6,127.0,6.0,Rajasthan Royals,Chennai Super Kings,Chasing,True
548362,2012-05-11,2012,2012,Subrata Roy Sahara Stadium,Pune,T20,Indian Premier League,Pune Warriors,field,Royal Challengers Bangalore,35 runs,CH Gayle,,,,Royal Challengers Bangalore,Pune Warriors,173,3,138.0,9.0,Royal Challengers Bangalore,Pune Warriors,Batting First,False
548363,2012-05-12,2012,2012,Eden Gardens,Kolkata,T20,Indian Premier League,Mumbai Indians,bat,Mumbai Indians,27 runs,RG Sharma,,,,Mumbai Indians,Kolkata Knight Riders,182,1,155.0,4.0,Mumbai Indians,Kolkata Knight Riders,Batting First,True
548364,2012-05-12,2012,2012,"MA Chidambaram Stadium, Chepauk",Chennai,T20,Indian Premier League,Chennai Super Kings,field,Chennai Super Kings,9 wickets,BW Hilfenhaus,,,,Delhi Daredevils,Chennai Super Kings,114,5,115.0,1.0,Delhi Daredevils,Chennai Super Kings,Chasing,True
548365,2012-05-13,2012,2012,Sawai Mansingh Stadium,Jaipur,T20,Indian Premier League,Rajasthan Royals,bat,Rajasthan Royals,45 runs,A Chandila,,,,Rajasthan Royals,Pune Warriors,170,4,125.0,9.0,Rajasthan Royals,Pune Warriors,Batting First,True
548366,2012-05-13,2012,2012,"Punjab Cricket Association Stadium, Mohali",Chandigarh,T20,Indian Premier League,Deccan Chargers,bat,Kings XI Punjab,4 wickets,DJ Hussey,,,,Deccan Chargers,Kings XI Punjab,190,4,194.0,6.0,Deccan Chargers,Kings XI Punjab,Chasing,False
548367,2012-05-14,2012,2012,M Chinnaswamy Stadium,Bangalore,T20,Indian Premier League,Mumbai Indians,field,Mumbai Indians,5 wickets,AT Rayudu,,,,Royal Challengers Bangalore,Mumbai Indians,171,6,173.0,5.0,Royal Challengers Bangalore,Mumbai Indians,Chasing,True
548368,2012-05-14,2012,2012,Eden Gardens,Kolkata,T20,Indian Premier League,Chennai Super Kings,field,Chennai Super Kings,5 wickets,MEK Hussey,,,,Kolkata Knight Riders,Chennai Super Kings,158,6,160.0,5.0,Kolkata Knight Riders,Chennai Super Kings,Chasing,True
548369,2012-05-15,2012,2012,Feroz Shah Kotla,Delhi,T20,Indian Premier League,Kings XI Punjab,bat,Delhi Daredevils,5 wickets,UT Yadav,,,,Kings XI Punjab,Delhi Daredevils,136,8,140.0,5.0,Kings XI Punjab,Delhi Daredevils,Chasing,False
548370,2012-05-16,2012,2012,Wankhede Stadium,Mumbai,T20,Indian Premier League,Mumbai Indians,field,Kolkata Knight Riders,32 runs,SP Narine,,,,Kolkata Knight Riders,Mumbai Indians,140,7,108.0,10.0,Kolkata Knight Riders,Mumbai Indians,Batting First,False
548371,2012-05-17,2012,2012,Himachal Pradesh Cricket Association Stadium,Dharamsala,T20,Indian Premier League,Kings XI Punjab,field,Kings XI Punjab,6 wickets,AC Gilchrist,,,,Chennai Super Kings,Kings XI Punjab,120,7,123.0,4.0,Chennai Super Kings,Kings XI Punjab,Chasing,True
548372,2012-05-17,2012,2012,Feroz Shah Kotla,Delhi,T20,Indian Premier League,Delhi Daredevils,field,Royal Challengers Bangalore,21 runs,CH Gayle,,,,Royal Challengers Bangalore,Delhi Daredevils,215,1,194.0,9.0,Royal Challengers Bangalore,Delhi Daredevils,Batting First,False
548373,2012-05-18,2012,2012,"Rajiv Gandhi International Stadium, Uppal",Hyderabad,T20,Indian Premier League,Rajasthan Royals,bat,Deccan Chargers,5 wickets,DW Steyn,,,,Rajasthan Royals,Deccan Chargers,126,8,128.0,5.0,Rajasthan Royals,Deccan Chargers,Chasing,False
548374,2012-05-19,2012,2012,Himachal Pradesh Cricket Association Stadium,Dharamsala,T20,Indian Premier League,Delhi Daredevils,field,Delhi Daredevils,6 wickets,UT Yadav,,,,Kings XI Punjab,Delhi Daredevils,141,8,145.0,4.0,Kings XI Punjab,Delhi Daredevils,Chasing,True
548375,2012-05-19,2012,2012,Subrata Roy Sahara Stadium,Pune,T20,Indian Premier League,Kolkata Knight Riders,bat,Kolkata Knight Riders,34 runs,Shakib Al Hasan,,,,Kolkata Knight Riders,Pune Warriors,136,4,102.0,8.0,Kolkata Knight Riders,Pune Warriors,Batting First,True
548376,2012-05-20,2012,2012,"Rajiv Gandhi International Stadium, Uppal",Hyderabad,T20,Indian Premier League,Royal Challengers Bangalore,field,Deccan Chargers,9 runs,DW Steyn,,,,Deccan Chargers,Royal Challengers Bangalore,132,7,123.0,9.0,Deccan Chargers,Royal Challengers Bangalore,Batting First,False
548377,2012-05-20,2012,2012,Sawai Mansingh Stadium,Jaipur,T20,Indian Premier League,Rajasthan Royals,bat,Mumbai Indians,10 wickets,DR Smith,,,,Rajasthan Royals,Mumbai Indians,162,6,163.0,0.0,Rajasthan Royals,Mumbai Indians,Chasing,False
548378,2012-05-22,2012,2012,Subrata Roy Sahara Stadium,Pune,T20,Indian Premier League,Kolkata Knight Riders,bat,Kolkata Knight Riders,18 runs,YK Pathan,,,,Kolkata Knight Riders,Delhi Daredevils,162,4,144.0,8.0,Kolkata Knight Riders,Delhi Daredevils,Batting First,True
548379,2012-05-23,2012,2012,M Chinnaswamy Stadium,Bangalore,T20,Indian Premier League,Mumbai Indians,field,Chennai Super Kings,38 runs,MS Dhoni,,,,Chennai Super Kings,Mumbai Indians,187,5,149.0,9.0,Chennai Super Kings,Mumbai Indians,Batting First,False
548380,2012-05-25,2012,2012,"MA Chidambaram Stadium, Chepauk",Chennai,T20,Indian Premier League,Delhi Daredevils,field,Chennai Super Kings,86 runs,M Vijay,,,,Chennai Super Kings,Delhi Daredevils,222,5,136.0,10.0,Chennai Super Kings,Delhi Daredevils,Batting First,False
548381,2012-05-27,2012,2012,"MA Chidambaram Stadium, Chepauk",Chennai,T20,Indian Premier League,Chennai Super Kings,bat,Kolkata Knight Riders,5 wickets,MS Bisla,,,,Chennai Super Kings,Kolkata Knight Riders,190,3,192.0,5.0,Chennai Super Kings,Kolkata Knight Riders,Chasing,False
597998,2013-04-03,2013,2013,Eden Gardens,Kolkata,T20,Indian Premier League,Kolkata Knight Riders,field,Kolkata Knight Riders,6 wickets,SP Narine,,,,Delhi Daredevils,Kolkata Knight Riders,128,10,129.0,4.0,Delhi Daredevils,Kolkata Knight Riders,Chasing,True
597999,2013-04-04,2013,2013,M Chinnaswamy Stadium,Bangalore,T20,Indian Premier League,Mumbai Indians,field,Royal Challengers Bangalore,2 runs,CH Gayle,,,,Royal Challengers Bangalore,Mumbai Indians,156,5,154.0,5.0,Royal Challengers Bangalore,Mumbai Indians,Batting First,False
598000,2013-04-05,2013,2013,"Rajiv Gandhi International Stadium, Uppal",Hyderabad,T20,Indian Premier League,Pune Warriors,field,Sunrisers Hyderabad,22 runs,A Mishra,,,,Sunrisers Hyderabad,Pune Warriors,126,6,104.0,10.0,Sunrisers Hyderabad,Pune Warriors,Batting First,False
598001,2013-04-06,2013,2013,Feroz Shah Kotla,Delhi,T20,Indian Premier League,Rajasthan Royals,bat,Rajasthan Royals,5 runs,R Dravid,,,,Rajasthan Royals,Delhi Daredevils,165,7,160.0,6.0,Rajasthan Royals,Delhi Daredevils,Batting First,True
598002,2013-04-06,2013,2013,"MA Chidambaram Stadium, Chepauk",Chennai,T20,Indian Premier League,Mumbai Indians,bat,Mumbai Indians,9 runs,KA Pollard,,,,Mumbai Indians,Chennai Super Kings,148,6,139.0,9.0,Mumbai Indians,Chennai Super Kings,Batting First,True
598003,2013-04-07,2013,2013,Subrata Roy Sahara Stadium,Pune,T20,Indian Premier League,Pune Warriors,bat,Kings XI Punjab,8 wickets,M Vohra,,,,Pune Warriors,Kings XI Punjab,99,9,100.0,2.0,Pune Warriors,Kings XI Punjab,Chasing,False
598004,2013-04-07,2013,2013,"Rajiv Gandhi International Stadium, Uppal",Hyderabad,T20,Indian Premier League,Royal Challengers Bangalore,bat,Unknown,,GH Vihari,tie,,Sunrisers Hyderabad,Royal Challengers Bangalore,Sunrisers Hyderabad,130,8,130.0,7.0,Royal Challengers Bangalore,Sunrisers Hyderabad,Tie / No Result,False
598005,2013-04-08,2013,2013,Sawai Mansingh Stadium,Jaipur,T20,Indian Premier League,Kolkata Knight Riders,field,Rajasthan Royals,19 runs,SK Trivedi,,,,Rajasthan Royals,Kolkata Knight Riders,144,6,125.0,10.0,Rajasthan Royals,Kolkata Knight Riders,Batting First,False
598006,2013-04-09,2013,2013,Wankhede Stadium,Mumbai,T20,Indian Premier League,Mumbai Indians,bat,Mumbai Indians,44 runs,KD Karthik,,,,Mumbai Indians,Delhi Daredevils,209,5,165.0,9.0,Mumbai Indians,Delhi Daredevils,Batting First,True
598048,2013-04-09,2013,2013,M Chinnaswamy Stadium,Bangalore,T20,Indian Premier League,Sunrisers Hyderabad,bat,Royal Challengers Bangalore,7 wickets,V Kohli,,,,Sunrisers Hyderabad,Royal Challengers Bangalore,161,6,162.0,3.0,Sunrisers Hyderabad,Royal Challengers Bangalore,Chasing,False
598007,2013-04-10,2013,2013,"Punjab Cricket Association Stadium, Mohali",Chandigarh,T20,Indian Premier League,Chennai Super Kings,field,Chennai Super Kings,10 wickets,MEK Hussey,,,,Kings XI Punjab,Chennai Super Kings,138,10,139.0,0.0,Kings XI Punjab,Chennai Super Kings,Chasing,True
598008,2013-04-11,2013,2013,M Chinnaswamy Stadium,Bangalore,T20,Indian Premier League,Royal Challengers Bangalore,field,Royal Challengers Bangalore,8 wickets,CH Gayle,,,,Kolkata Knight Riders,Royal Challengers Bangalore,154,8,158.0,2.0,Kolkata Knight Riders,Royal Challengers Bangalore,Chasing,True
598009,2013-04-11,2013,2013,Subrata Roy Sahara Stadium,Pune,T20,Indian Premier League,Rajasthan Royals,bat,Pune Warriors,7 wickets,AJ Finch,,,,Rajasthan Royals,Pune Warriors,145,5,148.0,3.0,Rajasthan Royals,Pune Warriors,Chasing,False
598010,2013-04-12,2013,2013,Feroz Shah Kotla,Delhi,T20,Indian Premier League,Delhi Daredevils,bat,Sunrisers Hyderabad,3 wickets,A Mishra,,,,Delhi Daredevils,Sunrisers Hyderabad,114,8,115.0,7.0,Delhi Daredevils,Sunrisers Hyderabad,Chasing,False
598011,2013-04-13,2013,2013,Wankhede Stadium,Mumbai,T20,Indian Premier League,Mumbai Indians,bat,Mumbai Indians,41 runs,RG Sharma,,,,Mumbai Indians,Pune Warriors,183,3,142.0,8.0,Mumbai Indians,Pune Warriors,Batting First,True
598012,2013-04-13,2013,2013,"MA Chidambaram Stadium, Chepauk",Chennai,T20,Indian Premier League,Chennai Super Kings,field,Chennai Super Kings,4 wickets,RA Jadeja,,,,Royal Challengers Bangalore,Chennai Super Kings,165,6,166.0,6.0,Royal Challengers Bangalore,Chennai Super Kings,Chasing,True
598013,2013-04-14,2013,2013,Eden Gardens,Kolkata,T20,Indian Premier League,Kolkata Knight Riders,bat,Kolkata Knight Riders,48 runs,G Gambhir,,,,Kolkata Knight Riders,Sunrisers Hyderabad,180,4,132.0,7.0,Kolkata Knight Riders,Sunrisers Hyderabad,Batting First,True
598014,2013-04-14,2013,2013,Sawai Mansingh Stadium,Jaipur,T20,Indian Premier League,Rajasthan Royals,field,Rajasthan Royals,6 wickets,JP Faulkner,,,,Kings XI Punjab,Rajasthan Royals,124,10,126.0,4.0,Kings XI Punjab,Rajasthan Royals,Chasing,True
598015,2013-04-15,2013,2013,"MA Chidambaram Stadium, Chepauk",Chennai,T20,Indian Premier League,Pune Warriors,bat,Pune Warriors,24 runs,SPD Smith,,,,Pune Warriors,Chennai Super Kings,159,5,135.0,8.0,Pune Warriors,Chennai Super Kings,Batting First,True
598016,2013-04-16,2013,2013,"Punjab Cricket Association Stadium, Mohali",Chandigarh,T20,Indian Premier League,Kolkata Knight Riders,field,Kings XI Punjab,4 runs,MS Gony,,,,Kings XI Punjab,Kolkata Knight Riders,157,9,153.0,9.0,Kings XI Punjab,Kolkata Knight Riders,Batting First,False
598017,2013-04-16,2013,2013,M Chinnaswamy Stadium,Bangalore,T20,Indian Premier League,Royal Challengers Bangalore,field,Unknown,,V Kohli,tie,,Royal Challengers Bangalore,Delhi Daredevils,Royal Challengers Bangalore,152,5,152.0,7.0,Delhi Daredevils,Royal Challengers Bangalore,Tie / No Result,False
598018,2013-04-17,2013,2013,Maharashtra Cricket Association Stadium,Pune,T20,Indian Premier League,Pune Warriors,field,Sunrisers Hyderabad,11 runs,A Mishra,,,,Sunrisers Hyderabad,Pune Warriors,119,8,108.0,10.0,Sunrisers Hyderabad,Pune Warriors,Batting First,False
598019,2013-04-17,2013,2013,Sawai Mansingh Stadium,Jaipur,T20,Indian Premier League,Rajasthan Royals,bat,Rajasthan Royals,87 runs,AM Rahane,,,,Rajasthan Royals,Mumbai Indians,179,3,92.0,10.0,Rajasthan Royals,Mumbai Indians,Batting First,True
598020,2013-04-18,2013,2013,Feroz Shah Kotla,Delhi,T20,Indian Premier League,Chennai Super Kings,bat,Chennai Super Kings,86 runs,MEK Hussey,,,,Chennai Super Kings,Delhi Daredevils,169,4,83.0,10.0,Chennai Super Kings,Delhi Daredevils,Batting First,True
598021,2013-04-19,2013,2013,"Rajiv Gandhi International Stadium, Uppal",Hyderabad,T20,Indian Premier League,Kings XI Punjab,bat,Sunrisers Hyderabad,5 wickets,GH Vihari,,,,Kings XI Punjab,Sunrisers Hyderabad,123,9,127.0,5.0,Kings XI Punjab,Sunrisers Hyderabad,Chasing,False
598022,2013-04-20,2013,2013,Eden Gardens,Kolkata,T20,Indian Premier League,Kolkata Knight Riders,bat,Chennai Super Kings,4 wickets,RA Jadeja,,,,Kolkata Knight Riders,Chennai Super Kings,119,9,124.0,6.0,Kolkata Knight Riders,Chennai Super Kings,Chasing,False
598023,2013-04-20,2013,2013,M Chinnaswamy Stadium,Bangalore,T20,Indian Premier League,Royal Challengers Bangalore,field,Royal Challengers Bangalore,7 wickets,R Vinay Kumar,,,,Rajasthan Royals,Royal Challengers Bangalore,117,10,123.0,3.0,Rajasthan Royals,Royal Challengers Bangalore,Chasing,True
598024,2013-04-21,2013,2013,Feroz Shah Kotla,Delhi,T20,Indian Premier League,Mumbai Indians,bat,Delhi Daredevils,9 wickets,V Sehwag,,,,Mumbai Indians,Delhi Daredevils,161,4,165.0,1.0,Mumbai Indians,Delhi Daredevils,Chasing,False
598025,2013-04-21,2013,2013,"Punjab Cricket Association Stadium, Mohali",Chandigarh,T20,Indian Premier League,Kings XI Punjab,field,Kings XI Punjab,7 wickets,DA Miller,,,,Pune Warriors,Kings XI Punjab,185,4,186.0,3.0,Pune Warriors,Kings XI Punjab,Chasing,True
598026,2013-04-22,2013,2013,"MA Chidambaram Stadium, Chepauk",Chennai,T20,Indian Premier League,Rajasthan Royals,bat,Chennai Super Kings,5 wickets,MEK Hussey,,,,Rajasthan Royals,Chennai Super Kings,185,4,186.0,5.0,Rajasthan Royals,Chennai Super Kings,Chasing,False
598027,2013-04-23,2013,2013,M Chinnaswamy Stadium,Bangalore,T20,Indian Premier League,Pune Warriors,field,Royal Challengers Bangalore,130 runs,CH Gayle,,,,Royal Challengers Bangalore,Pune Warriors,263,5,133.0,9.0,Royal Challengers Bangalore,Pune Warriors,Batting First,False
598059,2013-04-23,2013,2013,Feroz Shah Kotla,Delhi,T20,Indian Premier League,Kings XI Punjab,field,Kings XI Punjab,5 wickets,Harmeet Singh,,,,Delhi Daredevils,Kings XI Punjab,120,7,121.0,5.0,Delhi Daredevils,Kings XI Punjab,Chasing,True
598029,2013-04-24,2013,2013,Eden Gardens,Kolkata,T20,Indian Premier League,Kolkata Knight Riders,bat,Mumbai Indians,5 wickets,DR Smith,,,,Kolkata Knight Riders,Mumbai Indians,159,6,162.0,5.0,Kolkata Knight Riders,Mumbai Indians,Chasing,False
598030,2013-04-25,2013,2013,"MA Chidambaram Stadium, Chepauk",Chennai,T20,Indian Premier League,Sunrisers Hyderabad,bat,Chennai Super Kings,5 wickets,MS Dhoni,,,,Sunrisers Hyderabad,Chennai Super Kings,159,6,160.0,5.0,Sunrisers Hyderabad,Chennai Super Kings,Chasing,False
598031,2013-04-26,2013,2013,Eden Gardens,Kolkata,T20,Indian Premier League,Kings XI Punjab,bat,Kolkata Knight Riders,6 wickets,JH Kallis,,,,Kings XI Punjab,Kolkata Knight Riders,149,6,150.0,4.0,Kings XI Punjab,Kolkata Knight Riders,Chasing,False
598032,2013-04-27,2013,2013,Sawai Mansingh Stadium,Jaipur,T20,Indian Premier League,Sunrisers Hyderabad,bat,Rajasthan Royals,8 wickets,JP Faulkner,,,,Sunrisers Hyderabad,Rajasthan Royals,144,9,146.0,2.0,Sunrisers Hyderabad,Rajasthan Royals,Chasing,False
598033,2013-04-27,2013,2013,Wankhede Stadium,Mumbai,T20,Indian Premier League,Mumbai Indians,bat,Mumbai Indians,58 runs,DR Smith,,,,Mumbai Indians,Royal Challengers Bangalore,194,7,136.0,7.0,Mumbai Indians,Royal Challengers Bangalore,Batting First,True
598034,2013-04-28,2013,2013,"MA Chidambaram Stadium, Chepauk",Chennai,T20,Indian Premier League,Kolkata Knight Riders,field,Chennai Super Kings,14 runs,MEK Hussey,,,,Chennai Super Kings,Kolkata Knight Riders,200,3,186.0,4.0,Chennai Super Kings,Kolkata Knight Riders,Batting First,False
598035,2013-04-28,2013,2013,Shaheed Veer Narayan Singh International Stadium,Raipur,T20,Indian Premier League,Pune Warriors,field,Delhi Daredevils,15 runs,DA Warner,,,,Delhi Daredevils,Pune Warriors,164,5,149.0,4.0,Delhi Daredevils,Pune Warriors,Batting First,False
598036,2013-04-29,2013,2013,Sawai Mansingh Stadium,Jaipur,T20,Indian Premier League,Rajasthan Royals,field,Rajasthan Royals,4 wickets,SV Samson,,,,Royal Challengers Bangalore,Rajasthan Royals,171,6,173.0,6.0,Royal Challengers Bangalore,Rajasthan Royals,Chasing,True
598037,2013-04-29,2013,2013,Wankhede Stadium,Mumbai,T20,Indian Premier League,Mumbai Indians,bat,Mumbai Indians,4 runs,RG Sharma,,,,Mumbai Indians,Kings XI Punjab,174,3,170.0,10.0,Mumbai Indians,Kings XI Punjab,Batting First,True
598038,2013-04-30,2013,2013,Subrata Roy Sahara Stadium,Pune,T20,Indian Premier League,Chennai Super Kings,bat,Chennai Super Kings,37 runs,MS Dhoni,,,,Chennai Super Kings,Pune Warriors,164,3,127.0,9.0,Chennai Super Kings,Pune Warriors,Batting First,True
598039,2013-05-01,2013,2013,"Rajiv Gandhi International Stadium, Uppal",Hyderabad,T20,Indian Premier League,Mumbai Indians,bat,Sunrisers Hyderabad,7 wickets,I Sharma,,,,Mumbai Indians,Sunrisers Hyderabad,129,4,130.0,3.0,Mumbai Indians,Sunrisers Hyderabad,Chasing,False
598040,2013-05-01,2013,2013,Shaheed Veer Narayan Singh International Stadium,Raipur,T20,Indian Premier League,Kolkata Knight Riders,bat,Delhi Daredevils,7 wickets,DA Warner,,,,Kolkata Knight Riders,Delhi Daredevils,136,7,137.0,3.0,Kolkata Knight Riders,Delhi Daredevils,Chasing,False
598041,2013-05-02,2013,2013,"MA Chidambaram Stadium, Chepauk",Chennai,T20,Indian Premier League,Chennai Super Kings,bat,Chennai Super Kings,15 runs,SK Raina,,,,Chennai Super Kings,Kings XI Punjab,186,4,171.0,6.0,Chennai Super Kings,Kings XI Punjab,Batting First,True
598042,2013-05-02,2013,2013,Subrata Roy Sahara Stadium,Pune,T20,Indian Premier League,Royal Challengers Bangalore,bat,Royal Challengers Bangalore,17 runs,AB de Villiers,,,,Royal Challengers Bangalore,Pune Warriors,187,3,170.0,9.0,Royal Challengers Bangalore,Pune Warriors,Batting First,True
598043,2013-05-03,2013,2013,Eden Gardens,Kolkata,T20,Indian Premier League,Rajasthan Royals,bat,Kolkata Knight Riders,8 wickets,YK Pathan,,,,Rajasthan Royals,Kolkata Knight Riders,132,6,133.0,2.0,Rajasthan Royals,Kolkata Knight Riders,Chasing,False
598044,2013-05-04,2013,2013,"Rajiv Gandhi International Stadium, Uppal",Hyderabad,T20,Indian Premier League,Delhi Daredevils,bat,Sunrisers Hyderabad,6 wickets,DJG Sammy,,,,Delhi Daredevils,Sunrisers Hyderabad,80,10,81.0,4.0,Delhi Daredevils,Sunrisers Hyderabad,Chasing,False
598046,2013-05-05,2013,2013,Wankhede Stadium,Mumbai,T20,Indian Premier League,Mumbai Indians,bat,Mumbai Indians,60 runs,MG Johnson,,,,Mumbai Indians,Chennai Super Kings,139,5,79.0,10.0,Mumbai Indians,Chennai Super Kings,Batting First,True
598047,2013-05-05,2013,2013,Sawai Mansingh Stadium,Jaipur,T20,Indian Premier League,Pune Warriors,bat,Rajasthan Royals,5 wickets,AM Rahane,,,,Pune Warriors,Rajasthan Royals,178,4,182.0,5.0,Pune Warriors,Rajasthan Royals,Chasing,False
598064,2013-05-06,2013,2013,"Punjab Cricket Association Stadium, Mohali",Chandigarh,T20,Indian Premier League,Kings XI Punjab,field,Kings XI Punjab,6 wickets,DA Miller,,,,Royal Challengers Bangalore,Kings XI Punjab,190,3,194.0,4.0,Royal Challengers Bangalore,Kings XI Punjab,Chasing,True
598049,2013-05-07,2013,2013,Sawai Mansingh Stadium,Jaipur,T20,Indian Premier League,Delhi Daredevils,bat,Rajasthan Royals,9 wickets,AM Rahane,,,,Delhi Daredevils,Rajasthan Royals,154,4,155.0,1.0,Delhi Daredevils,Rajasthan Royals,Chasing,False
598050,2013-05-07,2013,2013,Wankhede Stadium,Mumbai,T20,Indian Premier League,Mumbai Indians,bat,Mumbai Indians,65 runs,SR Tendulkar,,,,Mumbai Indians,Kolkata Knight Riders,170,6,105.0,10.0,Mumbai Indians,Kolkata Knight Riders,Batting First,True
598051,2013-05-08,2013,2013,"Rajiv Gandhi International Stadium, Uppal",Hyderabad,T20,Indian Premier League,Sunrisers Hyderabad,field,Chennai Super Kings,77 runs,SK Raina,,,,Chennai Super Kings,Sunrisers Hyderabad,223,3,146.0,8.0,Chennai Super Kings,Sunrisers Hyderabad,Batting First,False
598052,2013-05-09,2013,2013,"Punjab Cricket Association Stadium, Mohali",Chandigarh,T20,Indian Premier League,Rajasthan Royals,field,Rajasthan Royals,8 wickets,KK Cooper,,,,Kings XI Punjab,Rajasthan Royals,145,6,147.0,2.0,Kings XI Punjab,Rajasthan Royals,Chasing,True
598053,2013-05-09,2013,2013,Subrata Roy Sahara Stadium,Pune,T20,Indian Premier League,Kolkata Knight Riders,bat,Kolkata Knight Riders,46 runs,G Gambhir,,,,Kolkata Knight Riders,Pune Warriors,152,6,106.0,10.0,Kolkata Knight Riders,Pune Warriors,Batting First,True
598054,2013-05-10,2013,2013,Feroz Shah Kotla,Delhi,T20,Indian Premier League,Delhi Daredevils,field,Royal Challengers Bangalore,4 runs,JD Unadkat,,,,Royal Challengers Bangalore,Delhi Daredevils,183,4,179.0,7.0,Royal Challengers Bangalore,Delhi Daredevils,Batting First,False
598055,2013-05-11,2013,2013,Subrata Roy Sahara Stadium,Pune,T20,Indian Premier League,Pune Warriors,bat,Mumbai Indians,5 wickets,MG Johnson,,,,Pune Warriors,Mumbai Indians,112,8,116.0,5.0,Pune Warriors,Mumbai Indians,Chasing,False
598056,2013-05-11,2013,2013,"Punjab Cricket Association Stadium, Mohali",Chandigarh,T20,Indian Premier League,Kings XI Punjab,field,Sunrisers Hyderabad,30 runs,PA Patel,,,,Sunrisers Hyderabad,Kings XI Punjab,150,7,120.0,9.0,Sunrisers Hyderabad,Kings XI Punjab,Batting First,False
598057,2013-05-12,2013,2013,JSCA International Stadium Complex,Ranchi,T20,Indian Premier League,Kolkata Knight Riders,field,Kolkata Knight Riders,5 wickets,JH Kallis,,,,Royal Challengers Bangalore,Kolkata Knight Riders,115,9,116.0,5.0,Royal Challengers Bangalore,Kolkata Knight Riders,Chasing,True
598058,2013-05-12,2013,2013,Sawai Mansingh Stadium,Jaipur,T20,Indian Premier League,Rajasthan Royals,field,Rajasthan Royals,5 wickets,SR Watson,,,,Chennai Super Kings,Rajasthan Royals,141,4,144.0,5.0,Chennai Super Kings,Rajasthan Royals,Chasing,True
598060,2013-05-13,2013,2013,Wankhede Stadium,Mumbai,T20,Indian Premier League,Sunrisers Hyderabad,bat,Mumbai Indians,7 wickets,KA Pollard,,,,Sunrisers Hyderabad,Mumbai Indians,178,3,184.0,4.0,Sunrisers Hyderabad,Mumbai Indians,Chasing,False
598045,2013-05-14,2013,2013,M Chinnaswamy Stadium,Bangalore,T20,Indian Premier League,Kings XI Punjab,field,Kings XI Punjab,7 wickets,AC Gilchrist,,,,Royal Challengers Bangalore,Kings XI Punjab,174,5,176.0,3.0,Royal Challengers Bangalore,Kings XI Punjab,Chasing,True
598062,2013-05-14,2013,2013,"MA Chidambaram Stadium, Chepauk",Chennai,T20,Indian Premier League,Chennai Super Kings,bat,Chennai Super Kings,33 runs,MS Dhoni,,,,Chennai Super Kings,Delhi Daredevils,168,4,135.0,9.0,Chennai Super Kings,Delhi Daredevils,Batting First,True
598061,2013-05-15,2013,2013,JSCA International Stadium Complex,Ranchi,T20,Indian Premier League,Kolkata Knight Riders,field,Pune Warriors,7 runs,MK Pandey,,,,Pune Warriors,Kolkata Knight Riders,170,4,163.0,7.0,Pune Warriors,Kolkata Knight Riders,Batting First,False
598063,2013-05-15,2013,2013,Wankhede Stadium,Mumbai,T20,Indian Premier League,Rajasthan Royals,field,Mumbai Indians,14 runs,AP Tare,,,,Mumbai Indians,Rajasthan Royals,166,8,152.0,7.0,Mumbai Indians,Rajasthan Royals,Batting First,False
598028,2013-05-16,2013,2013,Himachal Pradesh Cricket Association Stadium,Dharamsala,T20,Indian Premier League,Delhi Daredevils,field,Kings XI Punjab,7 runs,DA Miller,,,,Kings XI Punjab,Delhi Daredevils,171,4,164.0,7.0,Kings XI Punjab,Delhi Daredevils,Batting First,False
598065,2013-05-17,2013,2013,"Rajiv Gandhi International Stadium, Uppal",Hyderabad,T20,Indian Premier League,Sunrisers Hyderabad,bat,Sunrisers Hyderabad,23 runs,A Mishra,,,,Sunrisers Hyderabad,Rajasthan Royals,136,9,113.0,9.0,Sunrisers Hyderabad,Rajasthan Royals,Batting First,True
598066,2013-05-18,2013,2013,Himachal Pradesh Cricket Association Stadium,Dharamsala,T20,Indian Premier League,Mumbai Indians,field,Kings XI Punjab,50 runs,Azhar Mahmood,,,,Kings XI Punjab,Mumbai Indians,183,8,133.0,9.0,Kings XI Punjab,Mumbai Indians,Batting First,False
598068,2013-05-18,2013,2013,M Chinnaswamy Stadium,Bangalore,T20,Indian Premier League,Chennai Super Kings,field,Royal Challengers Bangalore,24 runs,V Kohli,,,,Royal Challengers Bangalore,Chennai Super Kings,106,2,82.0,6.0,Royal Challengers Bangalore,Chennai Super Kings,Batting First,False
598067,2013-05-19,2013,2013,Subrata Roy Sahara Stadium,Pune,T20,Indian Premier League,Pune Warriors,bat,Pune Warriors,38 runs,LJ Wright,,,,Pune Warriors,Delhi Daredevils,172,5,134.0,9.0,Pune Warriors,Delhi Daredevils,Batting First,True
598069,2013-05-19,2013,2013,"Rajiv Gandhi International Stadium, Uppal",Hyderabad,T20,Indian Premier League,Kolkata Knight Riders,bat,Sunrisers Hyderabad,5 wickets,PA Patel,,,,Kolkata Knight Riders,Sunrisers Hyderabad,130,7,132.0,5.0,Kolkata Knight Riders,Sunrisers Hyderabad,Chasing,False
598070,2013-05-21,2013,2013,Feroz Shah Kotla,Delhi,T20,Indian Premier League,Chennai Super Kings,bat,Chennai Super Kings,48 runs,MEK Hussey,,,,Chennai Super Kings,Mumbai Indians,192,1,144.0,10.0,Chennai Super Kings,Mumbai Indians,Batting First,True
598071,2013-05-22,2013,2013,Feroz Shah Kotla,Delhi,T20,Indian Premier League,Sunrisers Hyderabad,bat,Rajasthan Royals,4 wickets,BJ Hodge,,,,Sunrisers Hyderabad,Rajasthan Royals,132,7,135.0,6.0,Sunrisers Hyderabad,Rajasthan Royals,Chasing,False
598072,2013-05-24,2013,2013,Eden Gardens,Kolkata,T20,Indian Premier League,Rajasthan Royals,bat,Mumbai Indians,4 wickets,Harbhajan Singh,,,,Rajasthan Royals,Mumbai Indians,165,6,169.0,6.0,Rajasthan Royals,Mumbai Indians,Chasing,False
598073,2013-05-26,2013,2013,Eden Gardens,Kolkata,T20,Indian Premier League,Mumbai Indians,bat,Mumbai Indians,23 runs,KA Pollard,,,,Mumbai Indians,Chennai Super Kings,148,9,125.0,9.0,Mumbai Indians,Chennai Super Kings,Batting First,True
729279,2014-04-16,2014,2014,Sheikh Zayed Stadium,Abu Dhabi,T20,Indian Premier League,Kolkata Knight Riders,bat,Kolkata Knight Riders,41 runs,JH Kallis,,,,Kolkata Knight Riders,Mumbai Indians,163,5,122.0,7.0,Kolkata Knight Riders,Mumbai Indians,Batting First,True
729281,2014-04-17,2014,2014,Sharjah Cricket Stadium,Unknown,T20,Indian Premier League,Royal Challengers Bangalore,field,Royal Challengers Bangalore,8 wickets,YS Chahal,,,,Delhi Daredevils,Royal Challengers Bangalore,145,4,146.0,2.0,Delhi Daredevils,Royal Challengers Bangalore,Chasing,True
729283,2014-04-18,2014,2014,Sheikh Zayed Stadium,Abu Dhabi,T20,Indian Premier League,Chennai Super Kings,bat,Kings XI Punjab,6 wickets,GJ Maxwell,,,,Chennai Super Kings,Kings XI Punjab,205,4,206.0,4.0,Chennai Super Kings,Kings XI Punjab,Chasing,False
729285,2014-04-18,2014,2014,Sheikh Zayed Stadium,Abu Dhabi,T20,Indian Premier League,Rajasthan Royals,field,Rajasthan Royals,4 wickets,AM Rahane,,,,Sunrisers Hyderabad,Rajasthan Royals,133,6,135.0,6.0,Sunrisers Hyderabad,Rajasthan Royals,Chasing,True
729287,2014-04-19,2014,2014,Dubai International Cricket Stadium,Unknown,T20,Indian Premier League,Royal Challengers Bangalore,field,Royal Challengers Bangalore,7 wickets,PA Patel,,,,Mumbai Indians,Royal Challengers Bangalore,115,9,116.0,3.0,Mumbai Indians,Royal Challengers Bangalore,Chasing,True
729289,2014-04-19,2014,2014,Dubai International Cricket Stadium,Unknown,T20,Indian Premier League,Kolkata Knight Riders,bat,Delhi Daredevils,4 wickets,JP Duminy,,,,Kolkata Knight Riders,Delhi Daredevils,166,5,167.0,6.0,Kolkata Knight Riders,Delhi Daredevils,Chasing,False
729291,2014-04-20,2014,2014,Sharjah Cricket Stadium,Unknown,T20,Indian Premier League,Kings XI Punjab,field,Kings XI Punjab,7 wickets,GJ Maxwell,,,,Rajasthan Royals,Kings XI Punjab,191,5,193.0,3.0,Rajasthan Royals,Kings XI Punjab,Chasing,True
729293,2014-04-21,2014,2014,Sheikh Zayed Stadium,Abu Dhabi,T20,Indian Premier League,Chennai Super Kings,bat,Chennai Super Kings,93 runs,SK Raina,,,,Chennai Super Kings,Delhi Daredevils,177,7,84.0,9.0,Chennai Super Kings,Delhi Daredevils,Batting First,True
729295,2014-04-22,2014,2014,Sharjah Cricket Stadium,Unknown,T20,Indian Premier League,Sunrisers Hyderabad,field,Kings XI Punjab,72 runs,GJ Maxwell,,,,Kings XI Punjab,Sunrisers Hyderabad,193,6,121.0,10.0,Kings XI Punjab,Sunrisers Hyderabad,Batting First,False
729297,2014-04-23,2014,2014,Dubai International Cricket Stadium,Unknown,T20,Indian Premier League,Rajasthan Royals,field,Chennai Super Kings,7 runs,RA Jadeja,,,,Chennai Super Kings,Rajasthan Royals,140,6,133.0,10.0,Chennai Super Kings,Rajasthan Royals,Batting First,False
729299,2014-04-24,2014,2014,Sharjah Cricket Stadium,Unknown,T20,Indian Premier League,Royal Challengers Bangalore,field,Kolkata Knight Riders,2 runs,CA Lynn,,,,Kolkata Knight Riders,Royal Challengers Bangalore,150,7,148.0,5.0,Kolkata Knight Riders,Royal Challengers Bangalore,Batting First,False
729301,2014-04-25,2014,2014,Dubai International Cricket Stadium,Unknown,T20,Indian Premier League,Sunrisers Hyderabad,bat,Sunrisers Hyderabad,4 runs,AJ Finch,,,,Sunrisers Hyderabad,Delhi Daredevils,184,1,180.0,4.0,Sunrisers Hyderabad,Delhi Daredevils,Batting First,True
729303,2014-04-25,2014,2014,Dubai International Cricket Stadium,Unknown,T20,Indian Premier League,Mumbai Indians,bat,Chennai Super Kings,7 wickets,MM Sharma,,,,Mumbai Indians,Chennai Super Kings,141,7,142.0,3.0,Mumbai Indians,Chennai Super Kings,Chasing,False
729305,2014-04-26,2014,2014,Sheikh Zayed Stadium,Abu Dhabi,T20,Indian Premier League,Rajasthan Royals,field,Rajasthan Royals,6 wickets,PV Tambe,,,,Royal Challengers Bangalore,Rajasthan Royals,70,10,71.0,4.0,Royal Challengers Bangalore,Rajasthan Royals,Chasing,True
729307,2014-04-26,2014,2014,Sheikh Zayed Stadium,Abu Dhabi,T20,Indian Premier League,Kolkata Knight Riders,field,Kings XI Punjab,23 runs,Sandeep Sharma,,,,Kings XI Punjab,Kolkata Knight Riders,132,9,109.0,10.0,Kings XI Punjab,Kolkata Knight Riders,Batting First,False
729309,2014-04-27,2014,2014,Sharjah Cricket Stadium,Unknown,T20,Indian Premier League,Mumbai Indians,bat,Delhi Daredevils,6 wickets,M Vijay,,,,Mumbai Indians,Delhi Daredevils,125,7,126.0,4.0,Mumbai Indians,Delhi Daredevils,Chasing,False
729311,2014-04-27,2014,2014,Sharjah Cricket Stadium,Unknown,T20,Indian Premier League,Sunrisers Hyderabad,bat,Chennai Super Kings,5 wickets,DR Smith,,,,Sunrisers Hyderabad,Chennai Super Kings,145,5,146.0,5.0,Sunrisers Hyderabad,Chennai Super Kings,Chasing,False
729313,2014-04-28,2014,2014,Dubai International Cricket Stadium,Unknown,T20,Indian Premier League,Kings XI Punjab,field,Kings XI Punjab,5 wickets,Sandeep Sharma,,,,Royal Challengers Bangalore,Kings XI Punjab,124,8,127.0,5.0,Royal Challengers Bangalore,Kings XI Punjab,Chasing,True
729315,2014-04-29,2014,2014,Sheikh Zayed Stadium,Abu Dhabi,T20,Indian Premier League,Rajasthan Royals,bat,Unknown,,JP Faulkner,tie,,Rajasthan Royals,Rajasthan Royals,Kolkata Knight Riders,152,5,152.0,8.0,Rajasthan Royals,Kolkata Knight Riders,Tie / No Result,False
729317,2014-04-30,2014,2014,Dubai International Cricket Stadium,Unknown,T20,Indian Premier League,Mumbai Indians,field,Sunrisers Hyderabad,15 runs,B Kumar,,,,Sunrisers Hyderabad,Mumbai Indians,172,5,157.0,7.0,Sunrisers Hyderabad,Mumbai Indians,Batting First,False
733971,2014-05-02,2014,2014,JSCA International Stadium Complex,Ranchi,T20,Indian Premier League,Chennai Super Kings,bat,Chennai Super Kings,34 runs,RA Jadeja,,,,Chennai Super Kings,Kolkata Knight Riders,148,3,114.0,9.0,Chennai Super Kings,Kolkata Knight Riders,Batting First,True
733973,2014-05-03,2014,2014,Wankhede Stadium,Mumbai,T20,Indian Premier League,Kings XI Punjab,bat,Mumbai Indians,5 wickets,CJ Anderson,,,,Kings XI Punjab,Mumbai Indians,168,5,170.0,5.0,Kings XI Punjab,Mumbai Indians,Chasing,False
733975,2014-05-03,2014,2014,Feroz Shah Kotla,Delhi,T20,Indian Premier League,Rajasthan Royals,field,Rajasthan Royals,7 wickets,KK Nair,,,,Delhi Daredevils,Rajasthan Royals,152,5,156.0,3.0,Delhi Daredevils,Rajasthan Royals,Chasing,True
733977,2014-05-04,2014,2014,M Chinnaswamy Stadium,Bangalore,T20,Indian Premier League,Royal Challengers Bangalore,field,Royal Challengers Bangalore,4 wickets,AB de Villiers,,,,Sunrisers Hyderabad,Royal Challengers Bangalore,155,6,158.0,6.0,Sunrisers Hyderabad,Royal Challengers Bangalore,Chasing,True
733979,2014-05-05,2014,2014,"Sardar Patel Stadium, Motera",Ahmedabad,T20,Indian Premier League,Kolkata Knight Riders,field,Rajasthan Royals,10 runs,PV Tambe,,,,Rajasthan Royals,Kolkata Knight Riders,170,6,160.0,6.0,Rajasthan Royals,Kolkata Knight Riders,Batting First,False
733981,2014-05-05,2014,2014,Feroz Shah Kotla,Delhi,T20,Indian Premier League,Chennai Super Kings,field,Chennai Super Kings,8 wickets,DR Smith,,,,Delhi Daredevils,Chennai Super Kings,178,5,181.0,2.0,Delhi Daredevils,Chennai Super Kings,Chasing,True
733983,2014-05-06,2014,2014,Wankhede Stadium,Mumbai,T20,Indian Premier League,Royal Challengers Bangalore,field,Mumbai Indians,19 runs,RG Sharma,,,,Mumbai Indians,Royal Challengers Bangalore,187,5,168.0,8.0,Mumbai Indians,Royal Challengers Bangalore,Batting First,False
733985,2014-05-07,2014,2014,Feroz Shah Kotla,Delhi,T20,Indian Premier League,Delhi Daredevils,bat,Kolkata Knight Riders,8 wickets,G Gambhir,,,,Delhi Daredevils,Kolkata Knight Riders,160,5,161.0,2.0,Delhi Daredevils,Kolkata Knight Riders,Chasing,False
733987,2014-05-07,2014,2014,Barabati Stadium,Cuttack,T20,Indian Premier League,Chennai Super Kings,field,Kings XI Punjab,44 runs,GJ Maxwell,,,,Kings XI Punjab,Chennai Super Kings,231,4,187.0,6.0,Kings XI Punjab,Chennai Super Kings,Batting First,False
733989,2014-05-08,2014,2014,"Sardar Patel Stadium, Motera",Ahmedabad,T20,Indian Premier League,Rajasthan Royals,field,Sunrisers Hyderabad,32 runs,B Kumar,,,,Sunrisers Hyderabad,Rajasthan Royals,134,9,102.0,10.0,Sunrisers Hyderabad,Rajasthan Royals,Batting First,False
733991,2014-05-09,2014,2014,M Chinnaswamy Stadium,Bangalore,T20,Indian Premier League,Royal Challengers Bangalore,field,Kings XI Punjab,32 runs,Sandeep Sharma,,,,Kings XI Punjab,Royal Challengers Bangalore,198,8,166.0,9.0,Kings XI Punjab,Royal Challengers Bangalore,Batting First,False
733993,2014-05-10,2014,2014,Feroz Shah Kotla,Delhi,T20,Indian Premier League,Sunrisers Hyderabad,field,Sunrisers Hyderabad,8 wickets,DW Steyn,,D/L,,Delhi Daredevils,Sunrisers Hyderabad,143,7,44.0,2.0,Delhi Daredevils,Sunrisers Hyderabad,Chasing,True
733995,2014-05-10,2014,2014,Wankhede Stadium,Mumbai,T20,Indian Premier League,Chennai Super Kings,field,Chennai Super Kings,4 wickets,DR Smith,,,,Mumbai Indians,Chennai Super Kings,157,6,160.0,6.0,Mumbai Indians,Chennai Super Kings,Chasing,True
733997,2014-05-11,2014,2014,Barabati Stadium,Cuttack,T20,Indian Premier League,Kolkata Knight Riders,field,Kolkata Knight Riders,9 wickets,G Gambhir,,,,Kings XI Punjab,Kolkata Knight Riders,149,8,150.0,1.0,Kings XI Punjab,Kolkata Knight Riders,Chasing,True
733999,2014-05-11,2014,2014,M Chinnaswamy Stadium,Bangalore,T20,Indian Premier League,Royal Challengers Bangalore,bat,Rajasthan Royals,5 wickets,JP Faulkner,,,,Royal Challengers Bangalore,Rajasthan Royals,190,5,191.0,5.0,Royal Challengers Bangalore,Rajasthan Royals,Chasing,False
734001,2014-05-12,2014,2014,"Rajiv Gandhi International Stadium, Uppal",Hyderabad,T20,Indian Premier League,Sunrisers Hyderabad,bat,Mumbai Indians,7 wickets,AT Rayudu,,,,Sunrisers Hyderabad,Mumbai Indians,157,3,160.0,3.0,Sunrisers Hyderabad,Mumbai Indians,Chasing,False
734003,2014-05-13,2014,2014,JSCA International Stadium Complex,Ranchi,T20,Indian Premier League,Rajasthan Royals,bat,Chennai Super Kings,5 wickets,RA Jadeja,,,,Rajasthan Royals,Chennai Super Kings,148,8,149.0,5.0,Rajasthan Royals,Chennai Super Kings,Chasing,False
734005,2014-05-13,2014,2014,M Chinnaswamy Stadium,Bangalore,T20,Indian Premier League,Delhi Daredevils,field,Royal Challengers Bangalore,16 runs,Yuvraj Singh,,,,Royal Challengers Bangalore,Delhi Daredevils,186,4,170.0,7.0,Royal Challengers Bangalore,Delhi Daredevils,Batting First,False
734007,2014-05-14,2014,2014,"Rajiv Gandhi International Stadium, Uppal",Hyderabad,T20,Indian Premier League,Kings XI Punjab,field,Kings XI Punjab,6 wickets,WP Saha,,,,Sunrisers Hyderabad,Kings XI Punjab,205,5,211.0,4.0,Sunrisers Hyderabad,Kings XI Punjab,Chasing,True
734009,2014-05-14,2014,2014,Barabati Stadium,Cuttack,T20,Indian Premier League,Kolkata Knight Riders,field,Kolkata Knight Riders,6 wickets,RV Uthappa,,,,Mumbai Indians,Kolkata Knight Riders,141,5,142.0,4.0,Mumbai Indians,Kolkata Knight Riders,Chasing,True
734011,2014-05-15,2014,2014,"Sardar Patel Stadium, Motera",Ahmedabad,T20,Indian Premier League,Delhi Daredevils,field,Rajasthan Royals,62 runs,AM Rahane,,,,Rajasthan Royals,Delhi Daredevils,201,6,139.0,9.0,Rajasthan Royals,Delhi Daredevils,Batting First,False
734013,2014-05-18,2014,2014,JSCA International Stadium Complex,Ranchi,T20,Indian Premier League,Chennai Super Kings,bat,Royal Challengers Bangalore,5 wickets,AB de Villiers,,,,Chennai Super Kings,Royal Challengers Bangalore,138,4,142.0,5.0,Chennai Super Kings,Royal Challengers Bangalore,Chasing,False
734015,2014-05-18,2014,2014,"Rajiv Gandhi International Stadium, Uppal",Hyderabad,T20,Indian Premier League,Sunrisers Hyderabad,bat,Kolkata Knight Riders,7 wickets,UT Yadav,,,,Sunrisers Hyderabad,Kolkata Knight Riders,142,8,146.0,3.0,Sunrisers Hyderabad,Kolkata Knight Riders,Chasing,False
734017,2014-05-19,2014,2014,"Sardar Patel Stadium, Motera",Ahmedabad,T20,Indian Premier League,Mumbai Indians,bat,Mumbai Indians,25 runs,MEK Hussey,,,,Mumbai Indians,Rajasthan Royals,178,3,153.0,8.0,Mumbai Indians,Rajasthan Royals,Batting First,True
734019,2014-05-19,2014,2014,Feroz Shah Kotla,Delhi,T20,Indian Premier League,Kings XI Punjab,field,Kings XI Punjab,4 wickets,AR Patel,,,,Delhi Daredevils,Kings XI Punjab,164,7,165.0,6.0,Delhi Daredevils,Kings XI Punjab,Chasing,True
734021,2014-05-20,2014,2014,"Rajiv Gandhi International Stadium, Uppal",Hyderabad,T20,Indian Premier League,Royal Challengers Bangalore,bat,Sunrisers Hyderabad,7 wickets,DA Warner,,,,Royal Challengers Bangalore,Sunrisers Hyderabad,160,6,161.0,3.0,Royal Challengers Bangalore,Sunrisers Hyderabad,Chasing,False
734023,2014-05-20,2014,2014,Eden Gardens,Kolkata,T20,Indian Premier League,Kolkata Knight Riders,field,Kolkata Knight Riders,8 wickets,RV Uthappa,,,,Chennai Super Kings,Kolkata Knight Riders,154,4,156.0,2.0,Chennai Super Kings,Kolkata Knight Riders,Chasing,True
734025,2014-05-21,2014,2014,"Punjab Cricket Association Stadium, Mohali",Chandigarh,T20,Indian Premier League,Mumbai Indians,field,Mumbai Indians,7 wickets,LMP Simmons,,,,Kings XI Punjab,Mumbai Indians,156,8,159.0,3.0,Kings XI Punjab,Mumbai Indians,Chasing,True
734027,2014-05-22,2014,2014,Eden Gardens,Kolkata,T20,Indian Premier League,Royal Challengers Bangalore,field,Kolkata Knight Riders,30 runs,RV Uthappa,,,,Kolkata Knight Riders,Royal Challengers Bangalore,195,4,165.0,5.0,Kolkata Knight Riders,Royal Challengers Bangalore,Batting First,False
734029,2014-05-22,2014,2014,JSCA International Stadium Complex,Ranchi,T20,Indian Premier League,Sunrisers Hyderabad,field,Sunrisers Hyderabad,6 wickets,DA Warner,,,,Chennai Super Kings,Sunrisers Hyderabad,185,3,189.0,4.0,Chennai Super Kings,Sunrisers Hyderabad,Chasing,True
734031,2014-05-23,2014,2014,Wankhede Stadium,Mumbai,T20,Indian Premier League,Delhi Daredevils,field,Mumbai Indians,15 runs,MEK Hussey,,,,Mumbai Indians,Delhi Daredevils,173,10,158.0,4.0,Mumbai Indians,Delhi Daredevils,Batting First,False
734033,2014-05-23,2014,2014,"Punjab Cricket Association Stadium, Mohali",Chandigarh,T20,Indian Premier League,Rajasthan Royals,field,Kings XI Punjab,16 runs,SE Marsh,,,,Kings XI Punjab,Rajasthan Royals,179,4,163.0,8.0,Kings XI Punjab,Rajasthan Royals,Batting First,False
734035,2014-05-24,2014,2014,M Chinnaswamy Stadium,Bangalore,T20,Indian Premier League,Chennai Super Kings,field,Chennai Super Kings,8 wickets,MS Dhoni,,,,Royal Challengers Bangalore,Chennai Super Kings,154,6,160.0,2.0,Royal Challengers Bangalore,Chennai Super Kings,Chasing,True
734037,2014-05-24,2014,2014,Eden Gardens,Kolkata,T20,Indian Premier League,Kolkata Knight Riders,field,Kolkata Knight Riders,4 wickets,YK Pathan,,,,Sunrisers Hyderabad,Kolkata Knight Riders,160,7,161.0,6.0,Sunrisers Hyderabad,Kolkata Knight Riders,Chasing,True
734039,2014-05-25,2014,2014,"Punjab Cricket Association Stadium, Mohali",Chandigarh,T20,Indian Premier League,Kings XI Punjab,field,Kings XI Punjab,7 wickets,M Vohra,,,,Delhi Daredevils,Kings XI Punjab,115,10,119.0,3.0,Delhi Daredevils,Kings XI Punjab,Chasing,True
734041,2014-05-25,2014,2014,Wankhede Stadium,Mumbai,T20,Indian Premier League,Mumbai Indians,field,Mumbai Indians,5 wickets,CJ Anderson,,,,Rajasthan Royals,Mumbai Indians,189,4,195.0,5.0,Rajasthan Royals,Mumbai Indians,Chasing,True
734043,2014-05-27,2014,2014,Eden Gardens,Kolkata,T20,Indian Premier League,Kings XI Punjab,field,Kolkata Knight Riders,28 runs,UT Yadav,,,,Kolkata Knight Riders,Kings XI Punjab,163,8,135.0,8.0,Kolkata Knight Riders,Kings XI Punjab,Batting First,False
734045,2014-05-28,2014,2014,Brabourne Stadium,Mumbai,T20,Indian Premier League,Chennai Super Kings,field,Chennai Super Kings,7 wickets,SK Raina,,,,Mumbai Indians,Chennai Super Kings,173,8,176.0,3.0,Mumbai Indians,Chennai Super Kings,Chasing,True
734047,2014-05-30,2014,2014,Wankhede Stadium,Mumbai,T20,Indian Premier League,Chennai Super Kings,field,Kings XI Punjab,24 runs,V Sehwag,,,,Kings XI Punjab,Chennai Super Kings,226,6,202.0,7.0,Kings XI Punjab,Chennai Super Kings,Batting First,False
734049,2014-06-01,2014,2014,M Chinnaswamy Stadium,Bangalore,T20,Indian Premier League,Kolkata Knight Riders,field,Kolkata Knight Riders,3 wickets,MK Pandey,,,,Kings XI Punjab,Kolkata Knight Riders,199,4,200.0,7.0,Kings XI Punjab,Kolkata Knight Riders,Chasing,True
829705,2015-04-08,2015,2015,Eden Gardens,Kolkata,T20,Indian Premier League,Kolkata Knight Riders,field,Kolkata Knight Riders,7 wickets,M Morkel,,,,Mumbai Indians,Kolkata Knight Riders,168,3,170.0,3.0,Mumbai Indians,Kolkata Knight Riders,Chasing,True
829707,2015-04-09,2015,2015,"MA Chidambaram Stadium, Chepauk",Chennai,T20,Indian Premier League,Delhi Daredevils,field,Chennai Super Kings,1 runs,A Nehra,,,,Chennai Super Kings,Delhi Daredevils,150,7,149.0,9.0,Chennai Super Kings,Delhi Daredevils,Batting First,False
829709,2015-04-10,2015,2015,Maharashtra Cricket Association Stadium,Pune,T20,Indian Premier League,Kings XI Punjab,field,Rajasthan Royals,26 runs,JP Faulkner,,,,Rajasthan Royals,Kings XI Punjab,162,7,136.0,8.0,Rajasthan Royals,Kings XI Punjab,Batting First,False
829711,2015-04-11,2015,2015,"MA Chidambaram Stadium, Chepauk",Chennai,T20,Indian Premier League,Chennai Super Kings,bat,Chennai Super Kings,45 runs,BB McCullum,,,,Chennai Super Kings,Sunrisers Hyderabad,209,4,164.0,6.0,Chennai Super Kings,Sunrisers Hyderabad,Batting First,True
829713,2015-04-11,2015,2015,Eden Gardens,Kolkata,T20,Indian Premier League,Royal Challengers Bangalore,field,Royal Challengers Bangalore,3 wickets,CH Gayle,,,,Kolkata Knight Riders,Royal Challengers Bangalore,177,6,179.0,7.0,Kolkata Knight Riders,Royal Challengers Bangalore,Chasing,True
829715,2015-04-12,2015,2015,Feroz Shah Kotla,Delhi,T20,Indian Premier League,Rajasthan Royals,field,Rajasthan Royals,3 wickets,DJ Hooda,,,,Delhi Daredevils,Rajasthan Royals,184,3,186.0,7.0,Delhi Daredevils,Rajasthan Royals,Chasing,True
829717,2015-04-12,2015,2015,Wankhede Stadium,Mumbai,T20,Indian Premier League,Mumbai Indians,field,Kings XI Punjab,18 runs,GJ Bailey,,,,Kings XI Punjab,Mumbai Indians,177,5,159.0,7.0,Kings XI Punjab,Mumbai Indians,Batting First,False
829719,2015-04-13,2015,2015,M Chinnaswamy Stadium,Bangalore,T20,Indian Premier League,Sunrisers Hyderabad,field,Sunrisers Hyderabad,8 wickets,DA Warner,,,,Royal Challengers Bangalore,Sunrisers Hyderabad,166,10,172.0,2.0,Royal Challengers Bangalore,Sunrisers Hyderabad,Chasing,True
829721,2015-04-14,2015,2015,"Sardar Patel Stadium, Motera",Ahmedabad,T20,Indian Premier League,Mumbai Indians,bat,Rajasthan Royals,7 wickets,SPD Smith,,,,Mumbai Indians,Rajasthan Royals,164,6,165.0,3.0,Mumbai Indians,Rajasthan Royals,Chasing,False
829725,2015-04-15,2015,2015,Maharashtra Cricket Association Stadium,Pune,T20,Indian Premier League,Kings XI Punjab,bat,Delhi Daredevils,5 wickets,MA Agarwal,,,,Kings XI Punjab,Delhi Daredevils,165,7,169.0,5.0,Kings XI Punjab,Delhi Daredevils,Chasing,False
829727,2015-04-16,2015,2015,Dr. Y.S. Rajasekhara Reddy ACA-VDCA Cricket Stadium,Visakhapatnam,T20,Indian Premier League,Rajasthan Royals,field,Rajasthan Royals,6 wickets,AM Rahane,,,,Sunrisers Hyderabad,Rajasthan Royals,127,5,131.0,4.0,Sunrisers Hyderabad,Rajasthan Royals,Chasing,True
829729,2015-04-17,2015,2015,Wankhede Stadium,Mumbai,T20,Indian Premier League,Mumbai Indians,bat,Chennai Super Kings,6 wickets,A Nehra,,,,Mumbai Indians,Chennai Super Kings,183,7,189.0,4.0,Mumbai Indians,Chennai Super Kings,Chasing,False
829731,2015-04-18,2015,2015,Dr. Y.S. Rajasekhara Reddy ACA-VDCA Cricket Stadium,Visakhapatnam,T20,Indian Premier League,Delhi Daredevils,bat,Delhi Daredevils,4 runs,JP Duminy,,,,Delhi Daredevils,Sunrisers Hyderabad,167,4,163.0,8.0,Delhi Daredevils,Sunrisers Hyderabad,Batting First,True
829733,2015-04-18,2015,2015,Maharashtra Cricket Association Stadium,Pune,T20,Indian Premier League,Kolkata Knight Riders,field,Kolkata Knight Riders,4 wickets,AD Russell,,,,Kings XI Punjab,Kolkata Knight Riders,155,9,159.0,6.0,Kings XI Punjab,Kolkata Knight Riders,Chasing,True
829735,2015-04-19,2015,2015,"Sardar Patel Stadium, Motera",Ahmedabad,T20,Indian Premier League,Chennai Super Kings,bat,Rajasthan Royals,8 wickets,AM Rahane,,,,Chennai Super Kings,Rajasthan Royals,156,4,157.0,2.0,Chennai Super Kings,Rajasthan Royals,Chasing,False
829737,2015-04-19,2015,2015,M Chinnaswamy Stadium,Bangalore,T20,Indian Premier League,Royal Challengers Bangalore,field,Mumbai Indians,18 runs,Harbhajan Singh,,,,Mumbai Indians,Royal Challengers Bangalore,209,7,191.0,7.0,Mumbai Indians,Royal Challengers Bangalore,Batting First,False
829739,2015-04-20,2015,2015,Feroz Shah Kotla,Delhi,T20,Indian Premier League,Kolkata Knight Riders,field,Kolkata Knight Riders,6 wickets,UT Yadav,,,,Delhi Daredevils,Kolkata Knight Riders,146,8,147.0,4.0,Delhi Daredevils,Kolkata Knight Riders,Chasing,True
829741,2015-04-21,2015,2015,"Sardar Patel Stadium, Motera",Ahmedabad,T20,Indian Premier League,Kings XI Punjab,field,Unknown,,SE Marsh,tie,,Kings XI Punjab,Rajasthan Royals,Kings XI Punjab,191,6,191.0,6.0,Rajasthan Royals,Kings XI Punjab,Tie / No Result,False
829743,2015-04-22,2015,2015,Dr. Y.S. Rajasekhara Reddy ACA-VDCA Cricket Stadium,Visakhapatnam,T20,Indian Premier League,Kolkata Knight Riders,field,Sunrisers Hyderabad,16 runs,DA Warner,,D/L,,Sunrisers Hyderabad,Kolkata Knight Riders,176,4,101.0,4.0,Sunrisers Hyderabad,Kolkata Knight Riders,Batting First,False
829745,2015-04-22,2015,2015,M Chinnaswamy Stadium,Bangalore,T20,Indian Premier League,Royal Challengers Bangalore,field,Chennai Super Kings,27 runs,SK Raina,,,,Chennai Super Kings,Royal Challengers Bangalore,181,8,154.0,8.0,Chennai Super Kings,Royal Challengers Bangalore,Batting First,False
829747,2015-04-23,2015,2015,Feroz Shah Kotla,Delhi,T20,Indian Premier League,Mumbai Indians,field,Delhi Daredevils,37 runs,SS Iyer,,,,Delhi Daredevils,Mumbai Indians,190,4,153.0,9.0,Delhi Daredevils,Mumbai Indians,Batting First,False
829749,2015-04-24,2015,2015,"Sardar Patel Stadium, Motera",Ahmedabad,T20,Indian Premier League,Royal Challengers Bangalore,field,Royal Challengers Bangalore,9 wickets,MA Starc,,,,Rajasthan Royals,Royal Challengers Bangalore,130,9,134.0,1.0,Rajasthan Royals,Royal Challengers Bangalore,Chasing,True
829751,2015-04-25,2015,2015,Wankhede Stadium,Mumbai,T20,Indian Premier League,Mumbai Indians,bat,Mumbai Indians,20 runs,SL Malinga,,,,Mumbai Indians,Sunrisers Hyderabad,157,8,137.0,8.0,Mumbai Indians,Sunrisers Hyderabad,Batting First,True
829753,2015-04-25,2015,2015,"MA Chidambaram Stadium, Chepauk",Chennai,T20,Indian Premier League,Chennai Super Kings,bat,Chennai Super Kings,97 runs,BB McCullum,,,,Chennai Super Kings,Kings XI Punjab,192,3,95.0,9.0,Chennai Super Kings,Kings XI Punjab,Batting First,True
829757,2015-04-26,2015,2015,Feroz Shah Kotla,Delhi,T20,Indian Premier League,Royal Challengers Bangalore,field,Royal Challengers Bangalore,10 wickets,VR Aaron,,,,Delhi Daredevils,Royal Challengers Bangalore,95,10,99.0,0.0,Delhi Daredevils,Royal Challengers Bangalore,Chasing,True
829759,2015-04-27,2015,2015,"Punjab Cricket Association Stadium, Mohali",Chandigarh,T20,Indian Premier League,Kings XI Punjab,field,Sunrisers Hyderabad,20 runs,TA Boult,,,,Sunrisers Hyderabad,Kings XI Punjab,150,6,130.0,9.0,Sunrisers Hyderabad,Kings XI Punjab,Batting First,False
829765,2015-04-28,2015,2015,"MA Chidambaram Stadium, Chepauk",Chennai,T20,Indian Premier League,Kolkata Knight Riders,field,Chennai Super Kings,2 runs,DJ Bravo,,,,Chennai Super Kings,Kolkata Knight Riders,134,6,132.0,9.0,Chennai Super Kings,Kolkata Knight Riders,Batting First,False
829763,2015-04-29,2015,2015,M Chinnaswamy Stadium,Bangalore,T20,Indian Premier League,Rajasthan Royals,field,Unknown,,Unknown,no result,,,Royal Challengers Bangalore,Rajasthan Royals,200,7,,,Royal Challengers Bangalore,Rajasthan Royals,Tie / No Result,False
829723,2015-04-30,2015,2015,Eden Gardens,Kolkata,T20,Indian Premier League,Kolkata Knight Riders,field,Kolkata Knight Riders,7 wickets,AD Russell,,,,Chennai Super Kings,Kolkata Knight Riders,165,9,169.0,3.0,Chennai Super Kings,Kolkata Knight Riders,Chasing,True
829767,2015-05-01,2015,2015,Feroz Shah Kotla,Delhi,T20,Indian Premier League,Delhi Daredevils,field,Delhi Daredevils,9 wickets,NM Coulter-Nile,,,,Kings XI Punjab,Delhi Daredevils,118,8,119.0,1.0,Kings XI Punjab,Delhi Daredevils,Chasing,True
829769,2015-05-01,2015,2015,Wankhede Stadium,Mumbai,T20,Indian Premier League,Rajasthan Royals,field,Mumbai Indians,8 runs,AT Rayudu,,,,Mumbai Indians,Rajasthan Royals,187,5,179.0,7.0,Mumbai Indians,Rajasthan Royals,Batting First,False
829771,2015-05-02,2015,2015,M Chinnaswamy Stadium,Bangalore,T20,Indian Premier League,Royal Challengers Bangalore,field,Royal Challengers Bangalore,7 wickets,Mandeep Singh,,,,Kolkata Knight Riders,Royal Challengers Bangalore,111,4,115.0,3.0,Kolkata Knight Riders,Royal Challengers Bangalore,Chasing,True
829773,2015-05-02,2015,2015,"Rajiv Gandhi International Stadium, Uppal",Hyderabad,T20,Indian Premier League,Chennai Super Kings,field,Sunrisers Hyderabad,22 runs,DA Warner,,,,Sunrisers Hyderabad,Chennai Super Kings,192,7,170.0,6.0,Sunrisers Hyderabad,Chennai Super Kings,Batting First,False
829775,2015-05-03,2015,2015,"Punjab Cricket Association Stadium, Mohali",Chandigarh,T20,Indian Premier League,Mumbai Indians,bat,Mumbai Indians,23 runs,LMP Simmons,,,,Mumbai Indians,Kings XI Punjab,172,3,149.0,7.0,Mumbai Indians,Kings XI Punjab,Batting First,True
829777,2015-05-03,2015,2015,Brabourne Stadium,Mumbai,T20,Indian Premier League,Delhi Daredevils,field,Rajasthan Royals,14 runs,AM Rahane,,,,Rajasthan Royals,Delhi Daredevils,189,2,175.0,7.0,Rajasthan Royals,Delhi Daredevils,Batting First,False
829779,2015-05-04,2015,2015,"MA Chidambaram Stadium, Chepauk",Chennai,T20,Indian Premier League,Chennai Super Kings,bat,Chennai Super Kings,24 runs,SK Raina,,,,Chennai Super Kings,Royal Challengers Bangalore,148,9,124.0,10.0,Chennai Super Kings,Royal Challengers Bangalore,Batting First,True
829781,2015-05-04,2015,2015,Eden Gardens,Kolkata,T20,Indian Premier League,Sunrisers Hyderabad,field,Kolkata Knight Riders,35 runs,UT Yadav,,,,Kolkata Knight Riders,Sunrisers Hyderabad,167,7,132.0,9.0,Kolkata Knight Riders,Sunrisers Hyderabad,Batting First,False
829783,2015-05-05,2015,2015,Wankhede Stadium,Mumbai,T20,Indian Premier League,Delhi Daredevils,bat,Mumbai Indians,5 wickets,Harbhajan Singh,,,,Delhi Daredevils,Mumbai Indians,152,6,153.0,5.0,Delhi Daredevils,Mumbai Indians,Chasing,False
829785,2015-05-06,2015,2015,M Chinnaswamy Stadium,Bangalore,T20,Indian Premier League,Kings XI Punjab,field,Royal Challengers Bangalore,138 runs,CH Gayle,,,,Royal Challengers Bangalore,Kings XI Punjab,226,3,88.0,10.0,Royal Challengers Bangalore,Kings XI Punjab,Batting First,False
829761,2015-05-07,2015,2015,Eden Gardens,Kolkata,T20,Indian Premier League,Kolkata Knight Riders,bat,Kolkata Knight Riders,13 runs,PP Chawla,,,,Kolkata Knight Riders,Delhi Daredevils,171,7,158.0,6.0,Kolkata Knight Riders,Delhi Daredevils,Batting First,True
829787,2015-05-07,2015,2015,Brabourne Stadium,Mumbai,T20,Indian Premier League,Rajasthan Royals,field,Sunrisers Hyderabad,7 runs,EJG Morgan,,,,Sunrisers Hyderabad,Rajasthan Royals,201,4,194.0,7.0,Sunrisers Hyderabad,Rajasthan Royals,Batting First,False
829789,2015-05-08,2015,2015,"MA Chidambaram Stadium, Chepauk",Chennai,T20,Indian Premier League,Chennai Super Kings,bat,Mumbai Indians,6 wickets,HH Pandya,,,,Chennai Super Kings,Mumbai Indians,158,5,159.0,4.0,Chennai Super Kings,Mumbai Indians,Chasing,False
829791,2015-05-09,2015,2015,Eden Gardens,Kolkata,T20,Indian Premier League,Kings XI Punjab,bat,Kolkata Knight Riders,1 wickets,AD Russell,,,,Kings XI Punjab,Kolkata Knight Riders,183,5,184.0,9.0,Kings XI Punjab,Kolkata Knight Riders,Chasing,False
829793,2015-05-09,2015,2015,Shaheed Veer Narayan Singh International Stadium,Raipur,T20,Indian Premier League,Sunrisers Hyderabad,bat,Sunrisers Hyderabad,6 runs,MC Henriques,,,,Sunrisers Hyderabad,Delhi Daredevils,163,4,157.0,4.0,Sunrisers Hyderabad,Delhi Daredevils,Batting First,True
829795,2015-05-10,2015,2015,Wankhede Stadium,Mumbai,T20,Indian Premier League,Royal Challengers Bangalore,bat,Royal Challengers Bangalore,39 runs,AB de Villiers,,,,Royal Challengers Bangalore,Mumbai Indians,235,1,196.0,7.0,Royal Challengers Bangalore,Mumbai Indians,Batting First,True
829797,2015-05-10,2015,2015,"MA Chidambaram Stadium, Chepauk",Chennai,T20,Indian Premier League,Chennai Super Kings,bat,Chennai Super Kings,12 runs,RA Jadeja,,,,Chennai Super Kings,Rajasthan Royals,157,5,145.0,9.0,Chennai Super Kings,Rajasthan Royals,Batting First,True
829799,2015-05-11,2015,2015,"Rajiv Gandhi International Stadium, Uppal",Hyderabad,T20,Indian Premier League,Sunrisers Hyderabad,bat,Sunrisers Hyderabad,5 runs,DA Warner,,,,Sunrisers Hyderabad,Kings XI Punjab,185,5,180.0,7.0,Sunrisers Hyderabad,Kings XI Punjab,Batting First,True
829801,2015-05-12,2015,2015,Shaheed Veer Narayan Singh International Stadium,Raipur,T20,Indian Premier League,Chennai Super Kings,bat,Delhi Daredevils,6 wickets,Z Khan,,,,Chennai Super Kings,Delhi Daredevils,119,6,120.0,4.0,Chennai Super Kings,Delhi Daredevils,Chasing,False
829803,2015-05-13,2015,2015,"Punjab Cricket Association Stadium, Mohali",Chandigarh,T20,Indian Premier League,Royal Challengers Bangalore,field,Kings XI Punjab,22 runs,AR Patel,,,,Kings XI Punjab,Royal Challengers Bangalore,106,6,84.0,6.0,Kings XI Punjab,Royal Challengers Bangalore,Batting First,False
829805,2015-05-14,2015,2015,Wankhede Stadium,Mumbai,T20,Indian Premier League,Kolkata Knight Riders,field,Mumbai Indians,5 runs,HH Pandya,,,,Mumbai Indians,Kolkata Knight Riders,171,4,166.0,7.0,Mumbai Indians,Kolkata Knight Riders,Batting First,False
829807,2015-05-15,2015,2015,"Rajiv Gandhi International Stadium, Uppal",Hyderabad,T20,Indian Premier League,Sunrisers Hyderabad,bat,Royal Challengers Bangalore,6 wickets,V Kohli,,D/L,,Sunrisers Hyderabad,Royal Challengers Bangalore,135,3,83.0,4.0,Sunrisers Hyderabad,Royal Challengers Bangalore,Chasing,False
829809,2015-05-16,2015,2015,"Punjab Cricket Association Stadium, Mohali",Chandigarh,T20,Indian Premier League,Kings XI Punjab,bat,Chennai Super Kings,7 wickets,P Negi,,,,Kings XI Punjab,Chennai Super Kings,130,7,134.0,3.0,Kings XI Punjab,Chennai Super Kings,Chasing,False
829811,2015-05-16,2015,2015,Brabourne Stadium,Mumbai,T20,Indian Premier League,Rajasthan Royals,bat,Rajasthan Royals,9 runs,SR Watson,,,,Rajasthan Royals,Kolkata Knight Riders,199,6,190.0,9.0,Rajasthan Royals,Kolkata Knight Riders,Batting First,True
829813,2015-05-17,2015,2015,M Chinnaswamy Stadium,Bangalore,T20,Indian Premier League,Royal Challengers Bangalore,field,Unknown,,Unknown,no result,,,Delhi Daredevils,Royal Challengers Bangalore,187,5,2.0,0.0,Delhi Daredevils,Royal Challengers Bangalore,Tie / No Result,False
829815,2015-05-17,2015,2015,"Rajiv Gandhi International Stadium, Uppal",Hyderabad,T20,Indian Premier League,Sunrisers Hyderabad,bat,Mumbai Indians,9 wickets,MJ McClenaghan,,,,Sunrisers Hyderabad,Mumbai Indians,113,10,114.0,1.0,Sunrisers Hyderabad,Mumbai Indians,Chasing,False
829817,2015-05-19,2015,2015,Wankhede Stadium,Mumbai,T20,Indian Premier League,Mumbai Indians,bat,Mumbai Indians,25 runs,KA Pollard,,,,Mumbai Indians,Chennai Super Kings,187,6,162.0,10.0,Mumbai Indians,Chennai Super Kings,Batting First,True
829819,2015-05-20,2015,2015,Maharashtra Cricket Association Stadium,Pune,T20,Indian Premier League,Royal Challengers Bangalore,bat,Royal Challengers Bangalore,71 runs,AB de Villiers,,,,Royal Challengers Bangalore,Rajasthan Royals,180,4,109.0,10.0,Royal Challengers Bangalore,Rajasthan Royals,Batting First,True
829821,2015-05-22,2015,2015,JSCA International Stadium Complex,Ranchi,T20,Indian Premier League,Chennai Super Kings,field,Chennai Super Kings,3 wickets,A Nehra,,,,Royal Challengers Bangalore,Chennai Super Kings,139,8,140.0,7.0,Royal Challengers Bangalore,Chennai Super Kings,Chasing,True
829823,2015-05-24,2015,2015,Eden Gardens,Kolkata,T20,Indian Premier League,Chennai Super Kings,field,Mumbai Indians,41 runs,RG Sharma,,,,Mumbai Indians,Chennai Super Kings,202,5,161.0,8.0,Mumbai Indians,Chennai Super Kings,Batting First,False
980901,2016-04-09,2016,2016,Wankhede Stadium,Mumbai,T20,Indian Premier League,Mumbai Indians,bat,Rising Pune Supergiants,9 wickets,AM Rahane,,,,Mumbai Indians,Rising Pune Supergiants,121,8,126.0,1.0,Mumbai Indians,Rising Pune Supergiants,Chasing,False
980903,2016-04-10,2016,2016,Eden Gardens,Kolkata,T20,Indian Premier League,Kolkata Knight Riders,field,Kolkata Knight Riders,9 wickets,AD Russell,,,,Delhi Daredevils,Kolkata Knight Riders,98,10,99.0,1.0,Delhi Daredevils,Kolkata Knight Riders,Chasing,True
980905,2016-04-11,2016,2016,"Punjab Cricket Association IS Bindra Stadium, Mohali",Chandigarh,T20,Indian Premier League,Gujarat Lions,field,Gujarat Lions,5 wickets,AJ Finch,,,,Kings XI Punjab,Gujarat Lions,161,6,162.0,5.0,Kings XI Punjab,Gujarat Lions,Chasing,True
980907,2016-04-12,2016,2016,M Chinnaswamy Stadium,Bangalore,T20,Indian Premier League,Sunrisers Hyderabad,field,Royal Challengers Bangalore,45 runs,AB de Villiers,,,,Royal Challengers Bangalore,Sunrisers Hyderabad,227,4,182.0,6.0,Royal Challengers Bangalore,Sunrisers Hyderabad,Batting First,False
980909,2016-04-13,2016,2016,Eden Gardens,Kolkata,T20,Indian Premier League,Mumbai Indians,field,Mumbai Indians,6 wickets,RG Sharma,,,,Kolkata Knight Riders,Mumbai Indians,187,5,188.0,4.0,Kolkata Knight Riders,Mumbai Indians,Chasing,True
980911,2016-04-14,2016,2016,Saurashtra Cricket Association Stadium,Rajkot,T20,Indian Premier League,Rising Pune Supergiants,bat,Gujarat Lions,7 wickets,AJ Finch,,,,Rising Pune Supergiants,Gujarat Lions,163,5,164.0,3.0,Rising Pune Supergiants,Gujarat Lions,Chasing,False
980913,2016-04-15,2016,2016,Feroz Shah Kotla,Delhi,T20,Indian Premier League,Delhi Daredevils,field,Delhi Daredevils,8 wickets,A Mishra,,,,Kings XI Punjab,Delhi Daredevils,111,9,113.0,2.0,Kings XI Punjab,Delhi Daredevils,Chasing,True
980915,2016-04-16,2016,2016,"Rajiv Gandhi International Stadium, Uppal",Hyderabad,T20,Indian Premier League,Sunrisers Hyderabad,bat,Kolkata Knight Riders,8 wickets,G Gambhir,,,,Sunrisers Hyderabad,Kolkata Knight Riders,142,7,146.0,2.0,Sunrisers Hyderabad,Kolkata Knight Riders,Chasing,False
980917,2016-04-16,2016,2016,Wankhede Stadium,Mumbai,T20,Indian Premier League,Gujarat Lions,field,Gujarat Lions,3 wickets,AJ Finch,,,,Mumbai Indians,Gujarat Lions,143,8,147.0,7.0,Mumbai Indians,Gujarat Lions,Chasing,True
980919,2016-04-17,2016,2016,"Punjab Cricket Association IS Bindra Stadium, Mohali",Chandigarh,T20,Indian Premier League,Rising Pune Supergiants,bat,Kings XI Punjab,6 wickets,M Vohra,,,,Rising Pune Supergiants,Kings XI Punjab,152,7,153.0,4.0,Rising Pune Supergiants,Kings XI Punjab,Chasing,False
980921,2016-04-17,2016,2016,M Chinnaswamy Stadium,Bangalore,T20,Indian Premier League,Delhi Daredevils,field,Delhi Daredevils,7 wickets,Q de Kock,,,,Royal Challengers Bangalore,Delhi Daredevils,191,5,192.0,3.0,Royal Challengers Bangalore,Delhi Daredevils,Chasing,True
980923,2016-04-18,2016,2016,"Rajiv Gandhi International Stadium, Uppal",Hyderabad,T20,Indian Premier League,Sunrisers Hyderabad,field,Sunrisers Hyderabad,7 wickets,DA Warner,,,,Mumbai Indians,Sunrisers Hyderabad,142,6,145.0,3.0,Mumbai Indians,Sunrisers Hyderabad,Chasing,True
980925,2016-04-19,2016,2016,"Punjab Cricket Association IS Bindra Stadium, Mohali",Chandigarh,T20,Indian Premier League,Kolkata Knight Riders,field,Kolkata Knight Riders,6 wickets,RV Uthappa,,,,Kings XI Punjab,Kolkata Knight Riders,138,8,141.0,4.0,Kings XI Punjab,Kolkata Knight Riders,Chasing,True
980927,2016-04-20,2016,2016,Wankhede Stadium,Mumbai,T20,Indian Premier League,Mumbai Indians,field,Mumbai Indians,6 wickets,RG Sharma,,,,Royal Challengers Bangalore,Mumbai Indians,170,7,171.0,4.0,Royal Challengers Bangalore,Mumbai Indians,Chasing,True
980929,2016-04-21,2016,2016,Saurashtra Cricket Association Stadium,Rajkot,T20,Indian Premier League,Sunrisers Hyderabad,field,Sunrisers Hyderabad,10 wickets,B Kumar,,,,Gujarat Lions,Sunrisers Hyderabad,135,8,137.0,0.0,Gujarat Lions,Sunrisers Hyderabad,Chasing,True
980931,2016-04-22,2016,2016,Maharashtra Cricket Association Stadium,Pune,T20,Indian Premier League,Rising Pune Supergiants,field,Royal Challengers Bangalore,13 runs,AB de Villiers,,,,Royal Challengers Bangalore,Rising Pune Supergiants,185,3,172.0,9.0,Royal Challengers Bangalore,Rising Pune Supergiants,Batting First,False
980933,2016-04-23,2016,2016,Feroz Shah Kotla,Delhi,T20,Indian Premier League,Mumbai Indians,field,Delhi Daredevils,10 runs,SV Samson,,,,Delhi Daredevils,Mumbai Indians,164,4,154.0,7.0,Delhi Daredevils,Mumbai Indians,Batting First,False
980935,2016-04-23,2016,2016,"Rajiv Gandhi International Stadium, Uppal",Hyderabad,T20,Indian Premier League,Sunrisers Hyderabad,field,Sunrisers Hyderabad,5 wickets,Mustafizur Rahman,,,,Kings XI Punjab,Sunrisers Hyderabad,143,6,146.0,5.0,Kings XI Punjab,Sunrisers Hyderabad,Chasing,True
980937,2016-04-24,2016,2016,Saurashtra Cricket Association Stadium,Rajkot,T20,Indian Premier League,Royal Challengers Bangalore,bat,Gujarat Lions,6 wickets,V Kohli,,,,Royal Challengers Bangalore,Gujarat Lions,180,2,182.0,4.0,Royal Challengers Bangalore,Gujarat Lions,Chasing,False
980939,2016-04-24,2016,2016,Maharashtra Cricket Association Stadium,Pune,T20,Indian Premier League,Kolkata Knight Riders,field,Kolkata Knight Riders,2 wickets,SA Yadav,,,,Rising Pune Supergiants,Kolkata Knight Riders,160,5,162.0,8.0,Rising Pune Supergiants,Kolkata Knight Riders,Chasing,True
980941,2016-04-25,2016,2016,"Punjab Cricket Association IS Bindra Stadium, Mohali",Chandigarh,T20,Indian Premier League,Kings XI Punjab,field,Mumbai Indians,25 runs,PA Patel,,,,Mumbai Indians,Kings XI Punjab,189,6,164.0,7.0,Mumbai Indians,Kings XI Punjab,Batting First,False
980943,2016-04-26,2016,2016,"Rajiv Gandhi International Stadium, Uppal",Hyderabad,T20,Indian Premier League,Rising Pune Supergiants,field,Rising Pune Supergiants,34 runs,AB Dinda,,D/L,,Sunrisers Hyderabad,Rising Pune Supergiants,118,8,94.0,3.0,Sunrisers Hyderabad,Rising Pune Supergiants,Chasing,True
980945,2016-04-27,2016,2016,Feroz Shah Kotla,Delhi,T20,Indian Premier League,Delhi Daredevils,field,Gujarat Lions,1 runs,CH Morris,,,,Gujarat Lions,Delhi Daredevils,172,6,171.0,5.0,Gujarat Lions,Delhi Daredevils,Batting First,False
980947,2016-04-28,2016,2016,Wankhede Stadium,Mumbai,T20,Indian Premier League,Mumbai Indians,field,Mumbai Indians,6 wickets,RG Sharma,,,,Kolkata Knight Riders,Mumbai Indians,174,5,178.0,4.0,Kolkata Knight Riders,Mumbai Indians,Chasing,True
980949,2016-04-29,2016,2016,Maharashtra Cricket Association Stadium,Pune,T20,Indian Premier League,Gujarat Lions,field,Gujarat Lions,3 wickets,DR Smith,,,,Rising Pune Supergiants,Gujarat Lions,195,3,196.0,7.0,Rising Pune Supergiants,Gujarat Lions,Chasing,True
980951,2016-04-30,2016,2016,Feroz Shah Kotla,Delhi,T20,Indian Premier League,Kolkata Knight Riders,field,Delhi Daredevils,27 runs,CR Brathwaite,,,,Delhi Daredevils,Kolkata Knight Riders,186,8,159.0,10.0,Delhi Daredevils,Kolkata Knight Riders,Batting First,False
980953,2016-04-30,2016,2016,"Rajiv Gandhi International Stadium, Uppal",Hyderabad,T20,Indian Premier League,Royal Challengers Bangalore,field,Sunrisers Hyderabad,15 runs,DA Warner,,,,Sunrisers Hyderabad,Royal Challengers Bangalore,194,5,179.0,6.0,Sunrisers Hyderabad,Royal Challengers Bangalore,Batting First,False
980955,2016-05-01,2016,2016,Saurashtra Cricket Association Stadium,Rajkot,T20,Indian Premier League,Gujarat Lions,field,Kings XI Punjab,23 runs,AR Patel,,,,Kings XI Punjab,Gujarat Lions,154,10,131.0,9.0,Kings XI Punjab,Gujarat Lions,Batting First,False
980957,2016-05-01,2016,2016,Maharashtra Cricket Association Stadium,Pune,T20,Indian Premier League,Mumbai Indians,field,Mumbai Indians,8 wickets,RG Sharma,,,,Rising Pune Supergiants,Mumbai Indians,159,5,161.0,2.0,Rising Pune Supergiants,Mumbai Indians,Chasing,True
980959,2016-05-02,2016,2016,M Chinnaswamy Stadium,Bangalore,T20,Indian Premier League,Kolkata Knight Riders,field,Kolkata Knight Riders,5 wickets,AD Russell,,,,Royal Challengers Bangalore,Kolkata Knight Riders,185,7,189.0,5.0,Royal Challengers Bangalore,Kolkata Knight Riders,Chasing,True
980961,2016-05-03,2016,2016,Saurashtra Cricket Association Stadium,Rajkot,T20,Indian Premier League,Delhi Daredevils,field,Delhi Daredevils,8 wickets,RR Pant,,,,Gujarat Lions,Delhi Daredevils,149,7,150.0,2.0,Gujarat Lions,Delhi Daredevils,Chasing,True
980963,2016-05-04,2016,2016,Eden Gardens,Kolkata,T20,Indian Premier League,Kings XI Punjab,field,Kolkata Knight Riders,7 runs,AD Russell,,,,Kolkata Knight Riders,Kings XI Punjab,164,3,157.0,9.0,Kolkata Knight Riders,Kings XI Punjab,Batting First,False
980965,2016-05-05,2016,2016,Feroz Shah Kotla,Delhi,T20,Indian Premier League,Rising Pune Supergiants,field,Rising Pune Supergiants,7 wickets,AM Rahane,,,,Delhi Daredevils,Rising Pune Supergiants,162,7,166.0,3.0,Delhi Daredevils,Rising Pune Supergiants,Chasing,True
980967,2016-05-06,2016,2016,"Rajiv Gandhi International Stadium, Uppal",Hyderabad,T20,Indian Premier League,Sunrisers Hyderabad,field,Sunrisers Hyderabad,5 wickets,B Kumar,,,,Gujarat Lions,Sunrisers Hyderabad,126,6,129.0,5.0,Gujarat Lions,Sunrisers Hyderabad,Chasing,True
980969,2016-05-07,2016,2016,M Chinnaswamy Stadium,Bangalore,T20,Indian Premier League,Royal Challengers Bangalore,field,Royal Challengers Bangalore,7 wickets,V Kohli,,,,Rising Pune Supergiants,Royal Challengers Bangalore,191,6,195.0,3.0,Rising Pune Supergiants,Royal Challengers Bangalore,Chasing,True
980971,2016-05-07,2016,2016,"Punjab Cricket Association IS Bindra Stadium, Mohali",Chandigarh,T20,Indian Premier League,Delhi Daredevils,field,Kings XI Punjab,9 runs,MP Stoinis,,,,Kings XI Punjab,Delhi Daredevils,181,5,172.0,5.0,Kings XI Punjab,Delhi Daredevils,Batting First,False
980973,2016-05-08,2016,2016,Dr. Y.S. Rajasekhara Reddy ACA-VDCA Cricket Stadium,Visakhapatnam,T20,Indian Premier League,Mumbai Indians,field,Sunrisers Hyderabad,85 runs,A Nehra,,,,Sunrisers Hyderabad,Mumbai Indians,177,3,92.0,10.0,Sunrisers Hyderabad,Mumbai Indians,Batting First,False
980975,2016-05-08,2016,2016,Eden Gardens,Kolkata,T20,Indian Premier League,Gujarat Lions,field,Gujarat Lions,5 wickets,P Kumar,,,,Kolkata Knight Riders,Gujarat Lions,158,4,164.0,5.0,Kolkata Knight Riders,Gujarat Lions,Chasing,True
980977,2016-05-09,2016,2016,"Punjab Cricket Association IS Bindra Stadium, Mohali",Chandigarh,T20,Indian Premier League,Kings XI Punjab,field,Royal Challengers Bangalore,1 runs,SR Watson,,,,Royal Challengers Bangalore,Kings XI Punjab,175,6,174.0,4.0,Royal Challengers Bangalore,Kings XI Punjab,Batting First,False
980979,2016-05-10,2016,2016,Dr. Y.S. Rajasekhara Reddy ACA-VDCA Cricket Stadium,Visakhapatnam,T20,Indian Premier League,Sunrisers Hyderabad,bat,Sunrisers Hyderabad,4 runs,A Zampa,,,,Sunrisers Hyderabad,Rising Pune Supergiants,137,8,133.0,8.0,Sunrisers Hyderabad,Rising Pune Supergiants,Batting First,True
980981,2016-05-11,2016,2016,M Chinnaswamy Stadium,Bangalore,T20,Indian Premier League,Mumbai Indians,field,Mumbai Indians,6 wickets,KH Pandya,,,,Royal Challengers Bangalore,Mumbai Indians,151,4,153.0,4.0,Royal Challengers Bangalore,Mumbai Indians,Chasing,True
980983,2016-05-12,2016,2016,"Rajiv Gandhi International Stadium, Uppal",Hyderabad,T20,Indian Premier League,Delhi Daredevils,field,Delhi Daredevils,7 wickets,CH Morris,,,,Sunrisers Hyderabad,Delhi Daredevils,146,8,150.0,3.0,Sunrisers Hyderabad,Delhi Daredevils,Chasing,True
980985,2016-05-13,2016,2016,Dr. Y.S. Rajasekhara Reddy ACA-VDCA Cricket Stadium,Visakhapatnam,T20,Indian Premier League,Mumbai Indians,bat,Kings XI Punjab,7 wickets,MP Stoinis,,,,Mumbai Indians,Kings XI Punjab,124,9,127.0,3.0,Mumbai Indians,Kings XI Punjab,Chasing,False
980987,2016-05-14,2016,2016,M Chinnaswamy Stadium,Bangalore,T20,Indian Premier League,Gujarat Lions,field,Royal Challengers Bangalore,144 runs,AB de Villiers,,,,Royal Challengers Bangalore,Gujarat Lions,248,3,104.0,10.0,Royal Challengers Bangalore,Gujarat Lions,Batting First,False
980989,2016-05-14,2016,2016,Eden Gardens,Kolkata,T20,Indian Premier League,Rising Pune Supergiants,bat,Kolkata Knight Riders,8 wickets,YK Pathan,,D/L,,Rising Pune Supergiants,Kolkata Knight Riders,103,6,66.0,2.0,Rising Pune Supergiants,Kolkata Knight Riders,Chasing,False
980991,2016-05-15,2016,2016,"Punjab Cricket Association IS Bindra Stadium, Mohali",Chandigarh,T20,Indian Premier League,Kings XI Punjab,bat,Sunrisers Hyderabad,7 wickets,HM Amla,,,,Kings XI Punjab,Sunrisers Hyderabad,179,4,180.0,3.0,Kings XI Punjab,Sunrisers Hyderabad,Chasing,False
980993,2016-05-15,2016,2016,Dr. Y.S. Rajasekhara Reddy ACA-VDCA Cricket Stadium,Visakhapatnam,T20,Indian Premier League,Delhi Daredevils,field,Mumbai Indians,80 runs,KH Pandya,,,,Mumbai Indians,Delhi Daredevils,206,4,126.0,10.0,Mumbai Indians,Delhi Daredevils,Batting First,False
980995,2016-05-16,2016,2016,Eden Gardens,Kolkata,T20,Indian Premier League,Royal Challengers Bangalore,field,Royal Challengers Bangalore,9 wickets,V Kohli,,,,Kolkata Knight Riders,Royal Challengers Bangalore,183,5,186.0,1.0,Kolkata Knight Riders,Royal Challengers Bangalore,Chasing,True
980997,2016-05-17,2016,2016,Dr. Y.S. Rajasekhara Reddy ACA-VDCA Cricket Stadium,Visakhapatnam,T20,Indian Premier League,Rising Pune Supergiants,field,Rising Pune Supergiants,19 runs,AB Dinda,,D/L,,Delhi Daredevils,Rising Pune Supergiants,121,6,76.0,1.0,Delhi Daredevils,Rising Pune Supergiants,Chasing,True
980999,2016-05-18,2016,2016,M Chinnaswamy Stadium,Bangalore,T20,Indian Premier League,Kings XI Punjab,field,Royal Challengers Bangalore,82 runs,V Kohli,,D/L,,Royal Challengers Bangalore,Kings XI Punjab,211,3,120.0,9.0,Royal Challengers Bangalore,Kings XI Punjab,Batting First,False
981001,2016-05-19,2016,2016,Green Park,Kanpur,T20,Indian Premier League,Gujarat Lions,field,Gujarat Lions,6 wickets,DR Smith,,,,Kolkata Knight Riders,Gujarat Lions,124,8,125.0,4.0,Kolkata Knight Riders,Gujarat Lions,Chasing,True
981003,2016-05-20,2016,2016,Shaheed Veer Narayan Singh International Stadium,Raipur,T20,Indian Premier League,Delhi Daredevils,field,Delhi Daredevils,6 wickets,KK Nair,,,,Sunrisers Hyderabad,Delhi Daredevils,158,7,161.0,4.0,Sunrisers Hyderabad,Delhi Daredevils,Chasing,True
981005,2016-05-21,2016,2016,Dr. Y.S. Rajasekhara Reddy ACA-VDCA Cricket Stadium,Visakhapatnam,T20,Indian Premier League,Kings XI Punjab,bat,Rising Pune Supergiants,4 wickets,MS Dhoni,,,,Kings XI Punjab,Rising Pune Supergiants,172,7,173.0,6.0,Kings XI Punjab,Rising Pune Supergiants,Chasing,False
981007,2016-05-21,2016,2016,Green Park,Kanpur,T20,Indian Premier League,Gujarat Lions,field,Gujarat Lions,6 wickets,SK Raina,,,,Mumbai Indians,Gujarat Lions,172,8,173.0,4.0,Mumbai Indians,Gujarat Lions,Chasing,True
981009,2016-05-22,2016,2016,Eden Gardens,Kolkata,T20,Indian Premier League,Sunrisers Hyderabad,field,Kolkata Knight Riders,22 runs,YK Pathan,,,,Kolkata Knight Riders,Sunrisers Hyderabad,171,6,149.0,8.0,Kolkata Knight Riders,Sunrisers Hyderabad,Batting First,False
981011,2016-05-22,2016,2016,Shaheed Veer Narayan Singh International Stadium,Raipur,T20,Indian Premier League,Royal Challengers Bangalore,field,Royal Challengers Bangalore,6 wickets,V Kohli,,,,Delhi Daredevils,Royal Challengers Bangalore,138,8,139.0,4.0,Delhi Daredevils,Royal Challengers Bangalore,Chasing,True
981013,2016-05-24,2016,2016,M Chinnaswamy Stadium,Bangalore,T20,Indian Premier League,Royal Challengers Bangalore,field,Royal Challengers Bangalore,4 wickets,AB de Villiers,,,,Gujarat Lions,Royal Challengers Bangalore,158,10,159.0,6.0,Gujarat Lions,Royal Challengers Bangalore,Chasing,True
981015,2016-05-25,2016,2016,Feroz Shah Kotla,Delhi,T20,Indian Premier League,Kolkata Knight Riders,field,Sunrisers Hyderabad,22 runs,MC Henriques,,,,Sunrisers Hyderabad,Kolkata Knight Riders,162,8,140.0,8.0,Sunrisers Hyderabad,Kolkata Knight Riders,Batting First,False
981017,2016-05-27,2016,2016,Feroz Shah Kotla,Delhi,T20,Indian Premier League,Sunrisers Hyderabad,field,Sunrisers Hyderabad,4 wickets,DA Warner,,,,Gujarat Lions,Sunrisers Hyderabad,162,7,163.0,6.0,Gujarat Lions,Sunrisers Hyderabad,Chasing,True
981019,2016-05-29,2016,2016,M Chinnaswamy Stadium,Bangalore,T20,Indian Premier League,Sunrisers Hyderabad,bat,Sunrisers Hyderabad,8 runs,BCJ Cutting,,,,Sunrisers Hyderabad,Royal Challengers Bangalore,208,7,200.0,7.0,Sunrisers Hyderabad,Royal Challengers Bangalore,Batting First,True
1082591,2017-04-05,2017,2017,"Rajiv Gandhi International Stadium, Uppal",Hyderabad,T20,Indian Premier League,Royal Challengers Bangalore,field,Sunrisers Hyderabad,35 runs,Yuvraj Singh,,,,Sunrisers Hyderabad,Royal Challengers Bangalore,207,4,172.0,10.0,Sunrisers Hyderabad,Royal Challengers Bangalore,Batting First,False
1082592,2017-04-06,2017,2017,Maharashtra Cricket Association Stadium,Pune,T20,Indian Premier League,Rising Pune Supergiant,field,Rising Pune Supergiant,7 wickets,SPD Smith,,,,Mumbai Indians,Rising Pune Supergiant,184,8,187.0,3.0,Mumbai Indians,Rising Pune Supergiant,Chasing,True
1082593,2017-04-07,2017,2017,Saurashtra Cricket Association Stadium,Rajkot,T20,Indian Premier League,Kolkata Knight Riders,field,Kolkata Knight Riders,10 wickets,CA Lynn,,,,Gujarat Lions,Kolkata Knight Riders,183,4,184.0,0.0,Gujarat Lions,Kolkata Knight Riders,Chasing,True
1082594,2017-04-08,2017,2017,Holkar Cricket Stadium,Indore,T20,Indian Premier League,Kings XI Punjab,field,Kings XI Punjab,6 wickets,GJ Maxwell,,,,Rising Pune Supergiant,Kings XI Punjab,163,6,164.0,4.0,Rising Pune Supergiant,Kings XI Punjab,Chasing,True
1082595,2017-04-08,2017,2017,M.Chinnaswamy Stadium,Bengaluru,T20,Indian Premier League,Royal Challengers Bangalore,bat,Royal Challengers Bangalore,15 runs,KM Jadhav,,,,Royal Challengers Bangalore,Delhi Daredevils,157,8,142.0,9.0,Royal Challengers Bangalore,Delhi Daredevils,Batting First,True
1082596,2017-04-09,2017,2017,"Rajiv Gandhi International Stadium, Uppal",Hyderabad,T20,Indian Premier League,Sunrisers Hyderabad,field,Sunrisers Hyderabad,9 wickets,Rashid Khan,,,,Gujarat Lions,Sunrisers Hyderabad,135,7,140.0,1.0,Gujarat Lions,Sunrisers Hyderabad,Chasing,True
1082597,2017-04-09,2017,2017,Wankhede Stadium,Mumbai,T20,Indian Premier League,Mumbai Indians,field,Mumbai Indians,4 wickets,N Rana,,,,Kolkata Knight Riders,Mumbai Indians,178,7,180.0,6.0,Kolkata Knight Riders,Mumbai Indians,Chasing,True
1082598,2017-04-10,2017,2017,Holkar Cricket Stadium,Indore,T20,Indian Premier League,Royal Challengers Bangalore,bat,Kings XI Punjab,8 wickets,AR Patel,,,,Royal Challengers Bangalore,Kings XI Punjab,148,4,150.0,2.0,Royal Challengers Bangalore,Kings XI Punjab,Chasing,False
1082599,2017-04-11,2017,2017,Maharashtra Cricket Association Stadium,Pune,T20,Indian Premier League,Rising Pune Supergiant,field,Delhi Daredevils,97 runs,SV Samson,,,,Delhi Daredevils,Rising Pune Supergiant,205,4,108.0,10.0,Delhi Daredevils,Rising Pune Supergiant,Batting First,False
1082600,2017-04-12,2017,2017,Wankhede Stadium,Mumbai,T20,Indian Premier League,Mumbai Indians,field,Mumbai Indians,4 wickets,JJ Bumrah,,,,Sunrisers Hyderabad,Mumbai Indians,158,8,159.0,6.0,Sunrisers Hyderabad,Mumbai Indians,Chasing,True
1082601,2017-04-13,2017,2017,Eden Gardens,Kolkata,T20,Indian Premier League,Kolkata Knight Riders,field,Kolkata Knight Riders,8 wickets,SP Narine,,,,Kings XI Punjab,Kolkata Knight Riders,170,9,171.0,2.0,Kings XI Punjab,Kolkata Knight Riders,Chasing,True
1082602,2017-04-14,2017,2017,M Chinnaswamy Stadium,Bangalore,T20,Indian Premier League,Mumbai Indians,field,Mumbai Indians,4 wickets,KA Pollard,,,,Royal Challengers Bangalore,Mumbai Indians,142,5,145.0,6.0,Royal Challengers Bangalore,Mumbai Indians,Chasing,True
1082603,2017-04-14,2017,2017,Saurashtra Cricket Association Stadium,Rajkot,T20,Indian Premier League,Gujarat Lions,field,Gujarat Lions,7 wickets,AJ Tye,,,,Rising Pune Supergiant,Gujarat Lions,171,8,172.0,3.0,Rising Pune Supergiant,Gujarat Lions,Chasing,True
1082604,2017-04-15,2017,2017,Eden Gardens,Kolkata,T20,Indian Premier League,Sunrisers Hyderabad,field,Kolkata Knight Riders,17 runs,RV Uthappa,,,,Kolkata Knight Riders,Sunrisers Hyderabad,172,6,155.0,6.0,Kolkata Knight Riders,Sunrisers Hyderabad,Batting First,False
1082605,2017-04-15,2017,2017,Feroz Shah Kotla,Delhi,T20,Indian Premier League,Delhi Daredevils,bat,Delhi Daredevils,51 runs,CJ Anderson,,,,Delhi Daredevils,Kings XI Punjab,188,6,137.0,9.0,Delhi Daredevils,Kings XI Punjab,Batting First,True
1082606,2017-04-16,2017,2017,Wankhede Stadium,Mumbai,T20,Indian Premier League,Mumbai Indians,field,Mumbai Indians,6 wickets,N Rana,,,,Gujarat Lions,Mumbai Indians,176,4,177.0,4.0,Gujarat Lions,Mumbai Indians,Chasing,True
1082607,2017-04-16,2017,2017,M Chinnaswamy Stadium,Bangalore,T20,Indian Premier League,Royal Challengers Bangalore,field,Rising Pune Supergiant,27 runs,BA Stokes,,,,Rising Pune Supergiant,Royal Challengers Bangalore,161,8,134.0,9.0,Rising Pune Supergiant,Royal Challengers Bangalore,Batting First,False
1082608,2017-04-17,2017,2017,Feroz Shah Kotla,Delhi,T20,Indian Premier League,Delhi Daredevils,bat,Kolkata Knight Riders,4 wickets,NM Coulter-Nile,,,,Delhi Daredevils,Kolkata Knight Riders,168,7,169.0,6.0,Delhi Daredevils,Kolkata Knight Riders,Chasing,False
1082609,2017-04-17,2017,2017,"Rajiv Gandhi International Stadium, Uppal",Hyderabad,T20,Indian Premier League,Kings XI Punjab,field,Sunrisers Hyderabad,5 runs,B Kumar,,,,Sunrisers Hyderabad,Kings XI Punjab,159,6,154.0,10.0,Sunrisers Hyderabad,Kings XI Punjab,Batting First,False
1082610,2017-04-18,2017,2017,Saurashtra Cricket Association Stadium,Rajkot,T20,Indian Premier League,Gujarat Lions,field,Royal Challengers Bangalore,21 runs,CH Gayle,,,,Royal Challengers Bangalore,Gujarat Lions,213,2,192.0,7.0,Royal Challengers Bangalore,Gujarat Lions,Batting First,False
1082611,2017-04-19,2017,2017,"Rajiv Gandhi International Stadium, Uppal",Hyderabad,T20,Indian Premier League,Sunrisers Hyderabad,bat,Sunrisers Hyderabad,15 runs,KS Williamson,,,,Sunrisers Hyderabad,Delhi Daredevils,191,4,176.0,5.0,Sunrisers Hyderabad,Delhi Daredevils,Batting First,True
1082612,2017-04-20,2017,2017,Holkar Cricket Stadium,Indore,T20,Indian Premier League,Mumbai Indians,field,Mumbai Indians,8 wickets,JC Buttler,,,,Kings XI Punjab,Mumbai Indians,198,4,199.0,2.0,Kings XI Punjab,Mumbai Indians,Chasing,True
1082613,2017-04-21,2017,2017,Eden Gardens,Kolkata,T20,Indian Premier League,Gujarat Lions,field,Gujarat Lions,4 wickets,SK Raina,,,,Kolkata Knight Riders,Gujarat Lions,187,5,188.0,6.0,Kolkata Knight Riders,Gujarat Lions,Chasing,True
1082614,2017-04-22,2017,2017,Wankhede Stadium,Mumbai,T20,Indian Premier League,Delhi Daredevils,field,Mumbai Indians,14 runs,MJ McClenaghan,,,,Mumbai Indians,Delhi Daredevils,142,8,128.0,7.0,Mumbai Indians,Delhi Daredevils,Batting First,False
1082615,2017-04-22,2017,2017,Maharashtra Cricket Association Stadium,Pune,T20,Indian Premier League,Rising Pune Supergiant,field,Rising Pune Supergiant,6 wickets,MS Dhoni,,,,Sunrisers Hyderabad,Rising Pune Supergiant,176,3,179.0,4.0,Sunrisers Hyderabad,Rising Pune Supergiant,Chasing,True
1082616,2017-04-23,2017,2017,Saurashtra Cricket Association Stadium,Rajkot,T20,Indian Premier League,Gujarat Lions,field,Kings XI Punjab,26 runs,HM Amla,,,,Kings XI Punjab,Gujarat Lions,188,7,162.0,7.0,Kings XI Punjab,Gujarat Lions,Batting First,False
1082617,2017-04-23,2017,2017,Eden Gardens,Kolkata,T20,Indian Premier League,Royal Challengers Bangalore,field,Kolkata Knight Riders,82 runs,NM Coulter-Nile,,,,Kolkata Knight Riders,Royal Challengers Bangalore,131,10,49.0,10.0,Kolkata Knight Riders,Royal Challengers Bangalore,Batting First,False
1082618,2017-04-24,2017,2017,Wankhede Stadium,Mumbai,T20,Indian Premier League,Mumbai Indians,field,Rising Pune Supergiant,3 runs,BA Stokes,,,,Rising Pune Supergiant,Mumbai Indians,160,6,157.0,8.0,Rising Pune Supergiant,Mumbai Indians,Batting First,False
1082620,2017-04-26,2017,2017,Maharashtra Cricket Association Stadium,Pune,T20,Indian Premier League,Kolkata Knight Riders,field,Kolkata Knight Riders,7 wickets,RV Uthappa,,,,Rising Pune Supergiant,Kolkata Knight Riders,182,5,184.0,3.0,Rising Pune Supergiant,Kolkata Knight Riders,Chasing,True
1082621,2017-04-27,2017,2017,M Chinnaswamy Stadium,Bangalore,T20,Indian Premier League,Gujarat Lions,field,Gujarat Lions,7 wickets,AJ Tye,,,,Royal Challengers Bangalore,Gujarat Lions,134,10,135.0,3.0,Royal Challengers Bangalore,Gujarat Lions,Chasing,True
1082622,2017-04-28,2017,2017,Eden Gardens,Kolkata,T20,Indian Premier League,Kolkata Knight Riders,field,Kolkata Knight Riders,7 wickets,G Gambhir,,,,Delhi Daredevils,Kolkata Knight Riders,160,6,161.0,3.0,Delhi Daredevils,Kolkata Knight Riders,Chasing,True
1082623,2017-04-28,2017,2017,"Punjab Cricket Association IS Bindra Stadium, Mohali",Chandigarh,T20,Indian Premier League,Kings XI Punjab,field,Sunrisers Hyderabad,26 runs,Rashid Khan,,,,Sunrisers Hyderabad,Kings XI Punjab,207,3,181.0,9.0,Sunrisers Hyderabad,Kings XI Punjab,Batting First,False
1082624,2017-04-29,2017,2017,Maharashtra Cricket Association Stadium,Pune,T20,Indian Premier League,Royal Challengers Bangalore,field,Rising Pune Supergiant,61 runs,LH Ferguson,,,,Rising Pune Supergiant,Royal Challengers Bangalore,157,3,96.0,9.0,Rising Pune Supergiant,Royal Challengers Bangalore,Batting First,False
1082625,2017-04-29,2017,2017,Saurashtra Cricket Association Stadium,Rajkot,T20,Indian Premier League,Gujarat Lions,bat,Unknown,,KH Pandya,tie,,Mumbai Indians,Gujarat Lions,Mumbai Indians,153,9,153.0,10.0,Gujarat Lions,Mumbai Indians,Tie / No Result,False
1082626,2017-04-30,2017,2017,"Punjab Cricket Association IS Bindra Stadium, Mohali",Chandigarh,T20,Indian Premier League,Kings XI Punjab,field,Kings XI Punjab,10 wickets,Sandeep Sharma,,,,Delhi Daredevils,Kings XI Punjab,67,10,68.0,0.0,Delhi Daredevils,Kings XI Punjab,Chasing,True
1082627,2017-04-30,2017,2017,"Rajiv Gandhi International Stadium, Uppal",Hyderabad,T20,Indian Premier League,Kolkata Knight Riders,field,Sunrisers Hyderabad,48 runs,DA Warner,,,,Sunrisers Hyderabad,Kolkata Knight Riders,209,3,161.0,7.0,Sunrisers Hyderabad,Kolkata Knight Riders,Batting First,False
1082628,2017-05-01,2017,2017,Wankhede Stadium,Mumbai,T20,Indian Premier League,Royal Challengers Bangalore,bat,Mumbai Indians,5 wickets,RG Sharma,,,,Royal Challengers Bangalore,Mumbai Indians,162,8,165.0,6.0,Royal Challengers Bangalore,Mumbai Indians,Chasing,False
1082629,2017-05-01,2017,2017,Maharashtra Cricket Association Stadium,Pune,T20,Indian Premier League,Rising Pune Supergiant,field,Rising Pune Supergiant,5 wickets,BA Stokes,,,,Gujarat Lions,Rising Pune Supergiant,161,10,167.0,5.0,Gujarat Lions,Rising Pune Supergiant,Chasing,True
1082630,2017-05-02,2017,2017,Feroz Shah Kotla,Delhi,T20,Indian Premier League,Delhi Daredevils,field,Delhi Daredevils,6 wickets,Mohammed Shami,,,,Sunrisers Hyderabad,Delhi Daredevils,185,3,189.0,4.0,Sunrisers Hyderabad,Delhi Daredevils,Chasing,True
1082631,2017-05-03,2017,2017,Eden Gardens,Kolkata,T20,Indian Premier League,Rising Pune Supergiant,field,Rising Pune Supergiant,4 wickets,RA Tripathi,,,,Kolkata Knight Riders,Rising Pune Supergiant,155,8,158.0,6.0,Kolkata Knight Riders,Rising Pune Supergiant,Chasing,True
1082632,2017-05-04,2017,2017,Feroz Shah Kotla,Delhi,T20,Indian Premier League,Delhi Daredevils,field,Delhi Daredevils,7 wickets,RR Pant,,,,Gujarat Lions,Delhi Daredevils,208,7,214.0,3.0,Gujarat Lions,Delhi Daredevils,Chasing,True
1082633,2017-05-05,2017,2017,M Chinnaswamy Stadium,Bangalore,T20,Indian Premier League,Royal Challengers Bangalore,field,Kings XI Punjab,19 runs,Sandeep Sharma,,,,Kings XI Punjab,Royal Challengers Bangalore,138,7,119.0,10.0,Kings XI Punjab,Royal Challengers Bangalore,Batting First,False
1082634,2017-05-06,2017,2017,"Rajiv Gandhi International Stadium, Uppal",Hyderabad,T20,Indian Premier League,Sunrisers Hyderabad,field,Rising Pune Supergiant,12 runs,JD Unadkat,,,,Rising Pune Supergiant,Sunrisers Hyderabad,148,8,136.0,9.0,Rising Pune Supergiant,Sunrisers Hyderabad,Batting First,False
1082635,2017-05-06,2017,2017,Feroz Shah Kotla,Delhi,T20,Indian Premier League,Delhi Daredevils,field,Mumbai Indians,146 runs,LMP Simmons,,,,Mumbai Indians,Delhi Daredevils,212,3,66.0,10.0,Mumbai Indians,Delhi Daredevils,Batting First,False
1082636,2017-05-07,2017,2017,M Chinnaswamy Stadium,Bangalore,T20,Indian Premier League,Kolkata Knight Riders,field,Kolkata Knight Riders,6 wickets,SP Narine,,,,Royal Challengers Bangalore,Kolkata Knight Riders,158,6,159.0,4.0,Royal Challengers Bangalore,Kolkata Knight Riders,Chasing,True
1082637,2017-05-07,2017,2017,"Punjab Cricket Association IS Bindra Stadium, Mohali",Chandigarh,T20,Indian Premier League,Gujarat Lions,field,Gujarat Lions,6 wickets,DR Smith,,,,Kings XI Punjab,Gujarat Lions,189,3,192.0,4.0,Kings XI Punjab,Gujarat Lions,Chasing,True
1082638,2017-05-08,2017,2017,"Rajiv Gandhi International Stadium, Uppal",Hyderabad,T20,Indian Premier League,Mumbai Indians,bat,Sunrisers Hyderabad,7 wickets,S Dhawan,,,,Mumbai Indians,Sunrisers Hyderabad,138,7,140.0,3.0,Mumbai Indians,Sunrisers Hyderabad,Chasing,False
1082639,2017-05-09,2017,2017,"Punjab Cricket Association IS Bindra Stadium, Mohali",Chandigarh,T20,Indian Premier League,Kolkata Knight Riders,field,Kings XI Punjab,14 runs,MM Sharma,,,,Kings XI Punjab,Kolkata Knight Riders,167,6,153.0,6.0,Kings XI Punjab,Kolkata Knight Riders,Batting First,False
1082640,2017-05-10,2017,2017,Green Park,Kanpur,T20,Indian Premier League,Delhi Daredevils,field,Delhi Daredevils,2 wickets,SS Iyer,,,,Gujarat Lions,Delhi Daredevils,195,5,197.0,8.0,Gujarat Lions,Delhi Daredevils,Chasing,True
1082641,2017-05-11,2017,2017,Wankhede Stadium,Mumbai,T20,Indian Premier League,Mumbai Indians,field,Kings XI Punjab,7 runs,WP Saha,,,,Kings XI Punjab,Mumbai Indians,230,3,223.0,6.0,Kings XI Punjab,Mumbai Indians,Batting First,False
1082642,2017-05-12,2017,2017,Feroz Shah Kotla,Delhi,T20,Indian Premier League,Delhi Daredevils,bat,Delhi Daredevils,7 runs,KK Nair,,,,Delhi Daredevils,Rising Pune Supergiant,168,8,161.0,7.0,Delhi Daredevils,Rising Pune Supergiant,Batting First,True
1082643,2017-05-13,2017,2017,Green Park,Kanpur,T20,Indian Premier League,Sunrisers Hyderabad,field,Sunrisers Hyderabad,8 wickets,Mohammed Siraj,,,,Gujarat Lions,Sunrisers Hyderabad,154,10,158.0,2.0,Gujarat Lions,Sunrisers Hyderabad,Chasing,True
1082644,2017-05-13,2017,2017,Eden Gardens,Kolkata,T20,Indian Premier League,Kolkata Knight Riders,field,Mumbai Indians,9 runs,AT Rayudu,,,,Mumbai Indians,Kolkata Knight Riders,173,5,164.0,8.0,Mumbai Indians,Kolkata Knight Riders,Batting First,False
1082645,2017-05-14,2017,2017,Maharashtra Cricket Association Stadium,Pune,T20,Indian Premier League,Rising Pune Supergiant,field,Rising Pune Supergiant,9 wickets,JD Unadkat,,,,Kings XI Punjab,Rising Pune Supergiant,73,10,78.0,1.0,Kings XI Punjab,Rising Pune Supergiant,Chasing,True
1082646,2017-05-14,2017,2017,Feroz Shah Kotla,Delhi,T20,Indian Premier League,Royal Challengers Bangalore,bat,Royal Challengers Bangalore,10 runs,HV Patel,,,,Royal Challengers Bangalore,Delhi Daredevils,161,6,151.0,10.0,Royal Challengers Bangalore,Delhi Daredevils,Batting First,True
1082647,2017-05-16,2017,2017,Wankhede Stadium,Mumbai,T20,Indian Premier League,Mumbai Indians,field,Rising Pune Supergiant,20 runs,Washington Sundar,,,,Rising Pune Supergiant,Mumbai Indians,162,4,142.0,9.0,Rising Pune Supergiant,Mumbai Indians,Batting First,False
1082648,2017-05-17,2017,2017,M Chinnaswamy Stadium,Bangalore,T20,Indian Premier League,Kolkata Knight Riders,field,Kolkata Knight Riders,7 wickets,NM Coulter-Nile,,D/L,,Sunrisers Hyderabad,Kolkata Knight Riders,128,7,48.0,3.0,Sunrisers Hyderabad,Kolkata Knight Riders,Chasing,True
1082649,2017-05-19,2017,2017,M Chinnaswamy Stadium,Bangalore,T20,Indian Premier League,Mumbai Indians,field,Mumbai Indians,6 wickets,KV Sharma,,,,Kolkata Knight Riders,Mumbai Indians,107,10,111.0,4.0,Kolkata Knight Riders,Mumbai Indians,Chasing,True
1082650,2017-05-21,2017,2017,"Rajiv Gandhi International Stadium, Uppal",Hyderabad,T20,Indian Premier League,Mumbai Indians,bat,Mumbai Indians,1 runs,KH Pandya,,,,Mumbai Indians,Rising Pune Supergiant,129,8,128.0,6.0,Mumbai Indians,Rising Pune Supergiant,Batting First,True
1136561,2018-04-07,2018,2018,Wankhede Stadium,Mumbai,T20,Indian Premier League,Chennai Super Kings,field,Chennai Super Kings,1 wickets,DJ Bravo,,,,Mumbai Indians,Chennai Super Kings,165,4,169.0,9.0,Mumbai Indians,Chennai Super Kings,Chasing,True
1136562,2018-04-08,2018,2018,Punjab Cricket Association IS Bindra Stadium,Chandigarh,T20,Indian Premier League,Kings XI Punjab,field,Kings XI Punjab,6 wickets,KL Rahul,,,,Delhi Daredevils,Kings XI Punjab,166,7,167.0,4.0,Delhi Daredevils,Kings XI Punjab,Chasing,True
1136563,2018-04-08,2018,2018,Eden Gardens,Kolkata,T20,Indian Premier League,Kolkata Knight Riders,field,Kolkata Knight Riders,4 wickets,SP Narine,,,,Royal Challengers Bangalore,Kolkata Knight Riders,176,7,177.0,6.0,Royal Challengers Bangalore,Kolkata Knight Riders,Chasing,True
1136564,2018-04-09,2018,2018,Rajiv Gandhi International Stadium,Hyderabad,T20,Indian Premier League,Sunrisers Hyderabad,field,Sunrisers Hyderabad,9 wickets,S Dhawan,,,,Rajasthan Royals,Sunrisers Hyderabad,125,9,127.0,1.0,Rajasthan Royals,Sunrisers Hyderabad,Chasing,True
1136565,2018-04-10,2018,2018,MA Chidambaram Stadium,Chennai,T20,Indian Premier League,Chennai Super Kings,field,Chennai Super Kings,5 wickets,SW Billings,,,,Kolkata Knight Riders,Chennai Super Kings,202,6,205.0,5.0,Kolkata Knight Riders,Chennai Super Kings,Chasing,True
1136566,2018-04-11,2018,2018,Sawai Mansingh Stadium,Jaipur,T20,Indian Premier League,Delhi Daredevils,field,Rajasthan Royals,10 runs,SV Samson,,D/L,,Rajasthan Royals,Delhi Daredevils,153,5,60.0,4.0,Rajasthan Royals,Delhi Daredevils,Batting First,False
1136567,2018-04-12,2018,2018,Rajiv Gandhi International Stadium,Hyderabad,T20,Indian Premier League,Sunrisers Hyderabad,field,Sunrisers Hyderabad,1 wickets,Rashid Khan,,,,Mumbai Indians,Sunrisers Hyderabad,147,8,151.0,9.0,Mumbai Indians,Sunrisers Hyderabad,Chasing,True
1136568,2018-04-13,2018,2018,M.Chinnaswamy Stadium,Bengaluru,T20,Indian Premier League,Royal Challengers Bangalore,field,Royal Challengers Bangalore,4 wickets,UT Yadav,,,,Kings XI Punjab,Royal Challengers Bangalore,155,10,159.0,6.0,Kings XI Punjab,Royal Challengers Bangalore,Chasing,True
1136569,2018-04-14,2018,2018,Wankhede Stadium,Mumbai,T20,Indian Premier League,Delhi Daredevils,field,Delhi Daredevils,7 wickets,JJ Roy,,,,Mumbai Indians,Delhi Daredevils,194,7,195.0,3.0,Mumbai Indians,Delhi Daredevils,Chasing,True
1136570,2018-04-14,2018,2018,Eden Gardens,Kolkata,T20,Indian Premier League,Sunrisers Hyderabad,field,Sunrisers Hyderabad,5 wickets,B Stanlake,,,,Kolkata Knight Riders,Sunrisers Hyderabad,138,8,139.0,5.0,Kolkata Knight Riders,Sunrisers Hyderabad,Chasing,True
1136571,2018-04-15,2018,2018,M.Chinnaswamy Stadium,Bengaluru,T20,Indian Premier League,Royal Challengers Bangalore,field,Rajasthan Royals,19 runs,SV Samson,,,,Rajasthan Royals,Royal Challengers Bangalore,217,4,198.0,6.0,Rajasthan Royals,Royal Challengers Bangalore,Batting First,False
1136572,2018-04-15,2018,2018,Punjab Cricket Association IS Bindra Stadium,Chandigarh,T20,Indian Premier League,Chennai Super Kings,field,Kings XI Punjab,4 runs,CH Gayle,,,,Kings XI Punjab,Chennai Super Kings,197,7,193.0,5.0,Kings XI Punjab,Chennai Super Kings,Batting First,False
1136573,2018-04-16,2018,2018,Eden Gardens,Kolkata,T20,Indian Premier League,Delhi Daredevils,field,Kolkata Knight Riders,71 runs,N Rana,,,,Kolkata Knight Riders,Delhi Daredevils,200,9,129.0,10.0,Kolkata Knight Riders,Delhi Daredevils,Batting First,False
1136574,2018-04-17,2018,2018,Wankhede Stadium,Mumbai,T20,Indian Premier League,Royal Challengers Bangalore,field,Mumbai Indians,46 runs,RG Sharma,,,,Mumbai Indians,Royal Challengers Bangalore,213,6,167.0,8.0,Mumbai Indians,Royal Challengers Bangalore,Batting First,False
1136575,2018-04-18,2018,2018,Sawai Mansingh Stadium,Jaipur,T20,Indian Premier League,Kolkata Knight Riders,field,Kolkata Knight Riders,7 wickets,N Rana,,,,Rajasthan Royals,Kolkata Knight Riders,160,8,163.0,3.0,Rajasthan Royals,Kolkata Knight Riders,Chasing,True
1136576,2018-04-19,2018,2018,Punjab Cricket Association IS Bindra Stadium,Chandigarh,T20,Indian Premier League,Kings XI Punjab,bat,Kings XI Punjab,15 runs,CH Gayle,,,,Kings XI Punjab,Sunrisers Hyderabad,193,3,178.0,5.0,Kings XI Punjab,Sunrisers Hyderabad,Batting First,True
1136577,2018-04-20,2018,2018,Maharashtra Cricket Association Stadium,Pune,T20,Indian Premier League,Rajasthan Royals,field,Chennai Super Kings,64 runs,SR Watson,,,,Chennai Super Kings,Rajasthan Royals,204,5,140.0,10.0,Chennai Super Kings,Rajasthan Royals,Batting First,False
1136578,2018-04-21,2018,2018,Eden Gardens,Kolkata,T20,Indian Premier League,Kings XI Punjab,field,Kings XI Punjab,9 wickets,KL Rahul,,D/L,,Kolkata Knight Riders,Kings XI Punjab,191,7,126.0,1.0,Kolkata Knight Riders,Kings XI Punjab,Chasing,True
1136579,2018-04-21,2018,2018,M.Chinnaswamy Stadium,Bengaluru,T20,Indian Premier League,Royal Challengers Bangalore,field,Royal Challengers Bangalore,6 wickets,AB de Villiers,,,,Delhi Daredevils,Royal Challengers Bangalore,174,5,176.0,4.0,Delhi Daredevils,Royal Challengers Bangalore,Chasing,True
1136580,2018-04-22,2018,2018,Rajiv Gandhi International Stadium,Hyderabad,T20,Indian Premier League,Sunrisers Hyderabad,field,Chennai Super Kings,4 runs,AT Rayudu,,,,Chennai Super Kings,Sunrisers Hyderabad,182,3,178.0,6.0,Chennai Super Kings,Sunrisers Hyderabad,Batting First,False
1136581,2018-04-22,2018,2018,Sawai Mansingh Stadium,Jaipur,T20,Indian Premier League,Mumbai Indians,bat,Rajasthan Royals,3 wickets,JC Archer,,,,Mumbai Indians,Rajasthan Royals,167,7,168.0,7.0,Mumbai Indians,Rajasthan Royals,Chasing,False
1136582,2018-04-23,2018,2018,Arun Jaitley Stadium,Delhi,T20,Indian Premier League,Delhi Daredevils,field,Kings XI Punjab,4 runs,AS Rajpoot,,,,Kings XI Punjab,Delhi Daredevils,143,8,139.0,8.0,Kings XI Punjab,Delhi Daredevils,Batting First,False
1136583,2018-04-24,2018,2018,Wankhede Stadium,Mumbai,T20,Indian Premier League,Mumbai Indians,field,Sunrisers Hyderabad,31 runs,Rashid Khan,,,,Sunrisers Hyderabad,Mumbai Indians,118,10,87.0,10.0,Sunrisers Hyderabad,Mumbai Indians,Batting First,False
1136584,2018-04-25,2018,2018,M.Chinnaswamy Stadium,Bengaluru,T20,Indian Premier League,Chennai Super Kings,field,Chennai Super Kings,5 wickets,MS Dhoni,,,,Royal Challengers Bangalore,Chennai Super Kings,205,8,207.0,5.0,Royal Challengers Bangalore,Chennai Super Kings,Chasing,True
1136585,2018-04-26,2018,2018,Rajiv Gandhi International Stadium,Hyderabad,T20,Indian Premier League,Kings XI Punjab,field,Sunrisers Hyderabad,13 runs,AS Rajpoot,,,,Sunrisers Hyderabad,Kings XI Punjab,132,6,119.0,10.0,Sunrisers Hyderabad,Kings XI Punjab,Batting First,False
1136586,2018-04-27,2018,2018,Arun Jaitley Stadium,Delhi,T20,Indian Premier League,Kolkata Knight Riders,field,Delhi Daredevils,55 runs,SS Iyer,,,,Delhi Daredevils,Kolkata Knight Riders,219,4,164.0,9.0,Delhi Daredevils,Kolkata Knight Riders,Batting First,False
1136587,2018-04-28,2018,2018,Maharashtra Cricket Association Stadium,Pune,T20,Indian Premier League,Mumbai Indians,field,Mumbai Indians,8 wickets,RG Sharma,,,,Chennai Super Kings,Mumbai Indians,169,5,170.0,2.0,Chennai Super Kings,Mumbai Indians,Chasing,True
1136588,2018-04-29,2018,2018,Sawai Mansingh Stadium,Jaipur,T20,Indian Premier League,Sunrisers Hyderabad,bat,Sunrisers Hyderabad,11 runs,KS Williamson,,,,Sunrisers Hyderabad,Rajasthan Royals,151,7,140.0,6.0,Sunrisers Hyderabad,Rajasthan Royals,Batting First,True
1136589,2018-04-29,2018,2018,M.Chinnaswamy Stadium,Bengaluru,T20,Indian Premier League,Kolkata Knight Riders,field,Kolkata Knight Riders,6 wickets,CA Lynn,,,,Royal Challengers Bangalore,Kolkata Knight Riders,175,4,176.0,5.0,Royal Challengers Bangalore,Kolkata Knight Riders,Chasing,True
1136590,2018-04-30,2018,2018,Maharashtra Cricket Association Stadium,Pune,T20,Indian Premier League,Delhi Daredevils,field,Chennai Super Kings,13 runs,SR Watson,,,,Chennai Super Kings,Delhi Daredevils,211,4,198.0,5.0,Chennai Super Kings,Delhi Daredevils,Batting First,False
1136591,2018-05-01,2018,2018,M.Chinnaswamy Stadium,Bengaluru,T20,Indian Premier League,Mumbai Indians,field,Royal Challengers Bangalore,14 runs,TG Southee,,,,Royal Challengers Bangalore,Mumbai Indians,167,7,153.0,7.0,Royal Challengers Bangalore,Mumbai Indians,Batting First,False
1136592,2018-05-02,2018,2018,Arun Jaitley Stadium,Delhi,T20,Indian Premier League,Rajasthan Royals,field,Delhi Daredevils,4 runs,RR Pant,,D/L,,Delhi Daredevils,Rajasthan Royals,196,6,146.0,5.0,Delhi Daredevils,Rajasthan Royals,Batting First,False
1136593,2018-05-03,2018,2018,Eden Gardens,Kolkata,T20,Indian Premier League,Kolkata Knight Riders,field,Kolkata Knight Riders,6 wickets,SP Narine,,,,Chennai Super Kings,Kolkata Knight Riders,177,5,180.0,4.0,Chennai Super Kings,Kolkata Knight Riders,Chasing,True
1136594,2018-05-04,2018,2018,Holkar Cricket Stadium,Indore,T20,Indian Premier League,Mumbai Indians,field,Mumbai Indians,6 wickets,SA Yadav,,,,Kings XI Punjab,Mumbai Indians,174,6,176.0,4.0,Kings XI Punjab,Mumbai Indians,Chasing,True
1136595,2018-05-05,2018,2018,Maharashtra Cricket Association Stadium,Pune,T20,Indian Premier League,Chennai Super Kings,field,Chennai Super Kings,6 wickets,RA Jadeja,,,,Royal Challengers Bangalore,Chennai Super Kings,127,9,128.0,4.0,Royal Challengers Bangalore,Chennai Super Kings,Chasing,True
1136596,2018-05-05,2018,2018,Rajiv Gandhi International Stadium,Hyderabad,T20,Indian Premier League,Delhi Daredevils,bat,Sunrisers Hyderabad,7 wickets,Rashid Khan,,,,Delhi Daredevils,Sunrisers Hyderabad,163,5,164.0,3.0,Delhi Daredevils,Sunrisers Hyderabad,Chasing,False
1136597,2018-05-06,2018,2018,Wankhede Stadium,Mumbai,T20,Indian Premier League,Kolkata Knight Riders,field,Mumbai Indians,13 runs,HH Pandya,,,,Mumbai Indians,Kolkata Knight Riders,181,4,168.0,6.0,Mumbai Indians,Kolkata Knight Riders,Batting First,False
1136598,2018-05-06,2018,2018,Holkar Cricket Stadium,Indore,T20,Indian Premier League,Kings XI Punjab,field,Kings XI Punjab,6 wickets,Mujeeb Ur Rahman,,,,Rajasthan Royals,Kings XI Punjab,152,9,155.0,4.0,Rajasthan Royals,Kings XI Punjab,Chasing,True
1136599,2018-05-07,2018,2018,Rajiv Gandhi International Stadium,Hyderabad,T20,Indian Premier League,Royal Challengers Bangalore,field,Sunrisers Hyderabad,5 runs,KS Williamson,,,,Sunrisers Hyderabad,Royal Challengers Bangalore,146,10,141.0,6.0,Sunrisers Hyderabad,Royal Challengers Bangalore,Batting First,False
1136600,2018-05-08,2018,2018,Sawai Mansingh Stadium,Jaipur,T20,Indian Premier League,Rajasthan Royals,bat,Rajasthan Royals,15 runs,JC Buttler,,,,Rajasthan Royals,Kings XI Punjab,158,8,143.0,7.0,Rajasthan Royals,Kings XI Punjab,Batting First,True
1136601,2018-05-09,2018,2018,Eden Gardens,Kolkata,T20,Indian Premier League,Kolkata Knight Riders,field,Mumbai Indians,102 runs,Ishan Kishan,,,,Mumbai Indians,Kolkata Knight Riders,210,6,108.0,10.0,Mumbai Indians,Kolkata Knight Riders,Batting First,False
1136602,2018-05-10,2018,2018,Arun Jaitley Stadium,Delhi,T20,Indian Premier League,Delhi Daredevils,bat,Sunrisers Hyderabad,9 wickets,S Dhawan,,,,Delhi Daredevils,Sunrisers Hyderabad,187,5,191.0,1.0,Delhi Daredevils,Sunrisers Hyderabad,Chasing,False
1136603,2018-05-11,2018,2018,Sawai Mansingh Stadium,Jaipur,T20,Indian Premier League,Chennai Super Kings,bat,Rajasthan Royals,4 wickets,JC Buttler,,,,Chennai Super Kings,Rajasthan Royals,176,4,177.0,6.0,Chennai Super Kings,Rajasthan Royals,Chasing,False
1136604,2018-05-12,2018,2018,Holkar Cricket Stadium,Indore,T20,Indian Premier League,Kings XI Punjab,field,Kolkata Knight Riders,31 runs,SP Narine,,,,Kolkata Knight Riders,Kings XI Punjab,245,6,214.0,8.0,Kolkata Knight Riders,Kings XI Punjab,Batting First,False
1136605,2018-05-12,2018,2018,Arun Jaitley Stadium,Delhi,T20,Indian Premier League,Royal Challengers Bangalore,field,Royal Challengers Bangalore,5 wickets,AB de Villiers,,,,Delhi Daredevils,Royal Challengers Bangalore,181,4,187.0,5.0,Delhi Daredevils,Royal Challengers Bangalore,Chasing,True
1136606,2018-05-13,2018,2018,Maharashtra Cricket Association Stadium,Pune,T20,Indian Premier League,Chennai Super Kings,field,Chennai Super Kings,8 wickets,AT Rayudu,,,,Sunrisers Hyderabad,Chennai Super Kings,179,4,180.0,2.0,Sunrisers Hyderabad,Chennai Super Kings,Chasing,True
1136607,2018-05-13,2018,2018,Wankhede Stadium,Mumbai,T20,Indian Premier League,Rajasthan Royals,field,Rajasthan Royals,7 wickets,JC Buttler,,,,Mumbai Indians,Rajasthan Royals,168,6,171.0,3.0,Mumbai Indians,Rajasthan Royals,Chasing,True
1136608,2018-05-14,2018,2018,Holkar Cricket Stadium,Indore,T20,Indian Premier League,Royal Challengers Bangalore,field,Royal Challengers Bangalore,10 wickets,UT Yadav,,,,Kings XI Punjab,Royal Challengers Bangalore,88,10,92.0,0.0,Kings XI Punjab,Royal Challengers Bangalore,Chasing,True
1136609,2018-05-15,2018,2018,Eden Gardens,Kolkata,T20,Indian Premier League,Kolkata Knight Riders,field,Kolkata Knight Riders,6 wickets,Kuldeep Yadav,,,,Rajasthan Royals,Kolkata Knight Riders,142,10,145.0,4.0,Rajasthan Royals,Kolkata Knight Riders,Chasing,True
1136610,2018-05-16,2018,2018,Wankhede Stadium,Mumbai,T20,Indian Premier League,Kings XI Punjab,field,Mumbai Indians,3 runs,JJ Bumrah,,,,Mumbai Indians,Kings XI Punjab,186,8,183.0,5.0,Mumbai Indians,Kings XI Punjab,Batting First,False
1136611,2018-05-17,2018,2018,M.Chinnaswamy Stadium,Bengaluru,T20,Indian Premier League,Sunrisers Hyderabad,field,Royal Challengers Bangalore,14 runs,AB de Villiers,,,,Royal Challengers Bangalore,Sunrisers Hyderabad,218,6,204.0,3.0,Royal Challengers Bangalore,Sunrisers Hyderabad,Batting First,False
1136612,2018-05-18,2018,2018,Arun Jaitley Stadium,Delhi,T20,Indian Premier League,Chennai Super Kings,field,Delhi Daredevils,34 runs,HV Patel,,,,Delhi Daredevils,Chennai Super Kings,162,5,128.0,6.0,Delhi Daredevils,Chennai Super Kings,Batting First,False
1136613,2018-05-19,2018,2018,Sawai Mansingh Stadium,Jaipur,T20,Indian Premier League,Rajasthan Royals,bat,Rajasthan Royals,30 runs,S Gopal,,,,Rajasthan Royals,Royal Challengers Bangalore,164,5,134.0,10.0,Rajasthan Royals,Royal Challengers Bangalore,Batting First,True
1136614,2018-05-19,2018,2018,Rajiv Gandhi International Stadium,Hyderabad,T20,Indian Premier League,Sunrisers Hyderabad,bat,Kolkata Knight Riders,5 wickets,CA Lynn,,,,Sunrisers Hyderabad,Kolkata Knight Riders,172,9,173.0,5.0,Sunrisers Hyderabad,Kolkata Knight Riders,Chasing,False
1136615,2018-05-20,2018,2018,Arun Jaitley Stadium,Delhi,T20,Indian Premier League,Delhi Daredevils,bat,Delhi Daredevils,11 runs,A Mishra,,,,Delhi Daredevils,Mumbai Indians,174,4,163.0,10.0,Delhi Daredevils,Mumbai Indians,Batting First,True
1136616,2018-05-20,2018,2018,Maharashtra Cricket Association Stadium,Pune,T20,Indian Premier League,Chennai Super Kings,field,Chennai Super Kings,5 wickets,L Ngidi,,,,Kings XI Punjab,Chennai Super Kings,153,10,159.0,5.0,Kings XI Punjab,Chennai Super Kings,Chasing,True
1136617,2018-05-22,2018,2018,Wankhede Stadium,Mumbai,T20,Indian Premier League,Chennai Super Kings,field,Chennai Super Kings,2 wickets,F du Plessis,,,,Sunrisers Hyderabad,Chennai Super Kings,139,7,140.0,8.0,Sunrisers Hyderabad,Chennai Super Kings,Chasing,True
1136618,2018-05-23,2018,2018,Eden Gardens,Kolkata,T20,Indian Premier League,Rajasthan Royals,field,Kolkata Knight Riders,25 runs,AD Russell,,,,Kolkata Knight Riders,Rajasthan Royals,169,7,144.0,4.0,Kolkata Knight Riders,Rajasthan Royals,Batting First,False
1136619,2018-05-25,2018,2018,Eden Gardens,Kolkata,T20,Indian Premier League,Kolkata Knight Riders,field,Sunrisers Hyderabad,14 runs,Rashid Khan,,,,Sunrisers Hyderabad,Kolkata Knight Riders,174,7,160.0,9.0,Sunrisers Hyderabad,Kolkata Knight Riders,Batting First,False
1136620,2018-05-27,2018,2018,Wankhede Stadium,Mumbai,T20,Indian Premier League,Chennai Super Kings,field,Chennai Super Kings,8 wickets,SR Watson,,,,Sunrisers Hyderabad,Chennai Super Kings,178,6,181.0,2.0,Sunrisers Hyderabad,Chennai Super Kings,Chasing,True
1175356,2019-03-23,2019,2019,MA Chidambaram Stadium,Chennai,T20,Indian Premier League,Chennai Super Kings,field,Chennai Super Kings,7 wickets,Harbhajan Singh,,,,Royal Challengers Bangalore,Chennai Super Kings,70,10,71.0,3.0,Royal Challengers Bangalore,Chennai Super Kings,Chasing,True
1175357,2019-03-24,2019,2019,Eden Gardens,Kolkata,T20,Indian Premier League,Kolkata Knight Riders,field,Kolkata Knight Riders,6 wickets,AD Russell,,,,Sunrisers Hyderabad,Kolkata Knight Riders,181,3,183.0,4.0,Sunrisers Hyderabad,Kolkata Knight Riders,Chasing,True
1175358,2019-03-24,2019,2019,Wankhede Stadium,Mumbai,T20,Indian Premier League,Mumbai Indians,field,Delhi Capitals,37 runs,RR Pant,,,,Delhi Capitals,Mumbai Indians,213,6,176.0,9.0,Delhi Capitals,Mumbai Indians,Batting First,False
1175359,2019-03-25,2019,2019,Sawai Mansingh Stadium,Jaipur,T20,Indian Premier League,Rajasthan Royals,field,Kings XI Punjab,14 runs,CH Gayle,,,,Kings XI Punjab,Rajasthan Royals,184,4,170.0,9.0,Kings XI Punjab,Rajasthan Royals,Batting First,False
1175360,2019-03-26,2019,2019,Arun Jaitley Stadium,Delhi,T20,Indian Premier League,Delhi Capitals,bat,Chennai Super Kings,6 wickets,SR Watson,,,,Delhi Capitals,Chennai Super Kings,147,6,150.0,4.0,Delhi Capitals,Chennai Super Kings,Chasing,False
1175361,2019-03-27,2019,2019,Eden Gardens,Kolkata,T20,Indian Premier League,Kings XI Punjab,field,Kolkata Knight Riders,28 runs,AD Russell,,,,Kolkata Knight Riders,Kings XI Punjab,218,4,190.0,4.0,Kolkata Knight Riders,Kings XI Punjab,Batting First,False
1175362,2019-03-28,2019,2019,M.Chinnaswamy Stadium,Bengaluru,T20,Indian Premier League,Royal Challengers Bangalore,field,Mumbai Indians,6 runs,JJ Bumrah,,,,Mumbai Indians,Royal Challengers Bangalore,187,8,181.0,5.0,Mumbai Indians,Royal Challengers Bangalore,Batting First,False
1175363,2019-03-29,2019,2019,Rajiv Gandhi International Stadium,Hyderabad,T20,Indian Premier League,Rajasthan Royals,bat,Sunrisers Hyderabad,5 wickets,Rashid Khan,,,,Rajasthan Royals,Sunrisers Hyderabad,198,2,201.0,5.0,Rajasthan Royals,Sunrisers Hyderabad,Chasing,False
1175364,2019-03-30,2019,2019,Punjab Cricket Association IS Bindra Stadium,Chandigarh,T20,Indian Premier League,Kings XI Punjab,field,Kings XI Punjab,8 wickets,MA Agarwal,,,,Mumbai Indians,Kings XI Punjab,176,7,177.0,2.0,Mumbai Indians,Kings XI Punjab,Chasing,True
1175365,2019-03-30,2019,2019,Arun Jaitley Stadium,Delhi,T20,Indian Premier League,Delhi Capitals,field,Unknown,,PP Shaw,tie,,Delhi Capitals,Kolkata Knight Riders,Delhi Capitals,185,8,185.0,6.0,Kolkata Knight Riders,Delhi Capitals,Tie / No Result,False
1175366,2019-03-31,2019,2019,Rajiv Gandhi International Stadium,Hyderabad,T20,Indian Premier League,Royal Challengers Bangalore,field,Sunrisers Hyderabad,118 runs,JM Bairstow,,,,Sunrisers Hyderabad,Royal Challengers Bangalore,231,2,113.0,10.0,Sunrisers Hyderabad,Royal Challengers Bangalore,Batting First,False
1175367,2019-03-31,2019,2019,MA Chidambaram Stadium,Chennai,T20,Indian Premier League,Rajasthan Royals,field,Chennai Super Kings,8 runs,MS Dhoni,,,,Chennai Super Kings,Rajasthan Royals,175,5,167.0,8.0,Chennai Super Kings,Rajasthan Royals,Batting First,False
1175368,2019-04-01,2019,2019,Punjab Cricket Association IS Bindra Stadium,Chandigarh,T20,Indian Premier League,Delhi Capitals,field,Kings XI Punjab,14 runs,SM Curran,,,,Kings XI Punjab,Delhi Capitals,166,9,152.0,10.0,Kings XI Punjab,Delhi Capitals,Batting First,False
1175369,2019-04-02,2019,2019,Sawai Mansingh Stadium,Jaipur,T20,Indian Premier League,Rajasthan Royals,field,Rajasthan Royals,7 wickets,S Gopal,,,,Royal Challengers Bangalore,Rajasthan Royals,158,4,164.0,3.0,Royal Challengers Bangalore,Rajasthan Royals,Chasing,True
1175370,2019-04-03,2019,2019,Wankhede Stadium,Mumbai,T20,Indian Premier League,Chennai Super Kings,field,Mumbai Indians,37 runs,HH Pandya,,,,Mumbai Indians,Chennai Super Kings,170,5,133.0,8.0,Mumbai Indians,Chennai Super Kings,Batting First,False
1175371,2019-04-04,2019,2019,Arun Jaitley Stadium,Delhi,T20,Indian Premier League,Sunrisers Hyderabad,field,Sunrisers Hyderabad,5 wickets,JM Bairstow,,,,Delhi Capitals,Sunrisers Hyderabad,129,8,131.0,5.0,Delhi Capitals,Sunrisers Hyderabad,Chasing,True
1175372,2019-04-05,2019,2019,M.Chinnaswamy Stadium,Bengaluru,T20,Indian Premier League,Kolkata Knight Riders,field,Kolkata Knight Riders,5 wickets,AD Russell,,,,Royal Challengers Bangalore,Kolkata Knight Riders,205,3,206.0,5.0,Royal Challengers Bangalore,Kolkata Knight Riders,Chasing,True
1178393,2019-04-06,2019,2019,MA Chidambaram Stadium,Chennai,T20,Indian Premier League,Chennai Super Kings,bat,Chennai Super Kings,22 runs,Harbhajan Singh,,,,Chennai Super Kings,Kings XI Punjab,160,3,138.0,5.0,Chennai Super Kings,Kings XI Punjab,Batting First,True
1178394,2019-04-06,2019,2019,Rajiv Gandhi International Stadium,Hyderabad,T20,Indian Premier League,Sunrisers Hyderabad,field,Mumbai Indians,40 runs,AS Joseph,,,,Mumbai Indians,Sunrisers Hyderabad,136,7,96.0,10.0,Mumbai Indians,Sunrisers Hyderabad,Batting First,False
1178395,2019-04-07,2019,2019,M.Chinnaswamy Stadium,Bengaluru,T20,Indian Premier League,Delhi Capitals,field,Delhi Capitals,4 wickets,K Rabada,,,,Royal Challengers Bangalore,Delhi Capitals,149,8,152.0,6.0,Royal Challengers Bangalore,Delhi Capitals,Chasing,True
1178396,2019-04-07,2019,2019,Sawai Mansingh Stadium,Jaipur,T20,Indian Premier League,Kolkata Knight Riders,field,Kolkata Knight Riders,8 wickets,HF Gurney,,,,Rajasthan Royals,Kolkata Knight Riders,139,3,140.0,2.0,Rajasthan Royals,Kolkata Knight Riders,Chasing,True
1178397,2019-04-08,2019,2019,Punjab Cricket Association IS Bindra Stadium,Chandigarh,T20,Indian Premier League,Kings XI Punjab,field,Kings XI Punjab,6 wickets,KL Rahul,,,,Sunrisers Hyderabad,Kings XI Punjab,150,4,151.0,4.0,Sunrisers Hyderabad,Kings XI Punjab,Chasing,True
1178398,2019-04-09,2019,2019,MA Chidambaram Stadium,Chennai,T20,Indian Premier League,Chennai Super Kings,field,Chennai Super Kings,7 wickets,DL Chahar,,,,Kolkata Knight Riders,Chennai Super Kings,108,9,111.0,3.0,Kolkata Knight Riders,Chennai Super Kings,Chasing,True
1178399,2019-04-10,2019,2019,Wankhede Stadium,Mumbai,T20,Indian Premier League,Mumbai Indians,field,Mumbai Indians,3 wickets,KA Pollard,,,,Kings XI Punjab,Mumbai Indians,197,4,198.0,7.0,Kings XI Punjab,Mumbai Indians,Chasing,True
1178400,2019-04-11,2019,2019,Sawai Mansingh Stadium,Jaipur,T20,Indian Premier League,Chennai Super Kings,field,Chennai Super Kings,4 wickets,MS Dhoni,,,,Rajasthan Royals,Chennai Super Kings,151,7,155.0,6.0,Rajasthan Royals,Chennai Super Kings,Chasing,True
1178401,2019-04-12,2019,2019,Eden Gardens,Kolkata,T20,Indian Premier League,Delhi Capitals,field,Delhi Capitals,7 wickets,S Dhawan,,,,Kolkata Knight Riders,Delhi Capitals,178,7,180.0,3.0,Kolkata Knight Riders,Delhi Capitals,Chasing,True
1178402,2019-04-13,2019,2019,Wankhede Stadium,Mumbai,T20,Indian Premier League,Rajasthan Royals,field,Rajasthan Royals,4 wickets,JC Buttler,,,,Mumbai Indians,Rajasthan Royals,187,5,188.0,6.0,Mumbai Indians,Rajasthan Royals,Chasing,True
1178403,2019-04-13,2019,2019,Punjab Cricket Association IS Bindra Stadium,Chandigarh,T20,Indian Premier League,Royal Challengers Bangalore,field,Royal Challengers Bangalore,8 wickets,AB de Villiers,,,,Kings XI Punjab,Royal Challengers Bangalore,173,4,174.0,2.0,Kings XI Punjab,Royal Challengers Bangalore,Chasing,True
1178404,2019-04-14,2019,2019,Eden Gardens,Kolkata,T20,Indian Premier League,Chennai Super Kings,field,Chennai Super Kings,5 wickets,Imran Tahir,,,,Kolkata Knight Riders,Chennai Super Kings,161,8,162.0,5.0,Kolkata Knight Riders,Chennai Super Kings,Chasing,True
1178405,2019-04-14,2019,2019,Rajiv Gandhi International Stadium,Hyderabad,T20,Indian Premier League,Sunrisers Hyderabad,field,Delhi Capitals,39 runs,KMA Paul,,,,Delhi Capitals,Sunrisers Hyderabad,155,7,116.0,10.0,Delhi Capitals,Sunrisers Hyderabad,Batting First,False
1178406,2019-04-15,2019,2019,Wankhede Stadium,Mumbai,T20,Indian Premier League,Mumbai Indians,field,Mumbai Indians,5 wickets,SL Malinga,,,,Royal Challengers Bangalore,Mumbai Indians,171,7,172.0,5.0,Royal Challengers Bangalore,Mumbai Indians,Chasing,True
1178407,2019-04-16,2019,2019,Punjab Cricket Association IS Bindra Stadium,Chandigarh,T20,Indian Premier League,Rajasthan Royals,field,Kings XI Punjab,12 runs,R Ashwin,,,,Kings XI Punjab,Rajasthan Royals,182,6,170.0,7.0,Kings XI Punjab,Rajasthan Royals,Batting First,False
1178408,2019-04-17,2019,2019,Rajiv Gandhi International Stadium,Hyderabad,T20,Indian Premier League,Chennai Super Kings,bat,Sunrisers Hyderabad,6 wickets,DA Warner,,,,Chennai Super Kings,Sunrisers Hyderabad,132,5,137.0,4.0,Chennai Super Kings,Sunrisers Hyderabad,Chasing,False
1178409,2019-04-18,2019,2019,Arun Jaitley Stadium,Delhi,T20,Indian Premier League,Mumbai Indians,bat,Mumbai Indians,40 runs,HH Pandya,,,,Mumbai Indians,Delhi Capitals,168,5,128.0,9.0,Mumbai Indians,Delhi Capitals,Batting First,True
1178410,2019-04-19,2019,2019,Eden Gardens,Kolkata,T20,Indian Premier League,Kolkata Knight Riders,field,Royal Challengers Bangalore,10 runs,V Kohli,,,,Royal Challengers Bangalore,Kolkata Knight Riders,213,4,203.0,5.0,Royal Challengers Bangalore,Kolkata Knight Riders,Batting First,False
1178411,2019-04-20,2019,2019,Sawai Mansingh Stadium,Jaipur,T20,Indian Premier League,Rajasthan Royals,field,Rajasthan Royals,5 wickets,SPD Smith,,,,Mumbai Indians,Rajasthan Royals,161,5,162.0,5.0,Mumbai Indians,Rajasthan Royals,Chasing,True
1178412,2019-04-20,2019,2019,Arun Jaitley Stadium,Delhi,T20,Indian Premier League,Delhi Capitals,field,Delhi Capitals,5 wickets,SS Iyer,,,,Kings XI Punjab,Delhi Capitals,163,7,166.0,5.0,Kings XI Punjab,Delhi Capitals,Chasing,True
1178413,2019-04-21,2019,2019,Rajiv Gandhi International Stadium,Hyderabad,T20,Indian Premier League,Sunrisers Hyderabad,field,Sunrisers Hyderabad,9 wickets,KK Ahmed,,,,Kolkata Knight Riders,Sunrisers Hyderabad,159,8,161.0,1.0,Kolkata Knight Riders,Sunrisers Hyderabad,Chasing,True
1178414,2019-04-21,2019,2019,M.Chinnaswamy Stadium,Bengaluru,T20,Indian Premier League,Chennai Super Kings,field,Royal Challengers Bangalore,1 runs,PA Patel,,,,Royal Challengers Bangalore,Chennai Super Kings,161,7,160.0,8.0,Royal Challengers Bangalore,Chennai Super Kings,Batting First,False
1178415,2019-04-22,2019,2019,Sawai Mansingh Stadium,Jaipur,T20,Indian Premier League,Delhi Capitals,field,Delhi Capitals,6 wickets,RR Pant,,,,Rajasthan Royals,Delhi Capitals,191,6,193.0,4.0,Rajasthan Royals,Delhi Capitals,Chasing,True
1178416,2019-04-23,2019,2019,MA Chidambaram Stadium,Chennai,T20,Indian Premier League,Chennai Super Kings,field,Chennai Super Kings,6 wickets,SR Watson,,,,Sunrisers Hyderabad,Chennai Super Kings,175,3,176.0,4.0,Sunrisers Hyderabad,Chennai Super Kings,Chasing,True
1178417,2019-04-24,2019,2019,M.Chinnaswamy Stadium,Bengaluru,T20,Indian Premier League,Kings XI Punjab,field,Royal Challengers Bangalore,17 runs,AB de Villiers,,,,Royal Challengers Bangalore,Kings XI Punjab,202,4,185.0,7.0,Royal Challengers Bangalore,Kings XI Punjab,Batting First,False
1178418,2019-04-25,2019,2019,Eden Gardens,Kolkata,T20,Indian Premier League,Rajasthan Royals,field,Rajasthan Royals,3 wickets,VR Aaron,,,,Kolkata Knight Riders,Rajasthan Royals,175,6,177.0,7.0,Kolkata Knight Riders,Rajasthan Royals,Chasing,True
1178419,2019-04-26,2019,2019,MA Chidambaram Stadium,Chennai,T20,Indian Premier League,Chennai Super Kings,field,Mumbai Indians,46 runs,RG Sharma,,,,Mumbai Indians,Chennai Super Kings,155,4,109.0,10.0,Mumbai Indians,Chennai Super Kings,Batting First,False
1178420,2019-04-27,2019,2019,Sawai Mansingh Stadium,Jaipur,T20,Indian Premier League,Rajasthan Royals,field,Rajasthan Royals,7 wickets,JD Unadkat,,,,Sunrisers Hyderabad,Rajasthan Royals,160,8,161.0,3.0,Sunrisers Hyderabad,Rajasthan Royals,Chasing,True
1178421,2019-04-28,2019,2019,Arun Jaitley Stadium,Delhi,T20,Indian Premier League,Delhi Capitals,bat,Delhi Capitals,16 runs,S Dhawan,,,,Delhi Capitals,Royal Challengers Bangalore,187,5,171.0,7.0,Delhi Capitals,Royal Challengers Bangalore,Batting First,True
1178422,2019-04-28,2019,2019,Eden Gardens,Kolkata,T20,Indian Premier League,Mumbai Indians,field,Kolkata Knight Riders,34 runs,AD Russell,,,,Kolkata Knight Riders,Mumbai Indians,232,2,198.0,7.0,Kolkata Knight Riders,Mumbai Indians,Batting First,False
1178423,2019-04-29,2019,2019,Rajiv Gandhi International Stadium,Hyderabad,T20,Indian Premier League,Kings XI Punjab,field,Sunrisers Hyderabad,45 runs,DA Warner,,,,Sunrisers Hyderabad,Kings XI Punjab,212,6,167.0,8.0,Sunrisers Hyderabad,Kings XI Punjab,Batting First,False
1178424,2019-04-30,2019,2019,M.Chinnaswamy Stadium,Bengaluru,T20,Indian Premier League,Rajasthan Royals,field,Unknown,,Unknown,no result,,,Royal Challengers Bangalore,Rajasthan Royals,62,7,41.0,1.0,Royal Challengers Bangalore,Rajasthan Royals,Tie / No Result,False
1178425,2019-05-01,2019,2019,MA Chidambaram Stadium,Chennai,T20,Indian Premier League,Delhi Capitals,field,Chennai Super Kings,80 runs,MS Dhoni,,,,Chennai Super Kings,Delhi Capitals,179,4,99.0,10.0,Chennai Super Kings,Delhi Capitals,Batting First,False
1178426,2019-05-02,2019,2019,Wankhede Stadium,Mumbai,T20,Indian Premier League,Mumbai Indians,bat,Unknown,,JJ Bumrah,tie,,Mumbai Indians,Mumbai Indians,Sunrisers Hyderabad,162,5,162.0,6.0,Mumbai Indians,Sunrisers Hyderabad,Tie / No Result,False
1178427,2019-05-03,2019,2019,Punjab Cricket Association IS Bindra Stadium,Chandigarh,T20,Indian Premier League,Kolkata Knight Riders,field,Kolkata Knight Riders,7 wickets,Shubman Gill,,,,Kings XI Punjab,Kolkata Knight Riders,183,6,185.0,3.0,Kings XI Punjab,Kolkata Knight Riders,Chasing,True
1178428,2019-05-04,2019,2019,Arun Jaitley Stadium,Delhi,T20,Indian Premier League,Rajasthan Royals,bat,Delhi Capitals,5 wickets,A Mishra,,,,Rajasthan Royals,Delhi Capitals,115,9,121.0,5.0,Rajasthan Royals,Delhi Capitals,Chasing,False
1178429,2019-05-04,2019,2019,M.Chinnaswamy Stadium,Bengaluru,T20,Indian Premier League,Royal Challengers Bangalore,field,Royal Challengers Bangalore,4 wickets,SO Hetmyer,,,,Sunrisers Hyderabad,Royal Challengers Bangalore,175,7,178.0,6.0,Sunrisers Hyderabad,Royal Challengers Bangalore,Chasing,True
1178430,2019-05-05,2019,2019,Punjab Cricket Association IS Bindra Stadium,Chandigarh,T20,Indian Premier League,Kings XI Punjab,field,Kings XI Punjab,6 wickets,KL Rahul,,,,Chennai Super Kings,Kings XI Punjab,170,5,173.0,4.0,Chennai Super Kings,Kings XI Punjab,Chasing,True
1178431,2019-05-05,2019,2019,Wankhede Stadium,Mumbai,T20,Indian Premier League,Mumbai Indians,field,Mumbai Indians,9 wickets,HH Pandya,,,,Kolkata Knight Riders,Mumbai Indians,133,7,134.0,1.0,Kolkata Knight Riders,Mumbai Indians,Chasing,True
1181764,2019-05-07,2019,2019,MA Chidambaram Stadium,Chennai,T20,Indian Premier League,Chennai Super Kings,bat,Mumbai Indians,6 wickets,SA Yadav,,,,Chennai Super Kings,Mumbai Indians,131,4,132.0,4.0,Chennai Super Kings,Mumbai Indians,Chasing,False
1181766,2019-05-08,2019,2019,Dr. Y.S. Rajasekhara Reddy ACA-VDCA Cricket Stadium,Visakhapatnam,T20,Indian Premier League,Delhi Capitals,field,Delhi Capitals,2 wickets,RR Pant,,,,Sunrisers Hyderabad,Delhi Capitals,162,8,165.0,8.0,Sunrisers Hyderabad,Delhi Capitals,Chasing,True
1181767,2019-05-10,2019,2019,Dr. Y.S. Rajasekhara Reddy ACA-VDCA Cricket Stadium,Visakhapatnam,T20,Indian Premier League,Chennai Super Kings,field,Chennai Super Kings,6 wickets,F du Plessis,,,,Delhi Capitals,Chennai Super Kings,147,9,151.0,4.0,Delhi Capitals,Chennai Super Kings,Chasing,True
1181768,2019-05-12,2019,2019,Rajiv Gandhi International Stadium,Hyderabad,T20,Indian Premier League,Mumbai Indians,bat,Mumbai Indians,1 runs,JJ Bumrah,,,,Mumbai Indians,Chennai Super Kings,149,8,148.0,7.0,Mumbai Indians,Chennai Super Kings,Batting First,True
1216492,2020-09-19,2020,2020,Sheikh Zayed Stadium,Abu Dhabi,T20,Indian Premier League,Chennai Super Kings,field,Chennai Super Kings,5 wickets,AT Rayudu,,,,Mumbai Indians,Chennai Super Kings,162,9,166.0,5.0,Mumbai Indians,Chennai Super Kings,Chasing,True
1216493,2020-09-20,2020,2020,Dubai International Cricket Stadium,Unknown,T20,Indian Premier League,Kings XI Punjab,field,Unknown,,MP Stoinis,tie,,Delhi Capitals,Delhi Capitals,Kings XI Punjab,157,8,157.0,8.0,Delhi Capitals,Kings XI Punjab,Tie / No Result,False
1216534,2020-09-21,2020,2020,Dubai International Cricket Stadium,Unknown,T20,Indian Premier League,Sunrisers Hyderabad,field,Royal Challengers Bangalore,10 runs,YS Chahal,,,,Royal Challengers Bangalore,Sunrisers Hyderabad,163,5,153.0,10.0,Royal Challengers Bangalore,Sunrisers Hyderabad,Batting First,False
1216496,2020-09-22,2020,2020,Sharjah Cricket Stadium,Unknown,T20,Indian Premier League,Chennai Super Kings,field,Rajasthan Royals,16 runs,SV Samson,,,,Rajasthan Royals,Chennai Super Kings,216,7,200.0,6.0,Rajasthan Royals,Chennai Super Kings,Batting First,False
1216508,2020-09-23,2020,2020,Sheikh Zayed Stadium,Abu Dhabi,T20,Indian Premier League,Kolkata Knight Riders,field,Mumbai Indians,49 runs,RG Sharma,,,,Mumbai Indians,Kolkata Knight Riders,195,5,146.0,9.0,Mumbai Indians,Kolkata Knight Riders,Batting First,False
1216510,2020-09-24,2020,2020,Dubai International Cricket Stadium,Unknown,T20,Indian Premier League,Royal Challengers Bangalore,field,Kings XI Punjab,97 runs,KL Rahul,,,,Kings XI Punjab,Royal Challengers Bangalore,206,3,109.0,10.0,Kings XI Punjab,Royal Challengers Bangalore,Batting First,False
1216539,2020-09-25,2020,2020,Dubai International Cricket Stadium,Unknown,T20,Indian Premier League,Chennai Super Kings,field,Delhi Capitals,44 runs,PP Shaw,,,,Delhi Capitals,Chennai Super Kings,175,3,131.0,7.0,Delhi Capitals,Chennai Super Kings,Batting First,False
1216545,2020-09-26,2020,2020,Sheikh Zayed Stadium,Abu Dhabi,T20,Indian Premier League,Sunrisers Hyderabad,bat,Kolkata Knight Riders,7 wickets,Shubman Gill,,,,Sunrisers Hyderabad,Kolkata Knight Riders,142,4,145.0,3.0,Sunrisers Hyderabad,Kolkata Knight Riders,Chasing,False
1216527,2020-09-27,2020,2020,Sharjah Cricket Stadium,Unknown,T20,Indian Premier League,Rajasthan Royals,field,Rajasthan Royals,4 wickets,SV Samson,,,,Kings XI Punjab,Rajasthan Royals,223,2,226.0,6.0,Kings XI Punjab,Rajasthan Royals,Chasing,True
1216547,2020-09-28,2020,2020,Dubai International Cricket Stadium,Unknown,T20,Indian Premier League,Mumbai Indians,field,Unknown,,AB de Villiers,tie,,Royal Challengers Bangalore,Royal Challengers Bangalore,Mumbai Indians,201,3,201.0,5.0,Royal Challengers Bangalore,Mumbai Indians,Tie / No Result,False
1216532,2020-09-29,2020,2020,Sheikh Zayed Stadium,Abu Dhabi,T20,Indian Premier League,Delhi Capitals,field,Sunrisers Hyderabad,15 runs,Rashid Khan,,,,Sunrisers Hyderabad,Delhi Capitals,162,4,147.0,7.0,Sunrisers Hyderabad,Delhi Capitals,Batting First,False
1216504,2020-09-30,2020,2020,Dubai International Cricket Stadium,Unknown,T20,Indian Premier League,Rajasthan Royals,field,Kolkata Knight Riders,37 runs,Shivam Mavi,,,,Kolkata Knight Riders,Rajasthan Royals,174,6,137.0,9.0,Kolkata Knight Riders,Rajasthan Royals,Batting First,False
1216503,2020-10-01,2020,2020,Sheikh Zayed Stadium,Abu Dhabi,T20,Indian Premier League,Kings XI Punjab,field,Mumbai Indians,48 runs,KA Pollard,,,,Mumbai Indians,Kings XI Punjab,191,4,143.0,8.0,Mumbai Indians,Kings XI Punjab,Batting First,False
1216516,2020-10-02,2020,2020,Dubai International Cricket Stadium,Unknown,T20,Indian Premier League,Sunrisers Hyderabad,bat,Sunrisers Hyderabad,7 runs,PK Garg,,,,Sunrisers Hyderabad,Chennai Super Kings,164,5,157.0,5.0,Sunrisers Hyderabad,Chennai Super Kings,Batting First,True
1216514,2020-10-03,2020,2020,Sheikh Zayed Stadium,Abu Dhabi,T20,Indian Premier League,Rajasthan Royals,bat,Royal Challengers Bangalore,8 wickets,YS Chahal,,,,Rajasthan Royals,Royal Challengers Bangalore,154,6,158.0,2.0,Rajasthan Royals,Royal Challengers Bangalore,Chasing,False
1216515,2020-10-03,2020,2020,Sharjah Cricket Stadium,Unknown,T20,Indian Premier League,Kolkata Knight Riders,field,Delhi Capitals,18 runs,SS Iyer,,,,Delhi Capitals,Kolkata Knight Riders,228,4,210.0,8.0,Delhi Capitals,Kolkata Knight Riders,Batting First,False
1216513,2020-10-04,2020,2020,Dubai International Cricket Stadium,Unknown,T20,Indian Premier League,Kings XI Punjab,bat,Chennai Super Kings,10 wickets,SR Watson,,,,Kings XI Punjab,Chennai Super Kings,178,4,181.0,0.0,Kings XI Punjab,Chennai Super Kings,Chasing,False
1216538,2020-10-04,2020,2020,Sharjah Cricket Stadium,Unknown,T20,Indian Premier League,Mumbai Indians,bat,Mumbai Indians,34 runs,TA Boult,,,,Mumbai Indians,Sunrisers Hyderabad,208,5,174.0,7.0,Mumbai Indians,Sunrisers Hyderabad,Batting First,True
1216519,2020-10-05,2020,2020,Dubai International Cricket Stadium,Unknown,T20,Indian Premier League,Royal Challengers Bangalore,field,Delhi Capitals,59 runs,AR Patel,,,,Delhi Capitals,Royal Challengers Bangalore,196,4,137.0,9.0,Delhi Capitals,Royal Challengers Bangalore,Batting First,False
1216511,2020-10-06,2020,2020,Sheikh Zayed Stadium,Abu Dhabi,T20,Indian Premier League,Mumbai Indians,bat,Mumbai Indians,57 runs,SA Yadav,,,,Mumbai Indians,Rajasthan Royals,193,4,136.0,10.0,Mumbai Indians,Rajasthan Royals,Batting First,True
1216501,2020-10-07,2020,2020,Sheikh Zayed Stadium,Abu Dhabi,T20,Indian Premier League,Kolkata Knight Riders,bat,Kolkata Knight Riders,10 runs,RA Tripathi,,,,Kolkata Knight Riders,Chennai Super Kings,167,10,157.0,5.0,Kolkata Knight Riders,Chennai Super Kings,Batting First,True
1216542,2020-10-08,2020,2020,Dubai International Cricket Stadium,Unknown,T20,Indian Premier League,Sunrisers Hyderabad,bat,Sunrisers Hyderabad,69 runs,JM Bairstow,,,,Sunrisers Hyderabad,Kings XI Punjab,201,6,132.0,10.0,Sunrisers Hyderabad,Kings XI Punjab,Batting First,True
1216500,2020-10-09,2020,2020,Sharjah Cricket Stadium,Unknown,T20,Indian Premier League,Rajasthan Royals,field,Delhi Capitals,46 runs,R Ashwin,,,,Delhi Capitals,Rajasthan Royals,184,8,138.0,10.0,Delhi Capitals,Rajasthan Royals,Batting First,False
1216523,2020-10-10,2020,2020,Sheikh Zayed Stadium,Abu Dhabi,T20,Indian Premier League,Kolkata Knight Riders,bat,Kolkata Knight Riders,2 runs,KD Karthik,,,,Kolkata Knight Riders,Kings XI Punjab,164,6,162.0,5.0,Kolkata Knight Riders,Kings XI Punjab,Batting First,True
1216525,2020-10-10,2020,2020,Dubai International Cricket Stadium,Unknown,T20,Indian Premier League,Royal Challengers Bangalore,bat,Royal Challengers Bangalore,37 runs,V Kohli,,,,Royal Challengers Bangalore,Chennai Super Kings,169,4,132.0,8.0,Royal Challengers Bangalore,Chennai Super Kings,Batting First,True
1216507,2020-10-11,2020,2020,Dubai International Cricket Stadium,Unknown,T20,Indian Premier League,Sunrisers Hyderabad,bat,Rajasthan Royals,5 wickets,R Tewatia,,,,Sunrisers Hyderabad,Rajasthan Royals,158,4,163.0,5.0,Sunrisers Hyderabad,Rajasthan Royals,Chasing,False
1216529,2020-10-11,2020,2020,Sheikh Zayed Stadium,Abu Dhabi,T20,Indian Premier League,Delhi Capitals,bat,Mumbai Indians,5 wickets,Q de Kock,,,,Delhi Capitals,Mumbai Indians,162,4,166.0,5.0,Delhi Capitals,Mumbai Indians,Chasing,False
1216540,2020-10-12,2020,2020,Sharjah Cricket Stadium,Unknown,T20,Indian Premier League,Royal Challengers Bangalore,bat,Royal Challengers Bangalore,82 runs,AB de Villiers,,,,Royal Challengers Bangalore,Kolkata Knight Riders,194,2,112.0,9.0,Royal Challengers Bangalore,Kolkata Knight Riders,Batting First,True
1216528,2020-10-13,2020,2020,Dubai International Cricket Stadium,Unknown,T20,Indian Premier League,Chennai Super Kings,bat,Chennai Super Kings,20 runs,RA Jadeja,,,,Chennai Super Kings,Sunrisers Hyderabad,167,6,147.0,8.0,Chennai Super Kings,Sunrisers Hyderabad,Batting First,True
1216543,2020-10-14,2020,2020,Dubai International Cricket Stadium,Unknown,T20,Indian Premier League,Delhi Capitals,bat,Delhi Capitals,13 runs,A Nortje,,,,Delhi Capitals,Rajasthan Royals,161,7,148.0,8.0,Delhi Capitals,Rajasthan Royals,Batting First,True
1216531,2020-10-15,2020,2020,Sharjah Cricket Stadium,Unknown,T20,Indian Premier League,Royal Challengers Bangalore,bat,Kings XI Punjab,8 wickets,KL Rahul,,,,Royal Challengers Bangalore,Kings XI Punjab,171,6,177.0,2.0,Royal Challengers Bangalore,Kings XI Punjab,Chasing,False
1216526,2020-10-16,2020,2020,Sheikh Zayed Stadium,Abu Dhabi,T20,Indian Premier League,Kolkata Knight Riders,bat,Mumbai Indians,8 wickets,Q de Kock,,,,Kolkata Knight Riders,Mumbai Indians,148,5,149.0,2.0,Kolkata Knight Riders,Mumbai Indians,Chasing,False
1216509,2020-10-17,2020,2020,Sharjah Cricket Stadium,Unknown,T20,Indian Premier League,Chennai Super Kings,bat,Delhi Capitals,5 wickets,S Dhawan,,,,Chennai Super Kings,Delhi Capitals,179,4,185.0,5.0,Chennai Super Kings,Delhi Capitals,Chasing,False
1216522,2020-10-17,2020,2020,Dubai International Cricket Stadium,Unknown,T20,Indian Premier League,Rajasthan Royals,bat,Royal Challengers Bangalore,7 wickets,AB de Villiers,,,,Rajasthan Royals,Royal Challengers Bangalore,177,6,179.0,3.0,Rajasthan Royals,Royal Challengers Bangalore,Chasing,False
1216512,2020-10-18,2020,2020,Sheikh Zayed Stadium,Abu Dhabi,T20,Indian Premier League,Sunrisers Hyderabad,field,Unknown,,LH Ferguson,tie,,Kolkata Knight Riders,Kolkata Knight Riders,Sunrisers Hyderabad,163,5,163.0,6.0,Kolkata Knight Riders,Sunrisers Hyderabad,Tie / No Result,False
1216517,2020-10-18,2020,2020,Dubai International Cricket Stadium,Unknown,T20,Indian Premier League,Mumbai Indians,bat,Unknown,,KL Rahul,tie,,Kings XI Punjab,Mumbai Indians,Kings XI Punjab,176,6,176.0,6.0,Mumbai Indians,Kings XI Punjab,Tie / No Result,False
1216533,2020-10-19,2020,2020,Sheikh Zayed Stadium,Abu Dhabi,T20,Indian Premier League,Chennai Super Kings,bat,Rajasthan Royals,7 wickets,JC Buttler,,,,Chennai Super Kings,Rajasthan Royals,125,5,126.0,3.0,Chennai Super Kings,Rajasthan Royals,Chasing,False
1216546,2020-10-20,2020,2020,Dubai International Cricket Stadium,Unknown,T20,Indian Premier League,Delhi Capitals,bat,Kings XI Punjab,5 wickets,S Dhawan,,,,Delhi Capitals,Kings XI Punjab,164,5,167.0,5.0,Delhi Capitals,Kings XI Punjab,Chasing,False
1216494,2020-10-21,2020,2020,Sheikh Zayed Stadium,Abu Dhabi,T20,Indian Premier League,Kolkata Knight Riders,bat,Royal Challengers Bangalore,8 wickets,Mohammed Siraj,,,,Kolkata Knight Riders,Royal Challengers Bangalore,84,8,85.0,2.0,Kolkata Knight Riders,Royal Challengers Bangalore,Chasing,False
1216518,2020-10-22,2020,2020,Dubai International Cricket Stadium,Unknown,T20,Indian Premier League,Sunrisers Hyderabad,field,Sunrisers Hyderabad,8 wickets,MK Pandey,,,,Rajasthan Royals,Sunrisers Hyderabad,154,6,156.0,2.0,Rajasthan Royals,Sunrisers Hyderabad,Chasing,True
1216521,2020-10-23,2020,2020,Sharjah Cricket Stadium,Unknown,T20,Indian Premier League,Mumbai Indians,field,Mumbai Indians,10 wickets,TA Boult,,,,Chennai Super Kings,Mumbai Indians,114,9,116.0,0.0,Chennai Super Kings,Mumbai Indians,Chasing,True
1216497,2020-10-24,2020,2020,Sheikh Zayed Stadium,Abu Dhabi,T20,Indian Premier League,Delhi Capitals,field,Kolkata Knight Riders,59 runs,CV Varun,,,,Kolkata Knight Riders,Delhi Capitals,194,6,135.0,9.0,Kolkata Knight Riders,Delhi Capitals,Batting First,False
1216498,2020-10-24,2020,2020,Dubai International Cricket Stadium,Unknown,T20,Indian Premier League,Sunrisers Hyderabad,field,Kings XI Punjab,12 runs,CJ Jordan,,,,Kings XI Punjab,Sunrisers Hyderabad,126,7,114.0,10.0,Kings XI Punjab,Sunrisers Hyderabad,Batting First,False
1216541,2020-10-25,2020,2020,Sheikh Zayed Stadium,Abu Dhabi,T20,Indian Premier League,Mumbai Indians,bat,Rajasthan Royals,8 wickets,BA Stokes,,,,Mumbai Indians,Rajasthan Royals,195,5,196.0,2.0,Mumbai Indians,Rajasthan Royals,Chasing,False
1216544,2020-10-25,2020,2020,Dubai International Cricket Stadium,Unknown,T20,Indian Premier League,Royal Challengers Bangalore,bat,Chennai Super Kings,8 wickets,RD Gaikwad,,,,Royal Challengers Bangalore,Chennai Super Kings,145,6,150.0,2.0,Royal Challengers Bangalore,Chennai Super Kings,Chasing,False
1216520,2020-10-26,2020,2020,Sharjah Cricket Stadium,Unknown,T20,Indian Premier League,Kings XI Punjab,field,Kings XI Punjab,8 wickets,CH Gayle,,,,Kolkata Knight Riders,Kings XI Punjab,149,9,150.0,2.0,Kolkata Knight Riders,Kings XI Punjab,Chasing,True
1216524,2020-10-27,2020,2020,Dubai International Cricket Stadium,Unknown,T20,Indian Premier League,Delhi Capitals,field,Sunrisers Hyderabad,88 runs,WP Saha,,,,Sunrisers Hyderabad,Delhi Capitals,219,2,131.0,10.0,Sunrisers Hyderabad,Delhi Capitals,Batting First,False
1216499,2020-10-28,2020,2020,Sheikh Zayed Stadium,Abu Dhabi,T20,Indian Premier League,Mumbai Indians,field,Mumbai Indians,5 wickets,SA Yadav,,,,Royal Challengers Bangalore,Mumbai Indians,164,6,166.0,5.0,Royal Challengers Bangalore,Mumbai Indians,Chasing,True
1216536,2020-10-29,2020,2020,Dubai International Cricket Stadium,Unknown,T20,Indian Premier League,Chennai Super Kings,field,Chennai Super Kings,6 wickets,RD Gaikwad,,,,Kolkata Knight Riders,Chennai Super Kings,172,5,178.0,4.0,Kolkata Knight Riders,Chennai Super Kings,Chasing,True
1216537,2020-10-30,2020,2020,Sheikh Zayed Stadium,Abu Dhabi,T20,Indian Premier League,Rajasthan Royals,field,Rajasthan Royals,7 wickets,BA Stokes,,,,Kings XI Punjab,Rajasthan Royals,185,4,186.0,3.0,Kings XI Punjab,Rajasthan Royals,Chasing,True
1216502,2020-10-31,2020,2020,Sharjah Cricket Stadium,Unknown,T20,Indian Premier League,Sunrisers Hyderabad,field,Sunrisers Hyderabad,5 wickets,Sandeep Sharma,,,,Royal Challengers Bangalore,Sunrisers Hyderabad,120,7,121.0,5.0,Royal Challengers Bangalore,Sunrisers Hyderabad,Chasing,True
1216535,2020-10-31,2020,2020,Dubai International Cricket Stadium,Unknown,T20,Indian Premier League,Mumbai Indians,field,Mumbai Indians,9 wickets,Ishan Kishan,,,,Delhi Capitals,Mumbai Indians,110,9,111.0,1.0,Delhi Capitals,Mumbai Indians,Chasing,True
1216506,2020-11-01,2020,2020,Sheikh Zayed Stadium,Abu Dhabi,T20,Indian Premier League,Chennai Super Kings,field,Chennai Super Kings,9 wickets,RD Gaikwad,,,,Kings XI Punjab,Chennai Super Kings,153,6,154.0,1.0,Kings XI Punjab,Chennai Super Kings,Chasing,True
1216530,2020-11-01,2020,2020,Dubai International Cricket Stadium,Unknown,T20,Indian Premier League,Rajasthan Royals,field,Kolkata Knight Riders,60 runs,PJ Cummins,,,,Kolkata Knight Riders,Rajasthan Royals,191,7,131.0,9.0,Kolkata Knight Riders,Rajasthan Royals,Batting First,False
1216505,2020-11-02,2020,2020,Sheikh Zayed Stadium,Abu Dhabi,T20,Indian Premier League,Delhi Capitals,field,Delhi Capitals,6 wickets,A Nortje,,,,Royal Challengers Bangalore,Delhi Capitals,152,7,154.0,4.0,Royal Challengers Bangalore,Delhi Capitals,Chasing,True
1216495,2020-11-03,2020,2020,Sharjah Cricket Stadium,Unknown,T20,Indian Premier League,Sunrisers Hyderabad,field,Sunrisers Hyderabad,10 wickets,S Nadeem,,,,Mumbai Indians,Sunrisers Hyderabad,149,8,151.0,0.0,Mumbai Indians,Sunrisers Hyderabad,Chasing,True
1237177,2020-11-05,2020,2020,Dubai International Cricket Stadium,Unknown,T20,Indian Premier League,Delhi Capitals,field,Mumbai Indians,57 runs,JJ Bumrah,,,,Mumbai Indians,Delhi Capitals,200,5,143.0,8.0,Mumbai Indians,Delhi Capitals,Batting First,False
1237178,2020-11-06,2020,2020,Sheikh Zayed Stadium,Abu Dhabi,T20,Indian Premier League,Sunrisers Hyderabad,field,Sunrisers Hyderabad,6 wickets,KS Williamson,,,,Royal Challengers Bangalore,Sunrisers Hyderabad,131,7,132.0,4.0,Royal Challengers Bangalore,Sunrisers Hyderabad,Chasing,True
1237180,2020-11-08,2020,2020,Sheikh Zayed Stadium,Abu Dhabi,T20,Indian Premier League,Delhi Capitals,bat,Delhi Capitals,17 runs,MP Stoinis,,,,Delhi Capitals,Sunrisers Hyderabad,189,3,172.0,8.0,Delhi Capitals,Sunrisers Hyderabad,Batting First,True
1237181,2020-11-10,2020,2020,Dubai International Cricket Stadium,Unknown,T20,Indian Premier League,Delhi Capitals,bat,Mumbai Indians,5 wickets,TA Boult,,,,Delhi Capitals,Mumbai Indians,156,7,157.0,5.0,Delhi Capitals,Mumbai Indians,Chasing,False
1254058,2021-04-09,2021,2021,"MA Chidambaram Stadium, Chepauk, Chennai",Chennai,T20,Indian Premier League,Royal Challengers Bangalore,field,Royal Challengers Bangalore,2 wickets,HV Patel,,,,Mumbai Indians,Royal Challengers Bangalore,159,9,160.0,8.0,Mumbai Indians,Royal Challengers Bangalore,Chasing,True
1254059,2021-04-10,2021,2021,"Wankhede Stadium, Mumbai",Mumbai,T20,Indian Premier League,Delhi Capitals,field,Delhi Capitals,7 wickets,S Dhawan,,,,Chennai Super Kings,Delhi Capitals,188,7,190.0,3.0,Chennai Super Kings,Delhi Capitals,Chasing,True
1254060,2021-04-11,2021,2021,"MA Chidambaram Stadium, Chepauk, Chennai",Chennai,T20,Indian Premier League,Sunrisers Hyderabad,field,Kolkata Knight Riders,10 runs,N Rana,,,,Kolkata Knight Riders,Sunrisers Hyderabad,187,6,177.0,5.0,Kolkata Knight Riders,Sunrisers Hyderabad,Batting First,False
1254061,2021-04-12,2021,2021,"Wankhede Stadium, Mumbai",Mumbai,T20,Indian Premier League,Rajasthan Royals,field,Punjab Kings,4 runs,SV Samson,,,,Punjab Kings,Rajasthan Royals,221,6,217.0,7.0,Punjab Kings,Rajasthan Royals,Batting First,False
1254062,2021-04-13,2021,2021,"MA Chidambaram Stadium, Chepauk, Chennai",Chennai,T20,Indian Premier League,Kolkata Knight Riders,field,Mumbai Indians,10 runs,RD Chahar,,,,Mumbai Indians,Kolkata Knight Riders,152,10,142.0,7.0,Mumbai Indians,Kolkata Knight Riders,Batting First,False
1254063,2021-04-14,2021,2021,"MA Chidambaram Stadium, Chepauk, Chennai",Chennai,T20,Indian Premier League,Sunrisers Hyderabad,field,Royal Challengers Bangalore,6 runs,GJ Maxwell,,,,Royal Challengers Bangalore,Sunrisers Hyderabad,149,8,143.0,9.0,Royal Challengers Bangalore,Sunrisers Hyderabad,Batting First,False
1254064,2021-04-15,2021,2021,"Wankhede Stadium, Mumbai",Mumbai,T20,Indian Premier League,Rajasthan Royals,field,Rajasthan Royals,3 wickets,JD Unadkat,,,,Delhi Capitals,Rajasthan Royals,147,8,150.0,7.0,Delhi Capitals,Rajasthan Royals,Chasing,True
1254065,2021-04-16,2021,2021,"Wankhede Stadium, Mumbai",Mumbai,T20,Indian Premier League,Chennai Super Kings,field,Chennai Super Kings,6 wickets,DL Chahar,,,,Punjab Kings,Chennai Super Kings,106,8,107.0,4.0,Punjab Kings,Chennai Super Kings,Chasing,True
1254066,2021-04-17,2021,2021,"MA Chidambaram Stadium, Chepauk, Chennai",Chennai,T20,Indian Premier League,Mumbai Indians,bat,Mumbai Indians,13 runs,KA Pollard,,,,Mumbai Indians,Sunrisers Hyderabad,150,5,137.0,10.0,Mumbai Indians,Sunrisers Hyderabad,Batting First,True
1254067,2021-04-18,2021,2021,"MA Chidambaram Stadium, Chepauk, Chennai",Chennai,T20,Indian Premier League,Royal Challengers Bangalore,bat,Royal Challengers Bangalore,38 runs,AB de Villiers,,,,Royal Challengers Bangalore,Kolkata Knight Riders,204,4,166.0,8.0,Royal Challengers Bangalore,Kolkata Knight Riders,Batting First,True
1254068,2021-04-18,2021,2021,"Wankhede Stadium, Mumbai",Mumbai,T20,Indian Premier League,Delhi Capitals,field,Delhi Capitals,6 wickets,S Dhawan,,,,Punjab Kings,Delhi Capitals,195,4,198.0,4.0,Punjab Kings,Delhi Capitals,Chasing,True
1254069,2021-04-19,2021,2021,"Wankhede Stadium, Mumbai",Mumbai,T20,Indian Premier League,Rajasthan Royals,field,Chennai Super Kings,45 runs,MM Ali,,,,Chennai Super Kings,Rajasthan Royals,188,9,143.0,9.0,Chennai Super Kings,Rajasthan Royals,Batting First,False
1254070,2021-04-20,2021,2021,"MA Chidambaram Stadium, Chepauk, Chennai",Chennai,T20,Indian Premier League,Mumbai Indians,bat,Delhi Capitals,6 wickets,A Mishra,,,,Mumbai Indians,Delhi Capitals,137,9,138.0,4.0,Mumbai Indians,Delhi Capitals,Chasing,False
1254071,2021-04-21,2021,2021,"MA Chidambaram Stadium, Chepauk, Chennai",Chennai,T20,Indian Premier League,Punjab Kings,bat,Sunrisers Hyderabad,9 wickets,JM Bairstow,,,,Punjab Kings,Sunrisers Hyderabad,120,10,121.0,1.0,Punjab Kings,Sunrisers Hyderabad,Chasing,False
1254072,2021-04-21,2021,2021,"Wankhede Stadium, Mumbai",Mumbai,T20,Indian Premier League,Kolkata Knight Riders,field,Chennai Super Kings,18 runs,F du Plessis,,,,Chennai Super Kings,Kolkata Knight Riders,220,3,202.0,10.0,Chennai Super Kings,Kolkata Knight Riders,Batting First,False
1254073,2021-04-22,2021,2021,"Wankhede Stadium, Mumbai",Mumbai,T20,Indian Premier League,Royal Challengers Bangalore,field,Royal Challengers Bangalore,10 wickets,D Padikkal,,,,Rajasthan Royals,Royal Challengers Bangalore,177,9,181.0,0.0,Rajasthan Royals,Royal Challengers Bangalore,Chasing,True
1254074,2021-04-23,2021,2021,"MA Chidambaram Stadium, Chepauk, Chennai",Chennai,T20,Indian Premier League,Punjab Kings,field,Punjab Kings,9 wickets,KL Rahul,,,,Mumbai Indians,Punjab Kings,131,6,132.0,1.0,Mumbai Indians,Punjab Kings,Chasing,True
1254075,2021-04-24,2021,2021,"Wankhede Stadium, Mumbai",Mumbai,T20,Indian Premier League,Rajasthan Royals,field,Rajasthan Royals,6 wickets,CH Morris,,,,Kolkata Knight Riders,Rajasthan Royals,133,9,134.0,4.0,Kolkata Knight Riders,Rajasthan Royals,Chasing,True
1254076,2021-04-25,2021,2021,"Wankhede Stadium, Mumbai",Mumbai,T20,Indian Premier League,Chennai Super Kings,bat,Chennai Super Kings,69 runs,RA Jadeja,,,,Chennai Super Kings,Royal Challengers Bangalore,191,4,122.0,9.0,Chennai Super Kings,Royal Challengers Bangalore,Batting First,True
1254077,2021-04-25,2021,2021,"MA Chidambaram Stadium, Chepauk, Chennai",Chennai,T20,Indian Premier League,Delhi Capitals,bat,Unknown,,PP Shaw,tie,,Delhi Capitals,Delhi Capitals,Sunrisers Hyderabad,159,4,159.0,7.0,Delhi Capitals,Sunrisers Hyderabad,Tie / No Result,False
1254078,2021-04-26,2021,2021,"Narendra Modi Stadium, Ahmedabad",Ahmedabad,T20,Indian Premier League,Kolkata Knight Riders,field,Kolkata Knight Riders,5 wickets,EJG Morgan,,,,Punjab Kings,Kolkata Knight Riders,123,9,126.0,5.0,Punjab Kings,Kolkata Knight Riders,Chasing,True
1254079,2021-04-27,2021,2021,"Narendra Modi Stadium, Ahmedabad",Ahmedabad,T20,Indian Premier League,Delhi Capitals,field,Royal Challengers Bangalore,1 runs,AB de Villiers,,,,Royal Challengers Bangalore,Delhi Capitals,171,5,170.0,4.0,Royal Challengers Bangalore,Delhi Capitals,Batting First,False
1254080,2021-04-28,2021,2021,"Arun Jaitley Stadium, Delhi",Delhi,T20,Indian Premier League,Sunrisers Hyderabad,bat,Chennai Super Kings,7 wickets,RD Gaikwad,,,,Sunrisers Hyderabad,Chennai Super Kings,171,3,173.0,3.0,Sunrisers Hyderabad,Chennai Super Kings,Chasing,False
1254081,2021-04-29,2021,2021,"Arun Jaitley Stadium, Delhi",Delhi,T20,Indian Premier League,Mumbai Indians,field,Mumbai Indians,7 wickets,Q de Kock,,,,Rajasthan Royals,Mumbai Indians,171,4,172.0,3.0,Rajasthan Royals,Mumbai Indians,Chasing,True
1254082,2021-04-29,2021,2021,"Narendra Modi Stadium, Ahmedabad",Ahmedabad,T20,Indian Premier League,Delhi Capitals,field,Delhi Capitals,7 wickets,PP Shaw,,,,Kolkata Knight Riders,Delhi Capitals,154,6,156.0,3.0,Kolkata Knight Riders,Delhi Capitals,Chasing,True
1254083,2021-04-30,2021,2021,"Narendra Modi Stadium, Ahmedabad",Ahmedabad,T20,Indian Premier League,Royal Challengers Bangalore,field,Punjab Kings,34 runs,Harpreet Brar,,,,Punjab Kings,Royal Challengers Bangalore,179,5,145.0,8.0,Punjab Kings,Royal Challengers Bangalore,Batting First,False
1254084,2021-05-01,2021,2021,"Arun Jaitley Stadium, Delhi",Delhi,T20,Indian Premier League,Mumbai Indians,field,Mumbai Indians,4 wickets,KA Pollard,,,,Chennai Super Kings,Mumbai Indians,218,4,219.0,6.0,Chennai Super Kings,Mumbai Indians,Chasing,True
1254085,2021-05-02,2021,2021,"Arun Jaitley Stadium, Delhi",Delhi,T20,Indian Premier League,Sunrisers Hyderabad,field,Rajasthan Royals,55 runs,JC Buttler,,,,Rajasthan Royals,Sunrisers Hyderabad,220,3,165.0,8.0,Rajasthan Royals,Sunrisers Hyderabad,Batting First,False
1254086,2021-05-02,2021,2021,"Narendra Modi Stadium, Ahmedabad",Ahmedabad,T20,Indian Premier League,Delhi Capitals,field,Delhi Capitals,7 wickets,MA Agarwal,,,,Punjab Kings,Delhi Capitals,166,6,167.0,3.0,Punjab Kings,Delhi Capitals,Chasing,True
1254104,2021-09-19,2021,2021,Dubai International Cricket Stadium,Dubai,T20,Indian Premier League,Chennai Super Kings,bat,Chennai Super Kings,20 runs,RD Gaikwad,,,,Chennai Super Kings,Mumbai Indians,156,7,136.0,8.0,Chennai Super Kings,Mumbai Indians,Batting First,True
1254087,2021-09-20,2021,2021,"Zayed Cricket Stadium, Abu Dhabi",Abu Dhabi,T20,Indian Premier League,Royal Challengers Bangalore,bat,Kolkata Knight Riders,9 wickets,CV Varun,,,,Royal Challengers Bangalore,Kolkata Knight Riders,92,10,94.0,1.0,Royal Challengers Bangalore,Kolkata Knight Riders,Chasing,False
1254111,2021-09-21,2021,2021,Dubai International Cricket Stadium,Dubai,T20,Indian Premier League,Punjab Kings,field,Rajasthan Royals,2 runs,Kartik Tyagi,,,,Rajasthan Royals,Punjab Kings,185,10,183.0,4.0,Rajasthan Royals,Punjab Kings,Batting First,False
1254105,2021-09-22,2021,2021,Dubai International Cricket Stadium,Dubai,T20,Indian Premier League,Sunrisers Hyderabad,bat,Delhi Capitals,8 wickets,A Nortje,,,,Sunrisers Hyderabad,Delhi Capitals,134,9,139.0,2.0,Sunrisers Hyderabad,Delhi Capitals,Chasing,False
1254096,2021-09-23,2021,2021,"Zayed Cricket Stadium, Abu Dhabi",Abu Dhabi,T20,Indian Premier League,Kolkata Knight Riders,field,Kolkata Knight Riders,7 wickets,SP Narine,,,,Mumbai Indians,Kolkata Knight Riders,155,6,159.0,3.0,Mumbai Indians,Kolkata Knight Riders,Chasing,True
1254113,2021-09-24,2021,2021,Sharjah Cricket Stadium,Sharjah,T20,Indian Premier League,Chennai Super Kings,field,Chennai Super Kings,6 wickets,DJ Bravo,,,,Royal Challengers Bangalore,Chennai Super Kings,156,6,157.0,4.0,Royal Challengers Bangalore,Chennai Super Kings,Chasing,True
1254097,2021-09-25,2021,2021,"Zayed Cricket Stadium, Abu Dhabi",Abu Dhabi,T20,Indian Premier League,Rajasthan Royals,field,Delhi Capitals,33 runs,SS Iyer,,,,Delhi Capitals,Rajasthan Royals,154,6,121.0,6.0,Delhi Capitals,Rajasthan Royals,Batting First,False
1254107,2021-09-25,2021,2021,Sharjah Cricket Stadium,Sharjah,T20,Indian Premier League,Sunrisers Hyderabad,field,Punjab Kings,5 runs,JO Holder,,,,Punjab Kings,Sunrisers Hyderabad,125,7,120.0,7.0,Punjab Kings,Sunrisers Hyderabad,Batting First,False
1254098,2021-09-26,2021,2021,"Zayed Cricket Stadium, Abu Dhabi",Abu Dhabi,T20,Indian Premier League,Kolkata Knight Riders,bat,Chennai Super Kings,2 wickets,RA Jadeja,,,,Kolkata Knight Riders,Chennai Super Kings,171,6,172.0,8.0,Kolkata Knight Riders,Chennai Super Kings,Chasing,False
1254108,2021-09-26,2021,2021,Dubai International Cricket Stadium,Dubai,T20,Indian Premier League,Mumbai Indians,field,Royal Challengers Bangalore,54 runs,GJ Maxwell,,,,Royal Challengers Bangalore,Mumbai Indians,165,6,111.0,10.0,Royal Challengers Bangalore,Mumbai Indians,Batting First,False
1254100,2021-09-27,2021,2021,Dubai International Cricket Stadium,Dubai,T20,Indian Premier League,Rajasthan Royals,bat,Sunrisers Hyderabad,7 wickets,JJ Roy,,,,Rajasthan Royals,Sunrisers Hyderabad,164,5,167.0,3.0,Rajasthan Royals,Sunrisers Hyderabad,Chasing,False
1254092,2021-09-28,2021,2021,Sharjah Cricket Stadium,Sharjah,T20,Indian Premier League,Kolkata Knight Riders,field,Kolkata Knight Riders,3 wickets,SP Narine,,,,Delhi Capitals,Kolkata Knight Riders,127,9,130.0,7.0,Delhi Capitals,Kolkata Knight Riders,Chasing,True
1254099,2021-09-28,2021,2021,"Zayed Cricket Stadium, Abu Dhabi",Abu Dhabi,T20,Indian Premier League,Mumbai Indians,field,Mumbai Indians,6 wickets,KA Pollard,,,,Punjab Kings,Mumbai Indians,135,6,137.0,4.0,Punjab Kings,Mumbai Indians,Chasing,True
1254103,2021-09-29,2021,2021,Dubai International Cricket Stadium,Dubai,T20,Indian Premier League,Royal Challengers Bangalore,field,Royal Challengers Bangalore,7 wickets,YS Chahal,,,,Rajasthan Royals,Royal Challengers Bangalore,149,9,153.0,3.0,Rajasthan Royals,Royal Challengers Bangalore,Chasing,True
1254091,2021-09-30,2021,2021,Sharjah Cricket Stadium,Sharjah,T20,Indian Premier League,Chennai Super Kings,field,Chennai Super Kings,6 wickets,JR Hazlewood,,,,Sunrisers Hyderabad,Chennai Super Kings,134,7,139.0,4.0,Sunrisers Hyderabad,Chennai Super Kings,Chasing,True
1254102,2021-10-01,2021,2021,Dubai International Cricket Stadium,Dubai,T20,Indian Premier League,Punjab Kings,field,Punjab Kings,5 wickets,KL Rahul,,,,Kolkata Knight Riders,Punjab Kings,165,7,168.0,5.0,Kolkata Knight Riders,Punjab Kings,Chasing,True
1254089,2021-10-02,2021,2021,"Zayed Cricket Stadium, Abu Dhabi",Abu Dhabi,T20,Indian Premier League,Rajasthan Royals,field,Rajasthan Royals,7 wickets,RD Gaikwad,,,,Chennai Super Kings,Rajasthan Royals,189,4,190.0,3.0,Chennai Super Kings,Rajasthan Royals,Chasing,True
1254112,2021-10-02,2021,2021,Sharjah Cricket Stadium,Sharjah,T20,Indian Premier League,Delhi Capitals,field,Delhi Capitals,4 wickets,AR Patel,,,,Mumbai Indians,Delhi Capitals,129,8,132.0,6.0,Mumbai Indians,Delhi Capitals,Chasing,True
1254090,2021-10-03,2021,2021,Sharjah Cricket Stadium,Sharjah,T20,Indian Premier League,Royal Challengers Bangalore,bat,Royal Challengers Bangalore,6 runs,GJ Maxwell,,,,Royal Challengers Bangalore,Punjab Kings,164,7,158.0,6.0,Royal Challengers Bangalore,Punjab Kings,Batting First,True
1254109,2021-10-03,2021,2021,Dubai International Cricket Stadium,Dubai,T20,Indian Premier League,Sunrisers Hyderabad,bat,Kolkata Knight Riders,6 wickets,Shubman Gill,,,,Sunrisers Hyderabad,Kolkata Knight Riders,115,8,119.0,4.0,Sunrisers Hyderabad,Kolkata Knight Riders,Chasing,False
1254110,2021-10-04,2021,2021,Dubai International Cricket Stadium,Dubai,T20,Indian Premier League,Delhi Capitals,field,Delhi Capitals,3 wickets,AR Patel,,,,Chennai Super Kings,Delhi Capitals,136,5,139.0,7.0,Chennai Super Kings,Delhi Capitals,Chasing,True
1254093,2021-10-05,2021,2021,Sharjah Cricket Stadium,Sharjah,T20,Indian Premier League,Mumbai Indians,field,Mumbai Indians,8 wickets,NM Coulter-Nile,,,,Rajasthan Royals,Mumbai Indians,90,9,94.0,2.0,Rajasthan Royals,Mumbai Indians,Chasing,True
1254095,2021-10-06,2021,2021,"Zayed Cricket Stadium, Abu Dhabi",Abu Dhabi,T20,Indian Premier League,Royal Challengers Bangalore,field,Sunrisers Hyderabad,4 runs,KS Williamson,,,,Sunrisers Hyderabad,Royal Challengers Bangalore,141,7,137.0,6.0,Sunrisers Hyderabad,Royal Challengers Bangalore,Batting First,False
1254094,2021-10-07,2021,2021,Dubai International Cricket Stadium,Dubai,T20,Indian Premier League,Punjab Kings,field,Punjab Kings,6 wickets,KL Rahul,,,,Chennai Super Kings,Punjab Kings,134,6,139.0,4.0,Chennai Super Kings,Punjab Kings,Chasing,True
1254106,2021-10-07,2021,2021,Sharjah Cricket Stadium,Sharjah,T20,Indian Premier League,Rajasthan Royals,field,Kolkata Knight Riders,86 runs,Shivam Mavi,,,,Kolkata Knight Riders,Rajasthan Royals,171,4,85.0,10.0,Kolkata Knight Riders,Rajasthan Royals,Batting First,False
1254088,2021-10-08,2021,2021,"Zayed Cricket Stadium, Abu Dhabi",Abu Dhabi,T20,Indian Premier League,Mumbai Indians,bat,Mumbai Indians,42 runs,Ishan Kishan,,,,Mumbai Indians,Sunrisers Hyderabad,235,9,193.0,8.0,Mumbai Indians,Sunrisers Hyderabad,Batting First,True
1254101,2021-10-08,2021,2021,Dubai International Cricket Stadium,Dubai,T20,Indian Premier League,Royal Challengers Bangalore,field,Royal Challengers Bangalore,7 wickets,KS Bharat,,,,Delhi Capitals,Royal Challengers Bangalore,164,5,166.0,3.0,Delhi Capitals,Royal Challengers Bangalore,Chasing,True
1254114,2021-10-10,2021,2021,Dubai International Cricket Stadium,Dubai,T20,Indian Premier League,Chennai Super Kings,field,Chennai Super Kings,4 wickets,RD Gaikwad,,,,Delhi Capitals,Chennai Super Kings,172,5,173.0,6.0,Delhi Capitals,Chennai Super Kings,Chasing,True
1254115,2021-10-11,2021,2021,Sharjah Cricket Stadium,Sharjah,T20,Indian Premier League,Royal Challengers Bangalore,bat,Kolkata Knight Riders,4 wickets,SP Narine,,,,Royal Challengers Bangalore,Kolkata Knight Riders,138,7,139.0,6.0,Royal Challengers Bangalore,Kolkata Knight Riders,Chasing,False
1254116,2021-10-13,2021,2021,Sharjah Cricket Stadium,Sharjah,T20,Indian Premier League,Kolkata Knight Riders,field,Kolkata Knight Riders,3 wickets,VR Iyer,,,,Delhi Capitals,Kolkata Knight Riders,135,5,136.0,7.0,Delhi Capitals,Kolkata Knight Riders,Chasing,True
1254117,2021-10-15,2021,2021,Dubai International Cricket Stadium,Dubai,T20,Indian Premier League,Kolkata Knight Riders,field,Chennai Super Kings,27 runs,F du Plessis,,,,Chennai Super Kings,Kolkata Knight Riders,192,3,165.0,9.0,Chennai Super Kings,Kolkata Knight Riders,Batting First,False
1304047,2022-03-26,2022,2022,"Wankhede Stadium, Mumbai",Mumbai,T20,Indian Premier League,Kolkata Knight Riders,field,Kolkata Knight Riders,6 wickets,UT Yadav,,,,Chennai Super Kings,Kolkata Knight Riders,131,5,133.0,4.0,Chennai Super Kings,Kolkata Knight Riders,Chasing,True
1304048,2022-03-27,2022,2022,"Brabourne Stadium, Mumbai",Mumbai,T20,Indian Premier League,Delhi Capitals,field,Delhi Capitals,4 wickets,Kuldeep Yadav,,,,Mumbai Indians,Delhi Capitals,177,5,179.0,6.0,Mumbai Indians,Delhi Capitals,Chasing,True
1304049,2022-03-27,2022,2022,"Dr DY Patil Sports Academy, Mumbai",Mumbai,T20,Indian Premier League,Punjab Kings,field,Punjab Kings,5 wickets,OF Smith,,,,Royal Challengers Bangalore,Punjab Kings,205,2,208.0,5.0,Royal Challengers Bangalore,Punjab Kings,Chasing,True
1304050,2022-03-28,2022,2022,"Wankhede Stadium, Mumbai",Mumbai,T20,Indian Premier League,Gujarat Titans,field,Gujarat Titans,5 wickets,Mohammed Shami,,,,Lucknow Super Giants,Gujarat Titans,158,6,161.0,5.0,Lucknow Super Giants,Gujarat Titans,Chasing,True
1304051,2022-03-29,2022,2022,"Maharashtra Cricket Association Stadium, Pune",Pune,T20,Indian Premier League,Sunrisers Hyderabad,field,Rajasthan Royals,61 runs,SV Samson,,,,Rajasthan Royals,Sunrisers Hyderabad,210,6,149.0,7.0,Rajasthan Royals,Sunrisers Hyderabad,Batting First,False
1304052,2022-03-30,2022,2022,"Dr DY Patil Sports Academy, Mumbai",Mumbai,T20,Indian Premier League,Royal Challengers Bangalore,field,Royal Challengers Bangalore,3 wickets,PWH de Silva,,,,Kolkata Knight Riders,Royal Challengers Bangalore,128,10,132.0,7.0,Kolkata Knight Riders,Royal Challengers Bangalore,Chasing,True
1304053,2022-03-31,2022,2022,"Brabourne Stadium, Mumbai",Mumbai,T20,Indian Premier League,Lucknow Super Giants,field,Lucknow Super Giants,6 wickets,E Lewis,,,,Chennai Super Kings,Lucknow Super Giants,210,7,211.0,4.0,Chennai Super Kings,Lucknow Super Giants,Chasing,True
1304054,2022-04-01,2022,2022,"Wankhede Stadium, Mumbai",Mumbai,T20,Indian Premier League,Kolkata Knight Riders,field,Kolkata Knight Riders,6 wickets,UT Yadav,,,,Punjab Kings,Kolkata Knight Riders,137,10,141.0,4.0,Punjab Kings,Kolkata Knight Riders,Chasing,True
1304055,2022-04-02,2022,2022,"Dr DY Patil Sports Academy, Mumbai",Mumbai,T20,Indian Premier League,Mumbai Indians,field,Rajasthan Royals,23 runs,JC Buttler,,,,Rajasthan Royals,Mumbai Indians,193,8,170.0,8.0,Rajasthan Royals,Mumbai Indians,Batting First,False
1304056,2022-04-02,2022,2022,"Maharashtra Cricket Association Stadium, Pune",Pune,T20,Indian Premier League,Delhi Capitals,field,Gujarat Titans,14 runs,LH Ferguson,,,,Gujarat Titans,Delhi Capitals,171,6,157.0,9.0,Gujarat Titans,Delhi Capitals,Batting First,False
1304057,2022-04-03,2022,2022,"Brabourne Stadium, Mumbai",Mumbai,T20,Indian Premier League,Chennai Super Kings,field,Punjab Kings,54 runs,LS Livingstone,,,,Punjab Kings,Chennai Super Kings,180,8,126.0,10.0,Punjab Kings,Chennai Super Kings,Batting First,False
1304058,2022-04-04,2022,2022,"Dr DY Patil Sports Academy, Mumbai",Mumbai,T20,Indian Premier League,Sunrisers Hyderabad,field,Lucknow Super Giants,12 runs,Avesh Khan,,,,Lucknow Super Giants,Sunrisers Hyderabad,169,7,157.0,9.0,Lucknow Super Giants,Sunrisers Hyderabad,Batting First,False
1304059,2022-04-05,2022,2022,"Wankhede Stadium, Mumbai",Mumbai,T20,Indian Premier League,Royal Challengers Bangalore,field,Royal Challengers Bangalore,4 wickets,KD Karthik,,,,Rajasthan Royals,Royal Challengers Bangalore,169,3,173.0,6.0,Rajasthan Royals,Royal Challengers Bangalore,Chasing,True
1304060,2022-04-06,2022,2022,"Maharashtra Cricket Association Stadium, Pune",Pune,T20,Indian Premier League,Kolkata Knight Riders,field,Kolkata Knight Riders,5 wickets,PJ Cummins,,,,Mumbai Indians,Kolkata Knight Riders,161,4,162.0,5.0,Mumbai Indians,Kolkata Knight Riders,Chasing,True
1304061,2022-04-07,2022,2022,"Dr DY Patil Sports Academy, Mumbai",Mumbai,T20,Indian Premier League,Lucknow Super Giants,field,Lucknow Super Giants,6 wickets,Q de Kock,,,,Delhi Capitals,Lucknow Super Giants,149,3,155.0,4.0,Delhi Capitals,Lucknow Super Giants,Chasing,True
1304062,2022-04-08,2022,2022,"Brabourne Stadium, Mumbai",Mumbai,T20,Indian Premier League,Gujarat Titans,field,Gujarat Titans,6 wickets,Shubman Gill,,,,Punjab Kings,Gujarat Titans,189,9,190.0,4.0,Punjab Kings,Gujarat Titans,Chasing,True
1304063,2022-04-09,2022,2022,"Dr DY Patil Sports Academy, Mumbai",Mumbai,T20,Indian Premier League,Sunrisers Hyderabad,field,Sunrisers Hyderabad,8 wickets,Abhishek Sharma,,,,Chennai Super Kings,Sunrisers Hyderabad,154,7,155.0,2.0,Chennai Super Kings,Sunrisers Hyderabad,Chasing,True
1304064,2022-04-09,2022,2022,"Maharashtra Cricket Association Stadium, Pune",Pune,T20,Indian Premier League,Royal Challengers Bangalore,field,Royal Challengers Bangalore,7 wickets,Anuj Rawat,,,,Mumbai Indians,Royal Challengers Bangalore,151,6,152.0,3.0,Mumbai Indians,Royal Challengers Bangalore,Chasing,True
1304065,2022-04-10,2022,2022,"Brabourne Stadium, Mumbai",Mumbai,T20,Indian Premier League,Kolkata Knight Riders,field,Delhi Capitals,44 runs,Kuldeep Yadav,,,,Delhi Capitals,Kolkata Knight Riders,215,5,171.0,10.0,Delhi Capitals,Kolkata Knight Riders,Batting First,False
1304066,2022-04-10,2022,2022,"Wankhede Stadium, Mumbai",Mumbai,T20,Indian Premier League,Lucknow Super Giants,field,Rajasthan Royals,3 runs,YS Chahal,,,,Rajasthan Royals,Lucknow Super Giants,165,6,162.0,8.0,Rajasthan Royals,Lucknow Super Giants,Batting First,False
1304067,2022-04-11,2022,2022,"Dr DY Patil Sports Academy, Mumbai",Mumbai,T20,Indian Premier League,Sunrisers Hyderabad,field,Sunrisers Hyderabad,8 wickets,KS Williamson,,,,Gujarat Titans,Sunrisers Hyderabad,162,7,168.0,3.0,Gujarat Titans,Sunrisers Hyderabad,Chasing,True
1304068,2022-04-12,2022,2022,"Dr DY Patil Sports Academy, Mumbai",Mumbai,T20,Indian Premier League,Royal Challengers Bangalore,field,Chennai Super Kings,23 runs,S Dube,,,,Chennai Super Kings,Royal Challengers Bangalore,216,4,193.0,9.0,Chennai Super Kings,Royal Challengers Bangalore,Batting First,False
1304069,2022-04-13,2022,2022,"Maharashtra Cricket Association Stadium, Pune",Pune,T20,Indian Premier League,Mumbai Indians,field,Punjab Kings,12 runs,MA Agarwal,,,,Punjab Kings,Mumbai Indians,198,5,186.0,9.0,Punjab Kings,Mumbai Indians,Batting First,False
1304070,2022-04-14,2022,2022,"Dr DY Patil Sports Academy, Mumbai",Mumbai,T20,Indian Premier League,Rajasthan Royals,field,Gujarat Titans,37 runs,HH Pandya,,,,Gujarat Titans,Rajasthan Royals,192,4,155.0,9.0,Gujarat Titans,Rajasthan Royals,Batting First,False
1304071,2022-04-15,2022,2022,"Brabourne Stadium, Mumbai",Mumbai,T20,Indian Premier League,Sunrisers Hyderabad,field,Sunrisers Hyderabad,7 wickets,RA Tripathi,,,,Kolkata Knight Riders,Sunrisers Hyderabad,175,8,176.0,3.0,Kolkata Knight Riders,Sunrisers Hyderabad,Chasing,True
1304072,2022-04-16,2022,2022,"Brabourne Stadium, Mumbai",Mumbai,T20,Indian Premier League,Mumbai Indians,field,Lucknow Super Giants,18 runs,KL Rahul,,,,Lucknow Super Giants,Mumbai Indians,199,4,181.0,9.0,Lucknow Super Giants,Mumbai Indians,Batting First,False
1304073,2022-04-16,2022,2022,"Wankhede Stadium, Mumbai",Mumbai,T20,Indian Premier League,Delhi Capitals,field,Royal Challengers Bangalore,16 runs,KD Karthik,,,,Royal Challengers Bangalore,Delhi Capitals,189,5,173.0,7.0,Royal Challengers Bangalore,Delhi Capitals,Batting First,False
1304074,2022-04-17,2022,2022,"Dr DY Patil Sports Academy, Mumbai",Mumbai,T20,Indian Premier League,Sunrisers Hyderabad,field,Sunrisers Hyderabad,7 wickets,Umran Malik,,,,Punjab Kings,Sunrisers Hyderabad,151,10,152.0,3.0,Punjab Kings,Sunrisers Hyderabad,Chasing,True
1304075,2022-04-17,2022,2022,"Maharashtra Cricket Association Stadium, Pune",Pune,T20,Indian Premier League,Gujarat Titans,field,Gujarat Titans,3 wickets,DA Miller,,,,Chennai Super Kings,Gujarat Titans,169,5,170.0,7.0,Chennai Super Kings,Gujarat Titans,Chasing,True
1304076,2022-04-18,2022,2022,"Brabourne Stadium, Mumbai",Mumbai,T20,Indian Premier League,Kolkata Knight Riders,field,Rajasthan Royals,7 runs,YS Chahal,,,,Rajasthan Royals,Kolkata Knight Riders,217,5,210.0,10.0,Rajasthan Royals,Kolkata Knight Riders,Batting First,False
1304077,2022-04-19,2022,2022,"Dr DY Patil Sports Academy, Mumbai",Mumbai,T20,Indian Premier League,Lucknow Super Giants,field,Royal Challengers Bangalore,18 runs,F du Plessis,,,,Royal Challengers Bangalore,Lucknow Super Giants,181,6,163.0,8.0,Royal Challengers Bangalore,Lucknow Super Giants,Batting First,False
1304078,2022-04-20,2022,2022,"Brabourne Stadium, Mumbai",Mumbai,T20,Indian Premier League,Delhi Capitals,field,Delhi Capitals,9 wickets,Kuldeep Yadav,,,,Punjab Kings,Delhi Capitals,115,10,119.0,1.0,Punjab Kings,Delhi Capitals,Chasing,True
1304079,2022-04-21,2022,2022,"Dr DY Patil Sports Academy, Mumbai",Navi Mumbai,T20,Indian Premier League,Chennai Super Kings,field,Chennai Super Kings,3 wickets,Mukesh Choudhary,,,,Mumbai Indians,Chennai Super Kings,155,7,156.0,7.0,Mumbai Indians,Chennai Super Kings,Chasing,True
1304080,2022-04-22,2022,2022,"Wankhede Stadium, Mumbai",Mumbai,T20,Indian Premier League,Delhi Capitals,field,Rajasthan Royals,15 runs,JC Buttler,,,,Rajasthan Royals,Delhi Capitals,222,2,207.0,8.0,Rajasthan Royals,Delhi Capitals,Batting First,False
1304081,2022-04-23,2022,2022,"Dr DY Patil Sports Academy, Mumbai",Navi Mumbai,T20,Indian Premier League,Gujarat Titans,bat,Gujarat Titans,8 runs,Rashid Khan,,,,Gujarat Titans,Kolkata Knight Riders,156,9,148.0,8.0,Gujarat Titans,Kolkata Knight Riders,Batting First,True
1304082,2022-04-23,2022,2022,"Brabourne Stadium, Mumbai",Mumbai,T20,Indian Premier League,Sunrisers Hyderabad,field,Sunrisers Hyderabad,9 wickets,M Jansen,,,,Royal Challengers Bangalore,Sunrisers Hyderabad,68,10,72.0,1.0,Royal Challengers Bangalore,Sunrisers Hyderabad,Chasing,True
1304083,2022-04-24,2022,2022,"Wankhede Stadium, Mumbai",Mumbai,T20,Indian Premier League,Mumbai Indians,field,Lucknow Super Giants,36 runs,KL Rahul,,,,Lucknow Super Giants,Mumbai Indians,168,6,132.0,8.0,Lucknow Super Giants,Mumbai Indians,Batting First,False
1304084,2022-04-25,2022,2022,"Wankhede Stadium, Mumbai",Mumbai,T20,Indian Premier League,Chennai Super Kings,field,Punjab Kings,11 runs,S Dhawan,,,,Punjab Kings,Chennai Super Kings,187,4,176.0,6.0,Punjab Kings,Chennai Super Kings,Batting First,False
1304085,2022-04-26,2022,2022,"Maharashtra Cricket Association Stadium, Pune",Pune,T20,Indian Premier League,Royal Challengers Bangalore,field,Rajasthan Royals,29 runs,R Parag,,,,Rajasthan Royals,Royal Challengers Bangalore,144,8,115.0,10.0,Rajasthan Royals,Royal Challengers Bangalore,Batting First,False
1304086,2022-04-27,2022,2022,"Wankhede Stadium, Mumbai",Mumbai,T20,Indian Premier League,Gujarat Titans,field,Gujarat Titans,5 wickets,Umran Malik,,,,Sunrisers Hyderabad,Gujarat Titans,195,6,199.0,5.0,Sunrisers Hyderabad,Gujarat Titans,Chasing,True
1304087,2022-04-28,2022,2022,"Wankhede Stadium, Mumbai",Mumbai,T20,Indian Premier League,Delhi Capitals,field,Delhi Capitals,4 wickets,Kuldeep Yadav,,,,Kolkata Knight Riders,Delhi Capitals,146,9,150.0,6.0,Kolkata Knight Riders,Delhi Capitals,Chasing,True
1304088,2022-04-29,2022,2022,"Maharashtra Cricket Association Stadium, Pune",Pune,T20,Indian Premier League,Punjab Kings,field,Lucknow Super Giants,20 runs,KH Pandya,,,,Lucknow Super Giants,Punjab Kings,153,8,133.0,8.0,Lucknow Super Giants,Punjab Kings,Batting First,False
1304089,2022-04-30,2022,2022,"Brabourne Stadium, Mumbai",Mumbai,T20,Indian Premier League,Royal Challengers Bangalore,bat,Gujarat Titans,6 wickets,R Tewatia,,,,Royal Challengers Bangalore,Gujarat Titans,170,6,174.0,4.0,Royal Challengers Bangalore,Gujarat Titans,Chasing,False
1304090,2022-04-30,2022,2022,"Dr DY Patil Sports Academy, Mumbai",Navi Mumbai,T20,Indian Premier League,Mumbai Indians,field,Mumbai Indians,5 wickets,SA Yadav,,,,Rajasthan Royals,Mumbai Indians,158,6,161.0,5.0,Rajasthan Royals,Mumbai Indians,Chasing,True
1304091,2022-05-01,2022,2022,"Wankhede Stadium, Mumbai",Mumbai,T20,Indian Premier League,Lucknow Super Giants,bat,Lucknow Super Giants,6 runs,Mohsin Khan,,,,Lucknow Super Giants,Delhi Capitals,195,3,189.0,7.0,Lucknow Super Giants,Delhi Capitals,Batting First,True
1304092,2022-05-01,2022,2022,"Maharashtra Cricket Association Stadium, Pune",Pune,T20,Indian Premier League,Sunrisers Hyderabad,field,Chennai Super Kings,13 runs,RD Gaikwad,,,,Chennai Super Kings,Sunrisers Hyderabad,202,2,189.0,6.0,Chennai Super Kings,Sunrisers Hyderabad,Batting First,False
1304093,2022-05-02,2022,2022,"Wankhede Stadium, Mumbai",Mumbai,T20,Indian Premier League,Kolkata Knight Riders,field,Kolkata Knight Riders,7 wickets,RK Singh,,,,Rajasthan Royals,Kolkata Knight Riders,152,5,158.0,3.0,Rajasthan Royals,Kolkata Knight Riders,Chasing,True
1304094,2022-05-03,2022,2022,"Dr DY Patil Sports Academy, Mumbai",Navi Mumbai,T20,Indian Premier League,Gujarat Titans,bat,Punjab Kings,8 wickets,K Rabada,,,,Gujarat Titans,Punjab Kings,143,8,145.0,2.0,Gujarat Titans,Punjab Kings,Chasing,False
1304095,2022-05-04,2022,2022,"Maharashtra Cricket Association Stadium, Pune",Pune,T20,Indian Premier League,Chennai Super Kings,field,Royal Challengers Bangalore,13 runs,HV Patel,,,,Royal Challengers Bangalore,Chennai Super Kings,173,8,160.0,8.0,Royal Challengers Bangalore,Chennai Super Kings,Batting First,False
1304096,2022-05-05,2022,2022,"Brabourne Stadium, Mumbai",Mumbai,T20,Indian Premier League,Sunrisers Hyderabad,field,Delhi Capitals,21 runs,DA Warner,,,,Delhi Capitals,Sunrisers Hyderabad,207,3,186.0,8.0,Delhi Capitals,Sunrisers Hyderabad,Batting First,False
1304097,2022-05-06,2022,2022,"Brabourne Stadium, Mumbai",Mumbai,T20,Indian Premier League,Gujarat Titans,field,Mumbai Indians,5 runs,TH David,,,,Mumbai Indians,Gujarat Titans,177,6,172.0,5.0,Mumbai Indians,Gujarat Titans,Batting First,False
1304098,2022-05-07,2022,2022,"Wankhede Stadium, Mumbai",Mumbai,T20,Indian Premier League,Punjab Kings,bat,Rajasthan Royals,6 wickets,YBK Jaiswal,,,,Punjab Kings,Rajasthan Royals,189,5,190.0,4.0,Punjab Kings,Rajasthan Royals,Chasing,False
1304099,2022-05-07,2022,2022,"Maharashtra Cricket Association Stadium, Pune",Pune,T20,Indian Premier League,Kolkata Knight Riders,field,Lucknow Super Giants,75 runs,Avesh Khan,,,,Lucknow Super Giants,Kolkata Knight Riders,176,7,101.0,10.0,Lucknow Super Giants,Kolkata Knight Riders,Batting First,False
1304100,2022-05-08,2022,2022,"Wankhede Stadium, Mumbai",Mumbai,T20,Indian Premier League,Royal Challengers Bangalore,bat,Royal Challengers Bangalore,67 runs,PWH de Silva,,,,Royal Challengers Bangalore,Sunrisers Hyderabad,192,3,125.0,10.0,Royal Challengers Bangalore,Sunrisers Hyderabad,Batting First,True
1304101,2022-05-08,2022,2022,"Dr DY Patil Sports Academy, Mumbai",Navi Mumbai,T20,Indian Premier League,Delhi Capitals,field,Chennai Super Kings,91 runs,DP Conway,,,,Chennai Super Kings,Delhi Capitals,208,6,117.0,10.0,Chennai Super Kings,Delhi Capitals,Batting First,False
1304102,2022-05-09,2022,2022,"Dr DY Patil Sports Academy, Mumbai",Navi Mumbai,T20,Indian Premier League,Mumbai Indians,field,Kolkata Knight Riders,52 runs,JJ Bumrah,,,,Kolkata Knight Riders,Mumbai Indians,165,9,113.0,10.0,Kolkata Knight Riders,Mumbai Indians,Batting First,False
1304103,2022-05-10,2022,2022,"Maharashtra Cricket Association Stadium, Pune",Pune,T20,Indian Premier League,Gujarat Titans,bat,Gujarat Titans,62 runs,Shubman Gill,,,,Gujarat Titans,Lucknow Super Giants,144,4,82.0,10.0,Gujarat Titans,Lucknow Super Giants,Batting First,True
1304104,2022-05-11,2022,2022,"Dr DY Patil Sports Academy, Mumbai",Navi Mumbai,T20,Indian Premier League,Delhi Capitals,field,Delhi Capitals,8 wickets,MR Marsh,,,,Rajasthan Royals,Delhi Capitals,160,6,161.0,2.0,Rajasthan Royals,Delhi Capitals,Chasing,True
1304105,2022-05-12,2022,2022,"Wankhede Stadium, Mumbai",Mumbai,T20,Indian Premier League,Mumbai Indians,field,Mumbai Indians,5 wickets,DR Sams,,,,Chennai Super Kings,Mumbai Indians,97,10,103.0,5.0,Chennai Super Kings,Mumbai Indians,Chasing,True
1304106,2022-05-13,2022,2022,"Brabourne Stadium, Mumbai",Mumbai,T20,Indian Premier League,Royal Challengers Bangalore,field,Punjab Kings,54 runs,JM Bairstow,,,,Punjab Kings,Royal Challengers Bangalore,209,9,155.0,9.0,Punjab Kings,Royal Challengers Bangalore,Batting First,False
1304107,2022-05-14,2022,2022,"Maharashtra Cricket Association Stadium, Pune",Pune,T20,Indian Premier League,Kolkata Knight Riders,bat,Kolkata Knight Riders,54 runs,AD Russell,,,,Kolkata Knight Riders,Sunrisers Hyderabad,177,6,123.0,8.0,Kolkata Knight Riders,Sunrisers Hyderabad,Batting First,True
1304108,2022-05-15,2022,2022,"Wankhede Stadium, Mumbai",Mumbai,T20,Indian Premier League,Chennai Super Kings,bat,Gujarat Titans,7 wickets,WP Saha,,,,Chennai Super Kings,Gujarat Titans,133,5,137.0,3.0,Chennai Super Kings,Gujarat Titans,Chasing,False
1304109,2022-05-15,2022,2022,"Brabourne Stadium, Mumbai",Mumbai,T20,Indian Premier League,Rajasthan Royals,bat,Rajasthan Royals,24 runs,TA Boult,,,,Rajasthan Royals,Lucknow Super Giants,178,6,154.0,8.0,Rajasthan Royals,Lucknow Super Giants,Batting First,True
1304110,2022-05-16,2022,2022,"Dr DY Patil Sports Academy, Mumbai",Navi Mumbai,T20,Indian Premier League,Punjab Kings,field,Delhi Capitals,17 runs,SN Thakur,,,,Delhi Capitals,Punjab Kings,159,7,142.0,9.0,Delhi Capitals,Punjab Kings,Batting First,False
1304111,2022-05-17,2022,2022,"Wankhede Stadium, Mumbai",Mumbai,T20,Indian Premier League,Mumbai Indians,field,Sunrisers Hyderabad,3 runs,RA Tripathi,,,,Sunrisers Hyderabad,Mumbai Indians,193,6,190.0,7.0,Sunrisers Hyderabad,Mumbai Indians,Batting First,False
1304112,2022-05-18,2022,2022,"Dr DY Patil Sports Academy, Mumbai",Navi Mumbai,T20,Indian Premier League,Lucknow Super Giants,bat,Lucknow Super Giants,2 runs,Q de Kock,,,,Lucknow Super Giants,Kolkata Knight Riders,210,0,208.0,8.0,Lucknow Super Giants,Kolkata Knight Riders,Batting First,True
1304113,2022-05-19,2022,2022,"Wankhede Stadium, Mumbai",Mumbai,T20,Indian Premier League,Gujarat Titans,bat,Royal Challengers Bangalore,8 wickets,V Kohli,,,,Gujarat Titans,Royal Challengers Bangalore,168,5,170.0,2.0,Gujarat Titans,Royal Challengers Bangalore,Chasing,False
1304114,2022-05-20,2022,2022,"Brabourne Stadium, Mumbai",Mumbai,T20,Indian Premier League,Chennai Super Kings,bat,Rajasthan Royals,5 wickets,R Ashwin,,,,Chennai Super Kings,Rajasthan Royals,150,6,151.0,5.0,Chennai Super Kings,Rajasthan Royals,Chasing,False
1304115,2022-05-21,2022,2022,"Wankhede Stadium, Mumbai",Mumbai,T20,Indian Premier League,Mumbai Indians,field,Mumbai Indians,5 wickets,JJ Bumrah,,,,Delhi Capitals,Mumbai Indians,159,7,160.0,5.0,Delhi Capitals,Mumbai Indians,Chasing,True
1304116,2022-05-22,2022,2022,"Wankhede Stadium, Mumbai",Mumbai,T20,Indian Premier League,Sunrisers Hyderabad,bat,Punjab Kings,5 wickets,Harpreet Brar,,,,Sunrisers Hyderabad,Punjab Kings,157,8,160.0,5.0,Sunrisers Hyderabad,Punjab Kings,Chasing,False
1312197,2022-05-24,2022,2022,"Eden Gardens, Kolkata",Kolkata,T20,Indian Premier League,Gujarat Titans,field,Gujarat Titans,7 wickets,DA Miller,,,,Rajasthan Royals,Gujarat Titans,188,6,191.0,3.0,Rajasthan Royals,Gujarat Titans,Chasing,True
1312198,2022-05-25,2022,2022,"Eden Gardens, Kolkata",Kolkata,T20,Indian Premier League,Lucknow Super Giants,field,Royal Challengers Bangalore,14 runs,RM Patidar,,,,Royal Challengers Bangalore,Lucknow Super Giants,207,4,193.0,6.0,Royal Challengers Bangalore,Lucknow Super Giants,Batting First,False
1312199,2022-05-27,2022,2022,"Narendra Modi Stadium, Ahmedabad",Ahmedabad,T20,Indian Premier League,Rajasthan Royals,field,Rajasthan Royals,7 wickets,JC Buttler,,,,Royal Challengers Bangalore,Rajasthan Royals,157,8,161.0,3.0,Royal Challengers Bangalore,Rajasthan Royals,Chasing,True
1312200,2022-05-29,2022,2022,"Narendra Modi Stadium, Ahmedabad",Ahmedabad,T20,Indian Premier League,Rajasthan Royals,bat,Gujarat Titans,7 wickets,HH Pandya,,,,Rajasthan Royals,Gujarat Titans,130,9,133.0,3.0,Rajasthan Royals,Gujarat Titans,Chasing,False
1359475,2023-03-31,2023,2023,"Narendra Modi Stadium, Ahmedabad",Ahmedabad,T20,Indian Premier League,Gujarat Titans,field,Gujarat Titans,5 wickets,Rashid Khan,,,,Chennai Super Kings,Gujarat Titans,178,7,182.0,5.0,Chennai Super Kings,Gujarat Titans,Chasing,True
1359476,2023-04-01,2023,2023,"Punjab Cricket Association IS Bindra Stadium, Mohali, Chandigarh",Chandigarh,T20,Indian Premier League,Kolkata Knight Riders,field,Punjab Kings,7 runs,Arshdeep Singh,,D/L,,Punjab Kings,Kolkata Knight Riders,191,5,146.0,7.0,Punjab Kings,Kolkata Knight Riders,Batting First,False
1359477,2023-04-01,2023,2023,"Bharat Ratna Shri Atal Bihari Vajpayee Ekana Cricket Stadium, Lucknow",Lucknow,T20,Indian Premier League,Delhi Capitals,field,Lucknow Super Giants,50 runs,MA Wood,,,,Lucknow Super Giants,Delhi Capitals,193,6,143.0,9.0,Lucknow Super Giants,Delhi Capitals,Batting First,False
1359478,2023-04-02,2023,2023,"Rajiv Gandhi International Stadium, Uppal, Hyderabad",Hyderabad,T20,Indian Premier League,Sunrisers Hyderabad,field,Rajasthan Royals,72 runs,JC Buttler,,,,Rajasthan Royals,Sunrisers Hyderabad,203,5,131.0,8.0,Rajasthan Royals,Sunrisers Hyderabad,Batting First,False
1359479,2023-04-02,2023,2023,"M Chinnaswamy Stadium, Bengaluru",Bengaluru,T20,Indian Premier League,Royal Challengers Bangalore,field,Royal Challengers Bangalore,8 wickets,F du Plessis,,,,Mumbai Indians,Royal Challengers Bangalore,171,7,172.0,2.0,Mumbai Indians,Royal Challengers Bangalore,Chasing,True
1359480,2023-04-03,2023,2023,"MA Chidambaram Stadium, Chepauk, Chennai",Chennai,T20,Indian Premier League,Lucknow Super Giants,field,Chennai Super Kings,12 runs,MM Ali,,,,Chennai Super Kings,Lucknow Super Giants,217,7,205.0,7.0,Chennai Super Kings,Lucknow Super Giants,Batting First,False
1359481,2023-04-04,2023,2023,"Arun Jaitley Stadium, Delhi",Delhi,T20,Indian Premier League,Gujarat Titans,field,Gujarat Titans,6 wickets,B Sai Sudharsan,,,,Delhi Capitals,Gujarat Titans,162,8,163.0,4.0,Delhi Capitals,Gujarat Titans,Chasing,True
1359482,2023-04-05,2023,2023,"Barsapara Cricket Stadium, Guwahati",Guwahati,T20,Indian Premier League,Rajasthan Royals,field,Punjab Kings,5 runs,NT Ellis,,,,Punjab Kings,Rajasthan Royals,197,5,192.0,7.0,Punjab Kings,Rajasthan Royals,Batting First,False
1359483,2023-04-06,2023,2023,"Eden Gardens, Kolkata",Kolkata,T20,Indian Premier League,Royal Challengers Bangalore,field,Kolkata Knight Riders,81 runs,SN Thakur,,,,Kolkata Knight Riders,Royal Challengers Bangalore,204,7,123.0,10.0,Kolkata Knight Riders,Royal Challengers Bangalore,Batting First,False
1359484,2023-04-07,2023,2023,"Bharat Ratna Shri Atal Bihari Vajpayee Ekana Cricket Stadium, Lucknow",Lucknow,T20,Indian Premier League,Sunrisers Hyderabad,bat,Lucknow Super Giants,5 wickets,KH Pandya,,,,Sunrisers Hyderabad,Lucknow Super Giants,121,8,127.0,5.0,Sunrisers Hyderabad,Lucknow Super Giants,Chasing,False
1359485,2023-04-08,2023,2023,"Barsapara Cricket Stadium, Guwahati",Guwahati,T20,Indian Premier League,Delhi Capitals,field,Rajasthan Royals,57 runs,YBK Jaiswal,,,,Rajasthan Royals,Delhi Capitals,199,4,142.0,9.0,Rajasthan Royals,Delhi Capitals,Batting First,False
1359486,2023-04-08,2023,2023,"Wankhede Stadium, Mumbai",Mumbai,T20,Indian Premier League,Chennai Super Kings,field,Chennai Super Kings,7 wickets,RA Jadeja,,,,Mumbai Indians,Chennai Super Kings,157,8,159.0,3.0,Mumbai Indians,Chennai Super Kings,Chasing,True
1359487,2023-04-09,2023,2023,"Narendra Modi Stadium, Ahmedabad",Ahmedabad,T20,Indian Premier League,Gujarat Titans,bat,Kolkata Knight Riders,3 wickets,RK Singh,,,,Gujarat Titans,Kolkata Knight Riders,204,4,207.0,7.0,Gujarat Titans,Kolkata Knight Riders,Chasing,False
1359488,2023-04-09,2023,2023,"Rajiv Gandhi International Stadium, Uppal, Hyderabad",Hyderabad,T20,Indian Premier League,Sunrisers Hyderabad,field,Sunrisers Hyderabad,8 wickets,S Dhawan,,,,Punjab Kings,Sunrisers Hyderabad,143,9,145.0,2.0,Punjab Kings,Sunrisers Hyderabad,Chasing,True
1359489,2023-04-10,2023,2023,"M Chinnaswamy Stadium, Bengaluru",Bengaluru,T20,Indian Premier League,Lucknow Super Giants,field,Lucknow Super Giants,1 wickets,N Pooran,,,,Royal Challengers Bangalore,Lucknow Super Giants,212,2,213.0,9.0,Royal Challengers Bangalore,Lucknow Super Giants,Chasing,True
1359490,2023-04-11,2023,2023,"Arun Jaitley Stadium, Delhi",Delhi,T20,Indian Premier League,Mumbai Indians,field,Mumbai Indians,6 wickets,RG Sharma,,,,Delhi Capitals,Mumbai Indians,172,10,173.0,4.0,Delhi Capitals,Mumbai Indians,Chasing,True
1359491,2023-04-12,2023,2023,"MA Chidambaram Stadium, Chepauk, Chennai",Chennai,T20,Indian Premier League,Chennai Super Kings,field,Rajasthan Royals,3 runs,R Ashwin,,,,Rajasthan Royals,Chennai Super Kings,175,8,172.0,6.0,Rajasthan Royals,Chennai Super Kings,Batting First,False
1359492,2023-04-13,2023,2023,"Punjab Cricket Association IS Bindra Stadium, Mohali, Chandigarh",Chandigarh,T20,Indian Premier League,Gujarat Titans,field,Gujarat Titans,6 wickets,MM Sharma,,,,Punjab Kings,Gujarat Titans,153,8,154.0,4.0,Punjab Kings,Gujarat Titans,Chasing,True
1359493,2023-04-14,2023,2023,"Eden Gardens, Kolkata",Kolkata,T20,Indian Premier League,Kolkata Knight Riders,field,Sunrisers Hyderabad,23 runs,HC Brook,,,,Sunrisers Hyderabad,Kolkata Knight Riders,228,4,205.0,7.0,Sunrisers Hyderabad,Kolkata Knight Riders,Batting First,False
1359494,2023-04-15,2023,2023,"M Chinnaswamy Stadium, Bengaluru",Bengaluru,T20,Indian Premier League,Delhi Capitals,field,Royal Challengers Bangalore,23 runs,V Kohli,,,,Royal Challengers Bangalore,Delhi Capitals,174,6,151.0,9.0,Royal Challengers Bangalore,Delhi Capitals,Batting First,False
1359495,2023-04-15,2023,2023,"Bharat Ratna Shri Atal Bihari Vajpayee Ekana Cricket Stadium, Lucknow",Lucknow,T20,Indian Premier League,Punjab Kings,field,Punjab Kings,2 wickets,Sikandar Raza,,,,Lucknow Super Giants,Punjab Kings,159,8,161.0,8.0,Lucknow Super Giants,Punjab Kings,Chasing,True
1359496,2023-04-16,2023,2023,"Wankhede Stadium, Mumbai",Mumbai,T20,Indian Premier League,Mumbai Indians,field,Mumbai Indians,5 wickets,VR Iyer,,,,Kolkata Knight Riders,Mumbai Indians,185,6,186.0,5.0,Kolkata Knight Riders,Mumbai Indians,Chasing,True
1359497,2023-04-16,2023,2023,"Narendra Modi Stadium, Ahmedabad",Ahmedabad,T20,Indian Premier League,Rajasthan Royals,field,Rajasthan Royals,3 wickets,SO Hetmyer,,,,Gujarat Titans,Rajasthan Royals,177,7,179.0,7.0,Gujarat Titans,Rajasthan Royals,Chasing,True
1359498,2023-04-17,2023,2023,"M Chinnaswamy Stadium, Bengaluru",Bengaluru,T20,Indian Premier League,Royal Challengers Bangalore,field,Chennai Super Kings,8 runs,DP Conway,,,,Chennai Super Kings,Royal Challengers Bangalore,226,6,218.0,8.0,Chennai Super Kings,Royal Challengers Bangalore,Batting First,False
1359499,2023-04-18,2023,2023,"Rajiv Gandhi International Stadium, Uppal, Hyderabad",Hyderabad,T20,Indian Premier League,Sunrisers Hyderabad,field,Mumbai Indians,14 runs,C Green,,,,Mumbai Indians,Sunrisers Hyderabad,192,5,178.0,10.0,Mumbai Indians,Sunrisers Hyderabad,Batting First,False
1359500,2023-04-19,2023,2023,"Sawai Mansingh Stadium, Jaipur",Jaipur,T20,Indian Premier League,Rajasthan Royals,field,Lucknow Super Giants,10 runs,MP Stoinis,,,,Lucknow Super Giants,Rajasthan Royals,154,7,144.0,6.0,Lucknow Super Giants,Rajasthan Royals,Batting First,False
1359501,2023-04-20,2023,2023,"Punjab Cricket Association IS Bindra Stadium, Mohali, Chandigarh",Chandigarh,T20,Indian Premier League,Punjab Kings,field,Royal Challengers Bangalore,24 runs,Mohammed Siraj,,,,Royal Challengers Bangalore,Punjab Kings,174,4,150.0,10.0,Royal Challengers Bangalore,Punjab Kings,Batting First,False
1359502,2023-04-20,2023,2023,"Arun Jaitley Stadium, Delhi",Delhi,T20,Indian Premier League,Delhi Capitals,field,Delhi Capitals,4 wickets,I Sharma,,,,Kolkata Knight Riders,Delhi Capitals,127,10,128.0,6.0,Kolkata Knight Riders,Delhi Capitals,Chasing,True
1359503,2023-04-21,2023,2023,"MA Chidambaram Stadium, Chepauk, Chennai",Chennai,T20,Indian Premier League,Chennai Super Kings,field,Chennai Super Kings,7 wickets,RA Jadeja,,,,Sunrisers Hyderabad,Chennai Super Kings,134,7,138.0,3.0,Sunrisers Hyderabad,Chennai Super Kings,Chasing,True
1359504,2023-04-22,2023,2023,"Bharat Ratna Shri Atal Bihari Vajpayee Ekana Cricket Stadium, Lucknow",Lucknow,T20,Indian Premier League,Gujarat Titans,bat,Gujarat Titans,7 runs,MM Sharma,,,,Gujarat Titans,Lucknow Super Giants,135,6,128.0,7.0,Gujarat Titans,Lucknow Super Giants,Batting First,True
1359505,2023-04-22,2023,2023,"Wankhede Stadium, Mumbai",Mumbai,T20,Indian Premier League,Mumbai Indians,field,Punjab Kings,13 runs,SM Curran,,,,Punjab Kings,Mumbai Indians,214,8,201.0,6.0,Punjab Kings,Mumbai Indians,Batting First,False
1359506,2023-04-23,2023,2023,"M Chinnaswamy Stadium, Bengaluru",Bengaluru,T20,Indian Premier League,Rajasthan Royals,field,Royal Challengers Bangalore,7 runs,GJ Maxwell,,,,Royal Challengers Bangalore,Rajasthan Royals,189,9,182.0,6.0,Royal Challengers Bangalore,Rajasthan Royals,Batting First,False
1359507,2023-04-23,2023,2023,"Eden Gardens, Kolkata",Kolkata,T20,Indian Premier League,Kolkata Knight Riders,field,Chennai Super Kings,49 runs,AM Rahane,,,,Chennai Super Kings,Kolkata Knight Riders,235,4,186.0,8.0,Chennai Super Kings,Kolkata Knight Riders,Batting First,False
1359508,2023-04-24,2023,2023,"Rajiv Gandhi International Stadium, Uppal, Hyderabad",Hyderabad,T20,Indian Premier League,Delhi Capitals,bat,Delhi Capitals,7 runs,AR Patel,,,,Delhi Capitals,Sunrisers Hyderabad,144,9,137.0,6.0,Delhi Capitals,Sunrisers Hyderabad,Batting First,True
1359509,2023-04-25,2023,2023,"Narendra Modi Stadium, Ahmedabad",Ahmedabad,T20,Indian Premier League,Mumbai Indians,field,Gujarat Titans,55 runs,A Manohar,,,,Gujarat Titans,Mumbai Indians,207,6,152.0,9.0,Gujarat Titans,Mumbai Indians,Batting First,False
1359510,2023-04-26,2023,2023,"M Chinnaswamy Stadium, Bengaluru",Bengaluru,T20,Indian Premier League,Royal Challengers Bangalore,field,Kolkata Knight Riders,21 runs,CV Varun,,,,Kolkata Knight Riders,Royal Challengers Bangalore,200,5,179.0,8.0,Kolkata Knight Riders,Royal Challengers Bangalore,Batting First,False
1359511,2023-04-27,2023,2023,"Sawai Mansingh Stadium, Jaipur",Jaipur,T20,Indian Premier League,Rajasthan Royals,bat,Rajasthan Royals,32 runs,YBK Jaiswal,,,,Rajasthan Royals,Chennai Super Kings,202,5,170.0,6.0,Rajasthan Royals,Chennai Super Kings,Batting First,True
1359512,2023-04-28,2023,2023,"Punjab Cricket Association IS Bindra Stadium, Mohali, Chandigarh",Chandigarh,T20,Indian Premier League,Punjab Kings,field,Lucknow Super Giants,56 runs,MP Stoinis,,,,Lucknow Super Giants,Punjab Kings,257,5,201.0,10.0,Lucknow Super Giants,Punjab Kings,Batting First,False
1359513,2023-04-29,2023,2023,"Eden Gardens, Kolkata",Kolkata,T20,Indian Premier League,Gujarat Titans,field,Gujarat Titans,7 wickets,J Little,,,,Kolkata Knight Riders,Gujarat Titans,179,7,180.0,3.0,Kolkata Knight Riders,Gujarat Titans,Chasing,True
1359514,2023-04-29,2023,2023,"Arun Jaitley Stadium, Delhi",Delhi,T20,Indian Premier League,Sunrisers Hyderabad,bat,Sunrisers Hyderabad,9 runs,MR Marsh,,,,Sunrisers Hyderabad,Delhi Capitals,197,6,188.0,6.0,Sunrisers Hyderabad,Delhi Capitals,Batting First,True
1359515,2023-04-30,2023,2023,"MA Chidambaram Stadium, Chepauk, Chennai",Chennai,T20,Indian Premier League,Chennai Super Kings,bat,Punjab Kings,4 wickets,DP Conway,,,,Chennai Super Kings,Punjab Kings,200,4,201.0,6.0,Chennai Super Kings,Punjab Kings,Chasing,False
1359516,2023-04-30,2023,2023,"Wankhede Stadium, Mumbai",Mumbai,T20,Indian Premier League,Rajasthan Royals,bat,Mumbai Indians,6 wickets,YBK Jaiswal,,,,Rajasthan Royals,Mumbai Indians,212,7,214.0,4.0,Rajasthan Royals,Mumbai Indians,Chasing,False
1359517,2023-05-01,2023,2023,"Bharat Ratna Shri Atal Bihari Vajpayee Ekana Cricket Stadium, Lucknow",Lucknow,T20,Indian Premier League,Royal Challengers Bangalore,bat,Royal Challengers Bangalore,18 runs,F du Plessis,,,,Royal Challengers Bangalore,Lucknow Super Giants,126,9,108.0,10.0,Royal Challengers Bangalore,Lucknow Super Giants,Batting First,True
1359518,2023-05-02,2023,2023,"Narendra Modi Stadium, Ahmedabad",Ahmedabad,T20,Indian Premier League,Delhi Capitals,bat,Delhi Capitals,5 runs,Mohammed Shami,,,,Delhi Capitals,Gujarat Titans,130,8,125.0,6.0,Delhi Capitals,Gujarat Titans,Batting First,True
1359519,2023-05-03,2023,2023,"Bharat Ratna Shri Atal Bihari Vajpayee Ekana Cricket Stadium, Lucknow",Lucknow,T20,Indian Premier League,Chennai Super Kings,field,Unknown,,Unknown,no result,,,Lucknow Super Giants,Chennai Super Kings,125,7,,,Lucknow Super Giants,Chennai Super Kings,Tie / No Result,False
1359520,2023-05-03,2023,2023,"Punjab Cricket Association IS Bindra Stadium, Mohali, Chandigarh",Chandigarh,T20,Indian Premier League,Mumbai Indians,field,Mumbai Indians,6 wickets,Ishan Kishan,,,,Punjab Kings,Mumbai Indians,214,3,216.0,4.0,Punjab Kings,Mumbai Indians,Chasing,True
1359521,2023-05-04,2023,2023,"Rajiv Gandhi International Stadium, Uppal, Hyderabad",Hyderabad,T20,Indian Premier League,Kolkata Knight Riders,bat,Kolkata Knight Riders,5 runs,CV Varun,,,,Kolkata Knight Riders,Sunrisers Hyderabad,171,9,166.0,8.0,Kolkata Knight Riders,Sunrisers Hyderabad,Batting First,True
1359522,2023-05-05,2023,2023,"Sawai Mansingh Stadium, Jaipur",Jaipur,T20,Indian Premier League,Rajasthan Royals,bat,Gujarat Titans,9 wickets,Rashid Khan,,,,Rajasthan Royals,Gujarat Titans,118,10,119.0,1.0,Rajasthan Royals,Gujarat Titans,Chasing,False
1359523,2023-05-06,2023,2023,"MA Chidambaram Stadium, Chepauk, Chennai",Chennai,T20,Indian Premier League,Chennai Super Kings,field,Chennai Super Kings,6 wickets,M Pathirana,,,,Mumbai Indians,Chennai Super Kings,139,8,140.0,4.0,Mumbai Indians,Chennai Super Kings,Chasing,True
1359524,2023-05-06,2023,2023,"Arun Jaitley Stadium, Delhi",Delhi,T20,Indian Premier League,Royal Challengers Bangalore,bat,Delhi Capitals,7 wickets,PD Salt,,,,Royal Challengers Bangalore,Delhi Capitals,181,4,187.0,3.0,Royal Challengers Bangalore,Delhi Capitals,Chasing,False
1359525,2023-05-07,2023,2023,"Narendra Modi Stadium, Ahmedabad",Ahmedabad,T20,Indian Premier League,Lucknow Super Giants,field,Gujarat Titans,56 runs,Shubman Gill,,,,Gujarat Titans,Lucknow Super Giants,227,2,171.0,7.0,Gujarat Titans,Lucknow Super Giants,Batting First,False
1359526,2023-05-07,2023,2023,"Sawai Mansingh Stadium, Jaipur",Jaipur,T20,Indian Premier League,Rajasthan Royals,bat,Sunrisers Hyderabad,4 wickets,GD Phillips,,,,Rajasthan Royals,Sunrisers Hyderabad,214,2,217.0,6.0,Rajasthan Royals,Sunrisers Hyderabad,Chasing,False
1359527,2023-05-08,2023,2023,"Eden Gardens, Kolkata",Kolkata,T20,Indian Premier League,Punjab Kings,bat,Kolkata Knight Riders,5 wickets,AD Russell,,,,Punjab Kings,Kolkata Knight Riders,179,7,182.0,5.0,Punjab Kings,Kolkata Knight Riders,Chasing,False
1359528,2023-05-09,2023,2023,"Wankhede Stadium, Mumbai",Mumbai,T20,Indian Premier League,Mumbai Indians,field,Mumbai Indians,6 wickets,SA Yadav,,,,Royal Challengers Bangalore,Mumbai Indians,199,6,200.0,4.0,Royal Challengers Bangalore,Mumbai Indians,Chasing,True
1359529,2023-05-10,2023,2023,"MA Chidambaram Stadium, Chepauk, Chennai",Chennai,T20,Indian Premier League,Chennai Super Kings,bat,Chennai Super Kings,27 runs,RA Jadeja,,,,Chennai Super Kings,Delhi Capitals,167,8,140.0,8.0,Chennai Super Kings,Delhi Capitals,Batting First,True
1359530,2023-05-11,2023,2023,"Eden Gardens, Kolkata",Kolkata,T20,Indian Premier League,Rajasthan Royals,field,Rajasthan Royals,9 wickets,YBK Jaiswal,,,,Kolkata Knight Riders,Rajasthan Royals,149,8,151.0,1.0,Kolkata Knight Riders,Rajasthan Royals,Chasing,True
1359531,2023-05-12,2023,2023,"Wankhede Stadium, Mumbai",Mumbai,T20,Indian Premier League,Gujarat Titans,field,Mumbai Indians,27 runs,SA Yadav,,,,Mumbai Indians,Gujarat Titans,218,5,191.0,8.0,Mumbai Indians,Gujarat Titans,Batting First,False
1359532,2023-05-13,2023,2023,"Rajiv Gandhi International Stadium, Uppal, Hyderabad",Hyderabad,T20,Indian Premier League,Sunrisers Hyderabad,bat,Lucknow Super Giants,7 wickets,PN Mankad,,,,Sunrisers Hyderabad,Lucknow Super Giants,182,6,185.0,3.0,Sunrisers Hyderabad,Lucknow Super Giants,Chasing,False
1359533,2023-05-13,2023,2023,"Arun Jaitley Stadium, Delhi",Delhi,T20,Indian Premier League,Delhi Capitals,field,Punjab Kings,31 runs,P Simran Singh,,,,Punjab Kings,Delhi Capitals,167,7,136.0,8.0,Punjab Kings,Delhi Capitals,Batting First,False
1359534,2023-05-14,2023,2023,"Sawai Mansingh Stadium, Jaipur",Jaipur,T20,Indian Premier League,Royal Challengers Bangalore,bat,Royal Challengers Bangalore,112 runs,WD Parnell,,,,Royal Challengers Bangalore,Rajasthan Royals,171,5,59.0,10.0,Royal Challengers Bangalore,Rajasthan Royals,Batting First,True
1359535,2023-05-14,2023,2023,"MA Chidambaram Stadium, Chepauk, Chennai",Chennai,T20,Indian Premier League,Chennai Super Kings,bat,Kolkata Knight Riders,6 wickets,RK Singh,,,,Chennai Super Kings,Kolkata Knight Riders,144,6,147.0,4.0,Chennai Super Kings,Kolkata Knight Riders,Chasing,False
1359536,2023-05-15,2023,2023,"Narendra Modi Stadium, Ahmedabad",Ahmedabad,T20,Indian Premier League,Sunrisers Hyderabad,field,Gujarat Titans,34 runs,Shubman Gill,,,,Gujarat Titans,Sunrisers Hyderabad,188,9,154.0,9.0,Gujarat Titans,Sunrisers Hyderabad,Batting First,False
1359537,2023-05-16,2023,2023,"Bharat Ratna Shri Atal Bihari Vajpayee Ekana Cricket Stadium, Lucknow",Lucknow,T20,Indian Premier League,Mumbai Indians,field,Lucknow Super Giants,5 runs,MP Stoinis,,,,Lucknow Super Giants,Mumbai Indians,177,4,172.0,5.0,Lucknow Super Giants,Mumbai Indians,Batting First,False
1359538,2023-05-17,2023,2023,"Himachal Pradesh Cricket Association Stadium, Dharamsala",Dharamsala,T20,Indian Premier League,Punjab Kings,field,Delhi Capitals,15 runs,RR Rossouw,,,,Delhi Capitals,Punjab Kings,213,2,198.0,8.0,Delhi Capitals,Punjab Kings,Batting First,False
1359539,2023-05-18,2023,2023,"Rajiv Gandhi International Stadium, Uppal, Hyderabad",Hyderabad,T20,Indian Premier League,Royal Challengers Bangalore,field,Royal Challengers Bangalore,8 wickets,V Kohli,,,,Sunrisers Hyderabad,Royal Challengers Bangalore,186,5,187.0,2.0,Sunrisers Hyderabad,Royal Challengers Bangalore,Chasing,True
1359540,2023-05-19,2023,2023,"Himachal Pradesh Cricket Association Stadium, Dharamsala",Dharamsala,T20,Indian Premier League,Rajasthan Royals,field,Rajasthan Royals,4 wickets,D Padikkal,,,,Punjab Kings,Rajasthan Royals,187,5,189.0,6.0,Punjab Kings,Rajasthan Royals,Chasing,True
1359541,2023-05-20,2023,2023,"Arun Jaitley Stadium, Delhi",Delhi,T20,Indian Premier League,Chennai Super Kings,bat,Chennai Super Kings,77 runs,RD Gaikwad,,,,Chennai Super Kings,Delhi Capitals,223,3,146.0,9.0,Chennai Super Kings,Delhi Capitals,Batting First,True
1359542,2023-05-20,2023,2023,"Eden Gardens, Kolkata",Kolkata,T20,Indian Premier League,Kolkata Knight Riders,field,Lucknow Super Giants,1 runs,N Pooran,,,,Lucknow Super Giants,Kolkata Knight Riders,176,8,175.0,7.0,Lucknow Super Giants,Kolkata Knight Riders,Batting First,False
1359543,2023-05-21,2023,2023,"Wankhede Stadium, Mumbai",Mumbai,T20,Indian Premier League,Mumbai Indians,field,Mumbai Indians,8 wickets,C Green,,,,Sunrisers Hyderabad,Mumbai Indians,200,5,201.0,2.0,Sunrisers Hyderabad,Mumbai Indians,Chasing,True
1359544,2023-05-21,2023,2023,"M Chinnaswamy Stadium, Bengaluru",Bengaluru,T20,Indian Premier League,Gujarat Titans,field,Gujarat Titans,6 wickets,Shubman Gill,,,,Royal Challengers Bangalore,Gujarat Titans,197,5,198.0,4.0,Royal Challengers Bangalore,Gujarat Titans,Chasing,True
1370350,2023-05-23,2023,2023,"MA Chidambaram Stadium, Chepauk, Chennai",Chennai,T20,Indian Premier League,Gujarat Titans,field,Chennai Super Kings,15 runs,RD Gaikwad,,,,Chennai Super Kings,Gujarat Titans,172,7,157.0,10.0,Chennai Super Kings,Gujarat Titans,Batting First,False
1370351,2023-05-24,2023,2023,"MA Chidambaram Stadium, Chepauk, Chennai",Chennai,T20,Indian Premier League,Mumbai Indians,bat,Mumbai Indians,81 runs,Akash Madhwal,,,,Mumbai Indians,Lucknow Super Giants,182,8,101.0,10.0,Mumbai Indians,Lucknow Super Giants,Batting First,True
1370352,2023-05-26,2023,2023,"Narendra Modi Stadium, Ahmedabad",Ahmedabad,T20,Indian Premier League,Mumbai Indians,field,Gujarat Titans,62 runs,Shubman Gill,,,,Gujarat Titans,Mumbai Indians,233,3,171.0,10.0,Gujarat Titans,Mumbai Indians,Batting First,False
1370353,2023-05-29,2023,2023,"Narendra Modi Stadium, Ahmedabad",Ahmedabad,T20,Indian Premier League,Chennai Super Kings,field,Chennai Super Kings,5 wickets,DP Conway,,D/L,,Gujarat Titans,Chennai Super Kings,214,4,171.0,5.0,Gujarat Titans,Chennai Super Kings,Chasing,True
1422119,2024-03-22,2024,2024,"MA Chidambaram Stadium, Chepauk, Chennai",Chennai,T20,Indian Premier League,Royal Challengers Bengaluru,bat,Chennai Super Kings,6 wickets,Mustafizur Rahman,,,,Royal Challengers Bengaluru,Chennai Super Kings,173,6,176.0,4.0,Royal Challengers Bengaluru,Chennai Super Kings,Chasing,False
1422120,2024-03-23,2024,2024,"Maharaja Yadavindra Singh International Cricket Stadium, Mullanpur",Mohali,T20,Indian Premier League,Punjab Kings,field,Punjab Kings,4 wickets,SM Curran,,,,Delhi Capitals,Punjab Kings,174,9,177.0,6.0,Delhi Capitals,Punjab Kings,Chasing,True
1422121,2024-03-23,2024,2024,"Eden Gardens, Kolkata",Kolkata,T20,Indian Premier League,Sunrisers Hyderabad,field,Kolkata Knight Riders,4 runs,AD Russell,,,,Kolkata Knight Riders,Sunrisers Hyderabad,208,7,204.0,7.0,Kolkata Knight Riders,Sunrisers Hyderabad,Batting First,False
1422122,2024-03-24,2024,2024,"Sawai Mansingh Stadium, Jaipur",Jaipur,T20,Indian Premier League,Rajasthan Royals,bat,Rajasthan Royals,20 runs,SV Samson,,,,Rajasthan Royals,Lucknow Super Giants,193,4,173.0,6.0,Rajasthan Royals,Lucknow Super Giants,Batting First,True
1422123,2024-03-24,2024,2024,"Narendra Modi Stadium, Ahmedabad",Ahmedabad,T20,Indian Premier League,Mumbai Indians,field,Gujarat Titans,6 runs,B Sai Sudharsan,,,,Gujarat Titans,Mumbai Indians,168,6,162.0,9.0,Gujarat Titans,Mumbai Indians,Batting First,False
1422124,2024-03-25,2024,2024,"M Chinnaswamy Stadium, Bengaluru",Bengaluru,T20,Indian Premier League,Royal Challengers Bengaluru,field,Royal Challengers Bengaluru,4 wickets,V Kohli,,,,Punjab Kings,Royal Challengers Bengaluru,176,6,178.0,6.0,Punjab Kings,Royal Challengers Bengaluru,Chasing,True
1422125,2024-03-26,2024,2024,"MA Chidambaram Stadium, Chepauk, Chennai",Chennai,T20,Indian Premier League,Gujarat Titans,field,Chennai Super Kings,63 runs,S Dube,,,,Chennai Super Kings,Gujarat Titans,206,6,143.0,8.0,Chennai Super Kings,Gujarat Titans,Batting First,False
1422126,2024-03-27,2024,2024,"Rajiv Gandhi International Stadium, Uppal, Hyderabad",Hyderabad,T20,Indian Premier League,Mumbai Indians,field,Sunrisers Hyderabad,31 runs,Abhishek Sharma,,,,Sunrisers Hyderabad,Mumbai Indians,277,3,246.0,5.0,Sunrisers Hyderabad,Mumbai Indians,Batting First,False
1422127,2024-03-28,2024,2024,"Sawai Mansingh Stadium, Jaipur",Jaipur,T20,Indian Premier League,Delhi Capitals,field,Rajasthan Royals,12 runs,R Parag,,,,Rajasthan Royals,Delhi Capitals,185,5,173.0,5.0,Rajasthan Royals,Delhi Capitals,Batting First,False
1422128,2024-03-29,2024,2024,"M Chinnaswamy Stadium, Bengaluru",Bengaluru,T20,Indian Premier League,Kolkata Knight Riders,field,Kolkata Knight Riders,7 wickets,SP Narine,,,,Royal Challengers Bengaluru,Kolkata Knight Riders,182,6,186.0,3.0,Royal Challengers Bengaluru,Kolkata Knight Riders,Chasing,True
1422129,2024-03-30,2024,2024,"Bharat Ratna Shri Atal Bihari Vajpayee Ekana Cricket Stadium, Lucknow",Lucknow,T20,Indian Premier League,Lucknow Super Giants,bat,Lucknow Super Giants,21 runs,MP Yadav,,,,Lucknow Super Giants,Punjab Kings,199,8,178.0,5.0,Lucknow Super Giants,Punjab Kings,Batting First,True
1422130,2024-03-31,2024,2024,"Narendra Modi Stadium, Ahmedabad",Ahmedabad,T20,Indian Premier League,Sunrisers Hyderabad,bat,Gujarat Titans,7 wickets,MM Sharma,,,,Sunrisers Hyderabad,Gujarat Titans,162,8,168.0,3.0,Sunrisers Hyderabad,Gujarat Titans,Chasing,False
1422131,2024-03-31,2024,2024,"Dr. Y.S. Rajasekhara Reddy ACA-VDCA Cricket Stadium, Visakhapatnam",Visakhapatnam,T20,Indian Premier League,Delhi Capitals,bat,Delhi Capitals,20 runs,KK Ahmed,,,,Delhi Capitals,Chennai Super Kings,191,5,171.0,6.0,Delhi Capitals,Chennai Super Kings,Batting First,True
1422132,2024-04-01,2024,2024,"Wankhede Stadium, Mumbai",Mumbai,T20,Indian Premier League,Rajasthan Royals,field,Rajasthan Royals,6 wickets,TA Boult,,,,Mumbai Indians,Rajasthan Royals,125,9,127.0,4.0,Mumbai Indians,Rajasthan Royals,Chasing,True
1422133,2024-04-02,2024,2024,"M Chinnaswamy Stadium, Bengaluru",Bengaluru,T20,Indian Premier League,Royal Challengers Bengaluru,field,Lucknow Super Giants,28 runs,MP Yadav,,,,Lucknow Super Giants,Royal Challengers Bengaluru,181,5,153.0,10.0,Lucknow Super Giants,Royal Challengers Bengaluru,Batting First,False
1422134,2024-04-03,2024,2024,"Dr. Y.S. Rajasekhara Reddy ACA-VDCA Cricket Stadium, Visakhapatnam",Visakhapatnam,T20,Indian Premier League,Kolkata Knight Riders,bat,Kolkata Knight Riders,106 runs,SP Narine,,,,Kolkata Knight Riders,Delhi Capitals,272,7,166.0,10.0,Kolkata Knight Riders,Delhi Capitals,Batting First,True
1422135,2024-04-04,2024,2024,"Narendra Modi Stadium, Ahmedabad",Ahmedabad,T20,Indian Premier League,Punjab Kings,field,Punjab Kings,3 wickets,Shashank Singh,,,,Gujarat Titans,Punjab Kings,199,4,200.0,7.0,Gujarat Titans,Punjab Kings,Chasing,True
1422136,2024-04-05,2024,2024,"Rajiv Gandhi International Stadium, Uppal, Hyderabad",Hyderabad,T20,Indian Premier League,Sunrisers Hyderabad,field,Sunrisers Hyderabad,6 wickets,Abhishek Sharma,,,,Chennai Super Kings,Sunrisers Hyderabad,165,5,166.0,4.0,Chennai Super Kings,Sunrisers Hyderabad,Chasing,True
1422137,2024-04-06,2024,2024,"Sawai Mansingh Stadium, Jaipur",Jaipur,T20,Indian Premier League,Rajasthan Royals,field,Rajasthan Royals,6 wickets,JC Buttler,,,,Royal Challengers Bengaluru,Rajasthan Royals,183,3,189.0,4.0,Royal Challengers Bengaluru,Rajasthan Royals,Chasing,True
1422138,2024-04-07,2024,2024,"Wankhede Stadium, Mumbai",Mumbai,T20,Indian Premier League,Delhi Capitals,field,Mumbai Indians,29 runs,R Shepherd,,,,Mumbai Indians,Delhi Capitals,234,5,205.0,8.0,Mumbai Indians,Delhi Capitals,Batting First,False
1422139,2024-04-07,2024,2024,"Bharat Ratna Shri Atal Bihari Vajpayee Ekana Cricket Stadium, Lucknow",Lucknow,T20,Indian Premier League,Lucknow Super Giants,bat,Lucknow Super Giants,33 runs,Yash Thakur,,,,Lucknow Super Giants,Gujarat Titans,163,5,130.0,10.0,Lucknow Super Giants,Gujarat Titans,Batting First,True
1426260,2024-04-08,2024,2024,"MA Chidambaram Stadium, Chepauk, Chennai",Chennai,T20,Indian Premier League,Chennai Super Kings,field,Chennai Super Kings,7 wickets,RA Jadeja,,,,Kolkata Knight Riders,Chennai Super Kings,137,9,141.0,3.0,Kolkata Knight Riders,Chennai Super Kings,Chasing,True
1426261,2024-04-09,2024,2024,"Maharaja Yadavindra Singh International Cricket Stadium, Mullanpur",Mohali,T20,Indian Premier League,Punjab Kings,field,Sunrisers Hyderabad,2 runs,Nithish Kumar Reddy,,,,Sunrisers Hyderabad,Punjab Kings,182,9,180.0,6.0,Sunrisers Hyderabad,Punjab Kings,Batting First,False
1426262,2024-04-10,2024,2024,"Sawai Mansingh Stadium, Jaipur",Jaipur,T20,Indian Premier League,Gujarat Titans,field,Gujarat Titans,3 wickets,Rashid Khan,,,,Rajasthan Royals,Gujarat Titans,196,3,199.0,7.0,Rajasthan Royals,Gujarat Titans,Chasing,True
1426263,2024-04-11,2024,2024,"Wankhede Stadium, Mumbai",Mumbai,T20,Indian Premier League,Mumbai Indians,field,Mumbai Indians,7 wickets,JJ Bumrah,,,,Royal Challengers Bengaluru,Mumbai Indians,196,8,199.0,3.0,Royal Challengers Bengaluru,Mumbai Indians,Chasing,True
1426264,2024-04-12,2024,2024,"Bharat Ratna Shri Atal Bihari Vajpayee Ekana Cricket Stadium, Lucknow",Lucknow,T20,Indian Premier League,Lucknow Super Giants,bat,Delhi Capitals,6 wickets,Kuldeep Yadav,,,,Lucknow Super Giants,Delhi Capitals,167,7,170.0,4.0,Lucknow Super Giants,Delhi Capitals,Chasing,False
1426265,2024-04-13,2024,2024,"Maharaja Yadavindra Singh International Cricket Stadium, Mullanpur",Mohali,T20,Indian Premier League,Rajasthan Royals,field,Rajasthan Royals,3 wickets,SO Hetmyer,,,,Punjab Kings,Rajasthan Royals,147,8,152.0,7.0,Punjab Kings,Rajasthan Royals,Chasing,True
1426266,2024-04-14,2024,2024,"Eden Gardens, Kolkata",Kolkata,T20,Indian Premier League,Kolkata Knight Riders,field,Kolkata Knight Riders,8 wickets,PD Salt,,,,Lucknow Super Giants,Kolkata Knight Riders,161,7,162.0,2.0,Lucknow Super Giants,Kolkata Knight Riders,Chasing,True
1426267,2024-04-14,2024,2024,"Wankhede Stadium, Mumbai",Mumbai,T20,Indian Premier League,Mumbai Indians,field,Chennai Super Kings,20 runs,M Pathirana,,,,Chennai Super Kings,Mumbai Indians,206,4,186.0,6.0,Chennai Super Kings,Mumbai Indians,Batting First,False
1426268,2024-04-15,2024,2024,"M Chinnaswamy Stadium, Bengaluru",Bengaluru,T20,Indian Premier League,Royal Challengers Bengaluru,field,Sunrisers Hyderabad,25 runs,TM Head,,,,Sunrisers Hyderabad,Royal Challengers Bengaluru,287,3,262.0,7.0,Sunrisers Hyderabad,Royal Challengers Bengaluru,Batting First,False
1426269,2024-04-16,2024,2024,"Eden Gardens, Kolkata",Kolkata,T20,Indian Premier League,Rajasthan Royals,field,Rajasthan Royals,2 wickets,JC Buttler,,,,Kolkata Knight Riders,Rajasthan Royals,223,6,224.0,8.0,Kolkata Knight Riders,Rajasthan Royals,Chasing,True
1426270,2024-04-17,2024,2024,"Narendra Modi Stadium, Ahmedabad",Ahmedabad,T20,Indian Premier League,Delhi Capitals,field,Delhi Capitals,6 wickets,RR Pant,,,,Gujarat Titans,Delhi Capitals,89,10,92.0,4.0,Gujarat Titans,Delhi Capitals,Chasing,True
1426271,2024-04-18,2024,2024,"Maharaja Yadavindra Singh International Cricket Stadium, Mullanpur",Mohali,T20,Indian Premier League,Punjab Kings,field,Mumbai Indians,9 runs,JJ Bumrah,,,,Mumbai Indians,Punjab Kings,192,7,183.0,10.0,Mumbai Indians,Punjab Kings,Batting First,False
1426272,2024-04-19,2024,2024,"Bharat Ratna Shri Atal Bihari Vajpayee Ekana Cricket Stadium, Lucknow",Lucknow,T20,Indian Premier League,Lucknow Super Giants,field,Lucknow Super Giants,8 wickets,KL Rahul,,,,Chennai Super Kings,Lucknow Super Giants,176,6,180.0,2.0,Chennai Super Kings,Lucknow Super Giants,Chasing,True
1426273,2024-04-20,2024,2024,"Arun Jaitley Stadium, Delhi",Delhi,T20,Indian Premier League,Delhi Capitals,field,Sunrisers Hyderabad,67 runs,TM Head,,,,Sunrisers Hyderabad,Delhi Capitals,266,7,199.0,10.0,Sunrisers Hyderabad,Delhi Capitals,Batting First,False
1426274,2024-04-21,2024,2024,"Eden Gardens, Kolkata",Kolkata,T20,Indian Premier League,Royal Challengers Bengaluru,field,Kolkata Knight Riders,1 runs,AD Russell,,,,Kolkata Knight Riders,Royal Challengers Bengaluru,222,6,221.0,10.0,Kolkata Knight Riders,Royal Challengers Bengaluru,Batting First,False
1426275,2024-04-21,2024,2024,"Maharaja Yadavindra Singh International Cricket Stadium, Mullanpur",Mohali,T20,Indian Premier League,Punjab Kings,bat,Gujarat Titans,3 wickets,R Sai Kishore,,,,Punjab Kings,Gujarat Titans,142,10,146.0,7.0,Punjab Kings,Gujarat Titans,Chasing,False
1426276,2024-04-22,2024,2024,"Sawai Mansingh Stadium, Jaipur",Jaipur,T20,Indian Premier League,Mumbai Indians,bat,Rajasthan Royals,9 wickets,Sandeep Sharma,,,,Mumbai Indians,Rajasthan Royals,179,9,183.0,1.0,Mumbai Indians,Rajasthan Royals,Chasing,False
1426277,2024-04-23,2024,2024,"MA Chidambaram Stadium, Chepauk, Chennai",Chennai,T20,Indian Premier League,Lucknow Super Giants,field,Lucknow Super Giants,6 wickets,MP Stoinis,,,,Chennai Super Kings,Lucknow Super Giants,210,4,213.0,4.0,Chennai Super Kings,Lucknow Super Giants,Chasing,True
1426278,2024-04-24,2024,2024,"Arun Jaitley Stadium, Delhi",Delhi,T20,Indian Premier League,Gujarat Titans,field,Delhi Capitals,4 runs,RR Pant,,,,Delhi Capitals,Gujarat Titans,224,4,220.0,8.0,Delhi Capitals,Gujarat Titans,Batting First,False
1426279,2024-04-25,2024,2024,"Rajiv Gandhi International Stadium, Uppal, Hyderabad",Hyderabad,T20,Indian Premier League,Royal Challengers Bengaluru,bat,Royal Challengers Bengaluru,35 runs,RM Patidar,,,,Royal Challengers Bengaluru,Sunrisers Hyderabad,206,7,171.0,8.0,Royal Challengers Bengaluru,Sunrisers Hyderabad,Batting First,True
1426280,2024-04-26,2024,2024,"Eden Gardens, Kolkata",Kolkata,T20,Indian Premier League,Punjab Kings,field,Punjab Kings,8 wickets,JM Bairstow,,,,Kolkata Knight Riders,Punjab Kings,261,6,262.0,2.0,Kolkata Knight Riders,Punjab Kings,Chasing,True
1426281,2024-04-27,2024,2024,"Arun Jaitley Stadium, Delhi",Delhi,T20,Indian Premier League,Mumbai Indians,field,Delhi Capitals,10 runs,J Fraser-McGurk,,,,Delhi Capitals,Mumbai Indians,257,4,247.0,9.0,Delhi Capitals,Mumbai Indians,Batting First,False
1426282,2024-04-27,2024,2024,"Bharat Ratna Shri Atal Bihari Vajpayee Ekana Cricket Stadium, Lucknow",Lucknow,T20,Indian Premier League,Rajasthan Royals,field,Rajasthan Royals,7 wickets,SV Samson,,,,Lucknow Super Giants,Rajasthan Royals,196,5,199.0,3.0,Lucknow Super Giants,Rajasthan Royals,Chasing,True
1426283,2024-04-28,2024,2024,"Narendra Modi Stadium, Ahmedabad",Ahmedabad,T20,Indian Premier League,Royal Challengers Bengaluru,field,Royal Challengers Bengaluru,9 wickets,WG Jacks,,,,Gujarat Titans,Royal Challengers Bengaluru,200,3,206.0,1.0,Gujarat Titans,Royal Challengers Bengaluru,Chasing,True
1426284,2024-04-28,2024,2024,"MA Chidambaram Stadium, Chepauk, Chennai",Chennai,T20,Indian Premier League,Sunrisers Hyderabad,field,Chennai Super Kings,78 runs,RD Gaikwad,,,,Chennai Super Kings,Sunrisers Hyderabad,212,3,134.0,10.0,Chennai Super Kings,Sunrisers Hyderabad,Batting First,False
1426285,2024-04-29,2024,2024,"Eden Gardens, Kolkata",Kolkata,T20,Indian Premier League,Delhi Capitals,bat,Kolkata Knight Riders,7 wickets,CV Varun,,,,Delhi Capitals,Kolkata Knight Riders,153,9,157.0,3.0,Delhi Capitals,Kolkata Knight Riders,Chasing,False
1426286,2024-04-30,2024,2024,"Bharat Ratna Shri Atal Bihari Vajpayee Ekana Cricket Stadium, Lucknow",Lucknow,T20,Indian Premier League,Lucknow Super Giants,field,Lucknow Super Giants,4 wickets,MP Stoinis,,,,Mumbai Indians,Lucknow Super Giants,144,7,145.0,6.0,Mumbai Indians,Lucknow Super Giants,Chasing,True
1426287,2024-05-01,2024,2024,"MA Chidambaram Stadium, Chepauk, Chennai",Chennai,T20,Indian Premier League,Punjab Kings,field,Punjab Kings,7 wickets,Harpreet Brar,,,,Chennai Super Kings,Punjab Kings,162,7,163.0,3.0,Chennai Super Kings,Punjab Kings,Chasing,True
1426288,2024-05-02,2024,2024,"Rajiv Gandhi International Stadium, Uppal, Hyderabad",Hyderabad,T20,Indian Premier League,Sunrisers Hyderabad,bat,Sunrisers Hyderabad,1 runs,B Kumar,,,,Sunrisers Hyderabad,Rajasthan Royals,201,3,200.0,7.0,Sunrisers Hyderabad,Rajasthan Royals,Batting First,True
1426289,2024-05-03,2024,2024,"Wankhede Stadium, Mumbai",Mumbai,T20,Indian Premier League,Mumbai Indians,field,Kolkata Knight Riders,24 runs,VR Iyer,,,,Kolkata Knight Riders,Mumbai Indians,169,10,145.0,10.0,Kolkata Knight Riders,Mumbai Indians,Batting First,False
1426290,2024-05-04,2024,2024,"M Chinnaswamy Stadium, Bengaluru",Bengaluru,T20,Indian Premier League,Royal Challengers Bengaluru,field,Royal Challengers Bengaluru,4 wickets,Mohammed Siraj,,,,Gujarat Titans,Royal Challengers Bengaluru,147,10,152.0,6.0,Gujarat Titans,Royal Challengers Bengaluru,Chasing,True
1426291,2024-05-05,2024,2024,"Himachal Pradesh Cricket Association Stadium, Dharamsala",Dharamsala,T20,Indian Premier League,Punjab Kings,field,Chennai Super Kings,28 runs,RA Jadeja,,,,Chennai Super Kings,Punjab Kings,167,9,139.0,9.0,Chennai Super Kings,Punjab Kings,Batting First,False
1426292,2024-05-05,2024,2024,"Bharat Ratna Shri Atal Bihari Vajpayee Ekana Cricket Stadium, Lucknow",Lucknow,T20,Indian Premier League,Lucknow Super Giants,field,Kolkata Knight Riders,98 runs,SP Narine,,,,Kolkata Knight Riders,Lucknow Super Giants,235,6,137.0,10.0,Kolkata Knight Riders,Lucknow Super Giants,Batting First,False
1426293,2024-05-06,2024,2024,"Wankhede Stadium, Mumbai",Mumbai,T20,Indian Premier League,Mumbai Indians,field,Mumbai Indians,7 wickets,SA Yadav,,,,Sunrisers Hyderabad,Mumbai Indians,173,8,174.0,3.0,Sunrisers Hyderabad,Mumbai Indians,Chasing,True
1426294,2024-05-07,2024,2024,"Arun Jaitley Stadium, Delhi",Delhi,T20,Indian Premier League,Rajasthan Royals,field,Delhi Capitals,20 runs,Kuldeep Yadav,,,,Delhi Capitals,Rajasthan Royals,221,8,201.0,8.0,Delhi Capitals,Rajasthan Royals,Batting First,False
1426295,2024-05-08,2024,2024,"Rajiv Gandhi International Stadium, Uppal, Hyderabad",Hyderabad,T20,Indian Premier League,Lucknow Super Giants,bat,Sunrisers Hyderabad,10 wickets,TM Head,,,,Lucknow Super Giants,Sunrisers Hyderabad,165,4,167.0,0.0,Lucknow Super Giants,Sunrisers Hyderabad,Chasing,False
1426296,2024-05-09,2024,2024,"Himachal Pradesh Cricket Association Stadium, Dharamsala",Dharamsala,T20,Indian Premier League,Punjab Kings,field,Royal Challengers Bengaluru,60 runs,V Kohli,,,,Royal Challengers Bengaluru,Punjab Kings,241,7,181.0,10.0,Royal Challengers Bengaluru,Punjab Kings,Batting First,False
1426297,2024-05-10,2024,2024,"Narendra Modi Stadium, Ahmedabad",Ahmedabad,T20,Indian Premier League,Chennai Super Kings,field,Gujarat Titans,35 runs,Shubman Gill,,,,Gujarat Titans,Chennai Super Kings,231,3,196.0,8.0,Gujarat Titans,Chennai Super Kings,Batting First,False
1426298,2024-05-11,2024,2024,"Eden Gardens, Kolkata",Kolkata,T20,Indian Premier League,Mumbai Indians,field,Kolkata Knight Riders,18 runs,CV Varun,,,,Kolkata Knight Riders,Mumbai Indians,157,7,139.0,8.0,Kolkata Knight Riders,Mumbai Indians,Batting First,False
1426299,2024-05-12,2024,2024,"MA Chidambaram Stadium, Chepauk, Chennai",Chennai,T20,Indian Premier League,Rajasthan Royals,bat,Chennai Super Kings,5 wickets,Simarjeet Singh,,,,Rajasthan Royals,Chennai Super Kings,141,5,145.0,5.0,Rajasthan Royals,Chennai Super Kings,Chasing,False
1426300,2024-05-12,2024,2024,"M Chinnaswamy Stadium, Bengaluru",Bengaluru,T20,Indian Premier League,Delhi Capitals,field,Royal Challengers Bengaluru,47 runs,C Green,,,,Royal Challengers Bengaluru,Delhi Capitals,187,9,140.0,10.0,Royal Challengers Bengaluru,Delhi Capitals,Batting First,False
1426302,2024-05-14,2024,2024,"Arun Jaitley Stadium, Delhi",Delhi,T20,Indian Premier League,Lucknow Super Giants,field,Delhi Capitals,19 runs,I Sharma,,,,Delhi Capitals,Lucknow Super Giants,208,4,189.0,9.0,Delhi Capitals,Lucknow Super Giants,Batting First,False
1426303,2024-05-15,2024,2024,"Barsapara Cricket Stadium, Guwahati",Guwahati,T20,Indian Premier League,Rajasthan Royals,bat,Punjab Kings,5 wickets,SM Curran,,,,Rajasthan Royals,Punjab Kings,144,9,145.0,5.0,Rajasthan Royals,Punjab Kings,Chasing,False
1426305,2024-05-17,2024,2024,"Wankhede Stadium, Mumbai",Mumbai,T20,Indian Premier League,Mumbai Indians,field,Lucknow Super Giants,18 runs,N Pooran,,,,Lucknow Super Giants,Mumbai Indians,214,6,196.0,6.0,Lucknow Super Giants,Mumbai Indians,Batting First,False
1426306,2024-05-18,2024,2024,"M Chinnaswamy Stadium, Bengaluru",Bengaluru,T20,Indian Premier League,Chennai Super Kings,field,Royal Challengers Bengaluru,27 runs,F du Plessis,,,,Royal Challengers Bengaluru,Chennai Super Kings,218,5,191.0,7.0,Royal Challengers Bengaluru,Chennai Super Kings,Batting First,False
1426307,2024-05-19,2024,2024,"Rajiv Gandhi International Stadium, Uppal, Hyderabad",Hyderabad,T20,Indian Premier League,Punjab Kings,bat,Sunrisers Hyderabad,4 wickets,Abhishek Sharma,,,,Punjab Kings,Sunrisers Hyderabad,214,5,215.0,6.0,Punjab Kings,Sunrisers Hyderabad,Chasing,False
1426309,2024-05-21,2024,2024,"Narendra Modi Stadium, Ahmedabad",Ahmedabad,T20,Indian Premier League,Sunrisers Hyderabad,bat,Kolkata Knight Riders,8 wickets,MA Starc,,,,Sunrisers Hyderabad,Kolkata Knight Riders,159,10,164.0,2.0,Sunrisers Hyderabad,Kolkata Knight Riders,Chasing,False
1426310,2024-05-22,2024,2024,"Narendra Modi Stadium, Ahmedabad",Ahmedabad,T20,Indian Premier League,Rajasthan Royals,field,Rajasthan Royals,4 wickets,R Ashwin,,,,Royal Challengers Bengaluru,Rajasthan Royals,172,8,174.0,6.0,Royal Challengers Bengaluru,Rajasthan Royals,Chasing,True
1426311,2024-05-24,2024,2024,"MA Chidambaram Stadium, Chepauk, Chennai",Chennai,T20,Indian Premier League,Rajasthan Royals,field,Sunrisers Hyderabad,36 runs,Shahbaz Ahmed,,,,Sunrisers Hyderabad,Rajasthan Royals,175,9,139.0,7.0,Sunrisers Hyderabad,Rajasthan Royals,Batting First,False
1426312,2024-05-26,2024,2024,"MA Chidambaram Stadium, Chepauk, Chennai",Chennai,T20,Indian Premier League,Sunrisers Hyderabad,bat,Kolkata Knight Riders,8 wickets,MA Starc,,,,Sunrisers Hyderabad,Kolkata Knight Riders,113,10,114.0,2.0,Sunrisers Hyderabad,Kolkata Knight Riders,Chasing,False
1473438,2025-03-22,2025,2025,"Eden Gardens, Kolkata",Kolkata,T20,Indian Premier League,Royal Challengers Bengaluru,field,Royal Challengers Bengaluru,7 wickets,KH Pandya,,,,Kolkata Knight Riders,Royal Challengers Bengaluru,174,8,177.0,3.0,Kolkata Knight Riders,Royal Challengers Bengaluru,Chasing,True
1473439,2025-03-23,2025,2025,"Rajiv Gandhi International Stadium, Uppal, Hyderabad",Hyderabad,T20,Indian Premier League,Rajasthan Royals,field,Sunrisers Hyderabad,44 runs,Ishan Kishan,,,,Sunrisers Hyderabad,Rajasthan Royals,286,6,242.0,6.0,Sunrisers Hyderabad,Rajasthan Royals,Batting First,False
1473440,2025-03-23,2025,2025,"MA Chidambaram Stadium, Chepauk, Chennai",Chennai,T20,Indian Premier League,Chennai Super Kings,field,Chennai Super Kings,4 wickets,Noor Ahmad,,,,Mumbai Indians,Chennai Super Kings,155,9,158.0,6.0,Mumbai Indians,Chennai Super Kings,Chasing,True
1473441,2025-03-24,2025,2025,"Dr. Y.S. Rajasekhara Reddy ACA-VDCA Cricket Stadium, Visakhapatnam",Visakhapatnam,T20,Indian Premier League,Delhi Capitals,field,Delhi Capitals,1 wickets,Ashutosh Sharma,,,,Lucknow Super Giants,Delhi Capitals,209,8,211.0,9.0,Lucknow Super Giants,Delhi Capitals,Chasing,True
1473442,2025-03-25,2025,2025,"Narendra Modi Stadium, Ahmedabad",Ahmedabad,T20,Indian Premier League,Gujarat Titans,field,Punjab Kings,11 runs,SS Iyer,,,,Punjab Kings,Gujarat Titans,243,5,232.0,5.0,Punjab Kings,Gujarat Titans,Batting First,False
1473443,2025-03-26,2025,2025,"Barsapara Cricket Stadium, Guwahati",Guwahati,T20,Indian Premier League,Kolkata Knight Riders,field,Kolkata Knight Riders,8 wickets,Q de Kock,,,,Rajasthan Royals,Kolkata Knight Riders,151,9,153.0,2.0,Rajasthan Royals,Kolkata Knight Riders,Chasing,True
1473444,2025-03-27,2025,2025,"Rajiv Gandhi International Stadium, Uppal, Hyderabad",Hyderabad,T20,Indian Premier League,Lucknow Super Giants,field,Lucknow Super Giants,5 wickets,SN Thakur,,,,Sunrisers Hyderabad,Lucknow Super Giants,190,9,193.0,5.0,Sunrisers Hyderabad,Lucknow Super Giants,Chasing,True
1473445,2025-03-28,2025,2025,"MA Chidambaram Stadium, Chepauk, Chennai",Chennai,T20,Indian Premier League,Chennai Super Kings,field,Royal Challengers Bengaluru,50 runs,RM Patidar,,,,Royal Challengers Bengaluru,Chennai Super Kings,196,7,146.0,8.0,Royal Challengers Bengaluru,Chennai Super Kings,Batting First,False
1473446,2025-03-29,2025,2025,"Narendra Modi Stadium, Ahmedabad",Ahmedabad,T20,Indian Premier League,Mumbai Indians,field,Gujarat Titans,36 runs,M Prasidh Krishna,,,,Gujarat Titans,Mumbai Indians,196,8,160.0,6.0,Gujarat Titans,Mumbai Indians,Batting First,False
1473447,2025-03-30,2025,2025,"Dr. Y.S. Rajasekhara Reddy ACA-VDCA Cricket Stadium, Visakhapatnam",Visakhapatnam,T20,Indian Premier League,Sunrisers Hyderabad,bat,Delhi Capitals,7 wickets,MA Starc,,,,Sunrisers Hyderabad,Delhi Capitals,163,10,166.0,3.0,Sunrisers Hyderabad,Delhi Capitals,Chasing,False
1473448,2025-03-30,2025,2025,"Barsapara Cricket Stadium, Guwahati",Guwahati,T20,Indian Premier League,Chennai Super Kings,field,Rajasthan Royals,6 runs,N Rana,,,,Rajasthan Royals,Chennai Super Kings,182,9,176.0,6.0,Rajasthan Royals,Chennai Super Kings,Batting First,False
1473449,2025-03-31,2025,2025,"Wankhede Stadium, Mumbai",Mumbai,T20,Indian Premier League,Mumbai Indians,field,Mumbai Indians,8 wickets,Ashwani Kumar,,,,Kolkata Knight Riders,Mumbai Indians,116,10,121.0,2.0,Kolkata Knight Riders,Mumbai Indians,Chasing,True
1473450,2025-04-01,2025,2025,"Bharat Ratna Shri Atal Bihari Vajpayee Ekana Cricket Stadium, Lucknow",Lucknow,T20,Indian Premier League,Punjab Kings,field,Punjab Kings,8 wickets,P Simran Singh,,,,Lucknow Super Giants,Punjab Kings,171,7,177.0,2.0,Lucknow Super Giants,Punjab Kings,Chasing,True
1473451,2025-04-02,2025,2025,"M Chinnaswamy Stadium, Bengaluru",Bengaluru,T20,Indian Premier League,Gujarat Titans,field,Gujarat Titans,8 wickets,Mohammed Siraj,,,,Royal Challengers Bengaluru,Gujarat Titans,169,8,170.0,2.0,Royal Challengers Bengaluru,Gujarat Titans,Chasing,True
1473452,2025-04-03,2025,2025,"Eden Gardens, Kolkata",Kolkata,T20,Indian Premier League,Sunrisers Hyderabad,field,Kolkata Knight Riders,80 runs,VG Arora,,,,Kolkata Knight Riders,Sunrisers Hyderabad,200,6,120.0,10.0,Kolkata Knight Riders,Sunrisers Hyderabad,Batting First,False
1473453,2025-04-04,2025,2025,"Bharat Ratna Shri Atal Bihari Vajpayee Ekana Cricket Stadium, Lucknow",Lucknow,T20,Indian Premier League,Mumbai Indians,field,Lucknow Super Giants,12 runs,DS Rathi,,,,Lucknow Super Giants,Mumbai Indians,203,8,191.0,5.0,Lucknow Super Giants,Mumbai Indians,Batting First,False
1473454,2025-04-05,2025,2025,"MA Chidambaram Stadium, Chepauk, Chennai",Chennai,T20,Indian Premier League,Delhi Capitals,bat,Delhi Capitals,25 runs,KL Rahul,,,,Delhi Capitals,Chennai Super Kings,183,6,158.0,5.0,Delhi Capitals,Chennai Super Kings,Batting First,True
1473455,2025-04-05,2025,2025,"Maharaja Yadavindra Singh International Cricket Stadium, Mullanpur",Mohali,T20,Indian Premier League,Punjab Kings,field,Rajasthan Royals,50 runs,JC Archer,,,,Rajasthan Royals,Punjab Kings,205,4,155.0,9.0,Rajasthan Royals,Punjab Kings,Batting First,False
1473457,2025-04-06,2025,2025,"Rajiv Gandhi International Stadium, Uppal, Hyderabad",Hyderabad,T20,Indian Premier League,Gujarat Titans,field,Gujarat Titans,7 wickets,Mohammed Siraj,,,,Sunrisers Hyderabad,Gujarat Titans,152,8,153.0,3.0,Sunrisers Hyderabad,Gujarat Titans,Chasing,True
1473458,2025-04-07,2025,2025,"Wankhede Stadium, Mumbai",Mumbai,T20,Indian Premier League,Mumbai Indians,field,Royal Challengers Bengaluru,12 runs,RM Patidar,,,,Royal Challengers Bengaluru,Mumbai Indians,221,5,209.0,9.0,Royal Challengers Bengaluru,Mumbai Indians,Batting First,False
1473456,2025-04-08,2025,2025,"Eden Gardens, Kolkata",Kolkata,T20,Indian Premier League,Kolkata Knight Riders,field,Lucknow Super Giants,4 runs,N Pooran,,,,Lucknow Super Giants,Kolkata Knight Riders,238,3,234.0,7.0,Lucknow Super Giants,Kolkata Knight Riders,Batting First,False
1473459,2025-04-08,2025,2025,"Maharaja Yadavindra Singh International Cricket Stadium, Mullanpur",Mohali,T20,Indian Premier League,Punjab Kings,bat,Punjab Kings,18 runs,Priyansh Arya,,,,Punjab Kings,Chennai Super Kings,219,6,201.0,5.0,Punjab Kings,Chennai Super Kings,Batting First,True
1473460,2025-04-09,2025,2025,"Narendra Modi Stadium, Ahmedabad",Ahmedabad,T20,Indian Premier League,Rajasthan Royals,field,Gujarat Titans,58 runs,B Sai Sudharsan,,,,Gujarat Titans,Rajasthan Royals,217,6,159.0,10.0,Gujarat Titans,Rajasthan Royals,Batting First,False
1473461,2025-04-10,2025,2025,"M Chinnaswamy Stadium, Bengaluru",Bengaluru,T20,Indian Premier League,Delhi Capitals,field,Delhi Capitals,6 wickets,KL Rahul,,,,Royal Challengers Bengaluru,Delhi Capitals,163,7,169.0,4.0,Royal Challengers Bengaluru,Delhi Capitals,Chasing,True
1473462,2025-04-11,2025,2025,"MA Chidambaram Stadium, Chepauk, Chennai",Chennai,T20,Indian Premier League,Kolkata Knight Riders,field,Kolkata Knight Riders,8 wickets,SP Narine,,,,Chennai Super Kings,Kolkata Knight Riders,103,9,107.0,2.0,Chennai Super Kings,Kolkata Knight Riders,Chasing,True
1473463,2025-04-12,2025,2025,"Bharat Ratna Shri Atal Bihari Vajpayee Ekana Cricket Stadium, Lucknow",Lucknow,T20,Indian Premier League,Lucknow Super Giants,field,Lucknow Super Giants,6 wickets,AK Markram,,,,Gujarat Titans,Lucknow Super Giants,180,6,186.0,4.0,Gujarat Titans,Lucknow Super Giants,Chasing,True
1473464,2025-04-12,2025,2025,"Rajiv Gandhi International Stadium, Uppal, Hyderabad",Hyderabad,T20,Indian Premier League,Punjab Kings,bat,Sunrisers Hyderabad,8 wickets,Abhishek Sharma,,,,Punjab Kings,Sunrisers Hyderabad,245,6,247.0,2.0,Punjab Kings,Sunrisers Hyderabad,Chasing,False
1473465,2025-04-13,2025,2025,"Sawai Mansingh Stadium, Jaipur",Jaipur,T20,Indian Premier League,Royal Challengers Bengaluru,field,Royal Challengers Bengaluru,9 wickets,PD Salt,,,,Rajasthan Royals,Royal Challengers Bengaluru,173,4,175.0,1.0,Rajasthan Royals,Royal Challengers Bengaluru,Chasing,True
1473466,2025-04-13,2025,2025,"Arun Jaitley Stadium, Delhi",Delhi,T20,Indian Premier League,Delhi Capitals,field,Mumbai Indians,12 runs,KV Sharma,,,,Mumbai Indians,Delhi Capitals,205,5,193.0,10.0,Mumbai Indians,Delhi Capitals,Batting First,False
1473467,2025-04-14,2025,2025,"Bharat Ratna Shri Atal Bihari Vajpayee Ekana Cricket Stadium, Lucknow",Lucknow,T20,Indian Premier League,Chennai Super Kings,field,Chennai Super Kings,5 wickets,MS Dhoni,,,,Lucknow Super Giants,Chennai Super Kings,166,7,168.0,5.0,Lucknow Super Giants,Chennai Super Kings,Chasing,True
1473468,2025-04-15,2025,2025,"Maharaja Yadavindra Singh International Cricket Stadium, Mullanpur",Mohali,T20,Indian Premier League,Punjab Kings,bat,Punjab Kings,16 runs,YS Chahal,,,,Punjab Kings,Kolkata Knight Riders,111,10,95.0,10.0,Punjab Kings,Kolkata Knight Riders,Batting First,True
1473469,2025-04-16,2025,2025,"Arun Jaitley Stadium, Delhi",Delhi,T20,Indian Premier League,Rajasthan Royals,field,Unknown,,MA Starc,tie,,Delhi Capitals,Delhi Capitals,Rajasthan Royals,188,5,188.0,5.0,Delhi Capitals,Rajasthan Royals,Tie / No Result,False
1473470,2025-04-17,2025,2025,"Wankhede Stadium, Mumbai",Mumbai,T20,Indian Premier League,Mumbai Indians,field,Mumbai Indians,4 wickets,WG Jacks,,,,Sunrisers Hyderabad,Mumbai Indians,162,5,166.0,6.0,Sunrisers Hyderabad,Mumbai Indians,Chasing,True
1473471,2025-04-18,2025,2025,"M Chinnaswamy Stadium, Bengaluru",Bengaluru,T20,Indian Premier League,Punjab Kings,field,Punjab Kings,5 wickets,TH David,,,,Royal Challengers Bengaluru,Punjab Kings,95,9,98.0,5.0,Royal Challengers Bengaluru,Punjab Kings,Chasing,True
1473472,2025-04-19,2025,2025,"Narendra Modi Stadium, Ahmedabad",Ahmedabad,T20,Indian Premier League,Gujarat Titans,field,Gujarat Titans,7 wickets,JC Buttler,,,,Delhi Capitals,Gujarat Titans,203,8,204.0,3.0,Delhi Capitals,Gujarat Titans,Chasing,True
1473473,2025-04-19,2025,2025,"Sawai Mansingh Stadium, Jaipur",Jaipur,T20,Indian Premier League,Lucknow Super Giants,bat,Lucknow Super Giants,2 runs,Avesh Khan,,,,Lucknow Super Giants,Rajasthan Royals,180,5,178.0,5.0,Lucknow Super Giants,Rajasthan Royals,Batting First,True
1473474,2025-04-20,2025,2025,"Maharaja Yadavindra Singh International Cricket Stadium, Mullanpur",Mohali,T20,Indian Premier League,Royal Challengers Bengaluru,field,Royal Challengers Bengaluru,7 wickets,V Kohli,,,,Punjab Kings,Royal Challengers Bengaluru,157,6,159.0,3.0,Punjab Kings,Royal Challengers Bengaluru,Chasing,True
1473475,2025-04-20,2025,2025,"Wankhede Stadium, Mumbai",Mumbai,T20,Indian Premier League,Mumbai Indians,field,Mumbai Indians,9 wickets,RG Sharma,,,,Chennai Super Kings,Mumbai Indians,176,5,177.0,1.0,Chennai Super Kings,Mumbai Indians,Chasing,True
1473476,2025-04-21,2025,2025,"Eden Gardens, Kolkata",Kolkata,T20,Indian Premier League,Kolkata Knight Riders,field,Gujarat Titans,39 runs,Shubman Gill,,,,Gujarat Titans,Kolkata Knight Riders,198,3,159.0,8.0,Gujarat Titans,Kolkata Knight Riders,Batting First,False
1473477,2025-04-22,2025,2025,"Bharat Ratna Shri Atal Bihari Vajpayee Ekana Cricket Stadium, Lucknow",Lucknow,T20,Indian Premier League,Delhi Capitals,field,Delhi Capitals,8 wickets,Mukesh Kumar,,,,Lucknow Super Giants,Delhi Capitals,159,6,161.0,2.0,Lucknow Super Giants,Delhi Capitals,Chasing,True
1473478,2025-04-23,2025,2025,"Rajiv Gandhi International Stadium, Uppal, Hyderabad",Hyderabad,T20,Indian Premier League,Mumbai Indians,field,Mumbai Indians,7 wickets,TA Boult,,,,Sunrisers Hyderabad,Mumbai Indians,143,8,146.0,3.0,Sunrisers Hyderabad,Mumbai Indians,Chasing,True
1473479,2025-04-24,2025,2025,"M Chinnaswamy Stadium, Bengaluru",Bengaluru,T20,Indian Premier League,Rajasthan Royals,field,Royal Challengers Bengaluru,11 runs,JR Hazlewood,,,,Royal Challengers Bengaluru,Rajasthan Royals,205,5,194.0,9.0,Royal Challengers Bengaluru,Rajasthan Royals,Batting First,False
1473480,2025-04-25,2025,2025,"MA Chidambaram Stadium, Chepauk, Chennai",Chennai,T20,Indian Premier League,Sunrisers Hyderabad,field,Sunrisers Hyderabad,5 wickets,HV Patel,,,,Chennai Super Kings,Sunrisers Hyderabad,154,10,155.0,5.0,Chennai Super Kings,Sunrisers Hyderabad,Chasing,True
1473481,2025-04-26,2025,2025,"Eden Gardens, Kolkata",Kolkata,T20,Indian Premier League,Punjab Kings,bat,Unknown,,Unknown,no result,,,Punjab Kings,Kolkata Knight Riders,201,4,7.0,0.0,Punjab Kings,Kolkata Knight Riders,Tie / No Result,False
1473482,2025-04-27,2025,2025,"Wankhede Stadium, Mumbai",Mumbai,T20,Indian Premier League,Lucknow Super Giants,field,Mumbai Indians,54 runs,WG Jacks,,,,Mumbai Indians,Lucknow Super Giants,215,7,161.0,10.0,Mumbai Indians,Lucknow Super Giants,Batting First,False
1473483,2025-04-27,2025,2025,"Arun Jaitley Stadium, Delhi",Delhi,T20,Indian Premier League,Royal Challengers Bengaluru,field,Royal Challengers Bengaluru,6 wickets,KH Pandya,,,,Delhi Capitals,Royal Challengers Bengaluru,162,8,165.0,4.0,Delhi Capitals,Royal Challengers Bengaluru,Chasing,True
1473484,2025-04-28,2025,2025,"Sawai Mansingh Stadium, Jaipur",Jaipur,T20,Indian Premier League,Rajasthan Royals,field,Rajasthan Royals,8 wickets,V Suryavanshi,,,,Gujarat Titans,Rajasthan Royals,209,4,212.0,2.0,Gujarat Titans,Rajasthan Royals,Chasing,True
1473485,2025-04-29,2025,2025,"Arun Jaitley Stadium, Delhi",Delhi,T20,Indian Premier League,Delhi Capitals,field,Kolkata Knight Riders,14 runs,SP Narine,,,,Kolkata Knight Riders,Delhi Capitals,204,9,190.0,9.0,Kolkata Knight Riders,Delhi Capitals,Batting First,False
1473486,2025-04-30,2025,2025,"MA Chidambaram Stadium, Chepauk, Chennai",Chennai,T20,Indian Premier League,Punjab Kings,field,Punjab Kings,4 wickets,SS Iyer,,,,Chennai Super Kings,Punjab Kings,190,10,194.0,6.0,Chennai Super Kings,Punjab Kings,Chasing,True
1473487,2025-05-01,2025,2025,"Sawai Mansingh Stadium, Jaipur",Jaipur,T20,Indian Premier League,Rajasthan Royals,field,Mumbai Indians,100 runs,RD Rickelton,,,,Mumbai Indians,Rajasthan Royals,217,2,117.0,10.0,Mumbai Indians,Rajasthan Royals,Batting First,False
1473488,2025-05-02,2025,2025,"Narendra Modi Stadium, Ahmedabad",Ahmedabad,T20,Indian Premier League,Sunrisers Hyderabad,field,Gujarat Titans,38 runs,M Prasidh Krishna,,,,Gujarat Titans,Sunrisers Hyderabad,224,6,186.0,6.0,Gujarat Titans,Sunrisers Hyderabad,Batting First,False
1473489,2025-05-03,2025,2025,"M Chinnaswamy Stadium, Bengaluru",Bengaluru,T20,Indian Premier League,Chennai Super Kings,field,Royal Challengers Bengaluru,2 runs,R Shepherd,,,,Royal Challengers Bengaluru,Chennai Super Kings,213,5,211.0,5.0,Royal Challengers Bengaluru,Chennai Super Kings,Batting First,False
1473490,2025-05-04,2025,2025,"Eden Gardens, Kolkata",Kolkata,T20,Indian Premier League,Kolkata Knight Riders,bat,Kolkata Knight Riders,1 runs,AD Russell,,,,Kolkata Knight Riders,Rajasthan Royals,206,4,205.0,8.0,Kolkata Knight Riders,Rajasthan Royals,Batting First,True
1473491,2025-05-04,2025,2025,"Himachal Pradesh Cricket Association Stadium, Dharamsala",Dharamsala,T20,Indian Premier League,Lucknow Super Giants,field,Punjab Kings,37 runs,P Simran Singh,,,,Punjab Kings,Lucknow Super Giants,236,5,199.0,7.0,Punjab Kings,Lucknow Super Giants,Batting First,False
1473492,2025-05-05,2025,2025,"Rajiv Gandhi International Stadium, Uppal, Hyderabad",Hyderabad,T20,Indian Premier League,Sunrisers Hyderabad,field,Unknown,,Unknown,no result,,,Delhi Capitals,Sunrisers Hyderabad,133,7,,,Delhi Capitals,Sunrisers Hyderabad,Tie / No Result,False
1473493,2025-05-06,2025,2025,"Wankhede Stadium, Mumbai",Mumbai,T20,Indian Premier League,Gujarat Titans,field,Gujarat Titans,3 wickets,Shubman Gill,,D/L,,Mumbai Indians,Gujarat Titans,155,8,147.0,7.0,Mumbai Indians,Gujarat Titans,Chasing,True
1473494,2025-05-07,2025,2025,"Eden Gardens, Kolkata",Kolkata,T20,Indian Premier League,Kolkata Knight Riders,bat,Chennai Super Kings,2 wickets,Noor Ahmad,,,,Kolkata Knight Riders,Chennai Super Kings,179,6,183.0,8.0,Kolkata Knight Riders,Chennai Super Kings,Chasing,False
1473495,2025-05-08,2025,2025,"Himachal Pradesh Cricket Association Stadium, Dharamsala",Dharamsala,T20,Indian Premier League,Punjab Kings,bat,Unknown,,Unknown,no result,,,Punjab Kings,Delhi Capitals,122,1,,,Punjab Kings,Delhi Capitals,Tie / No Result,False
1473497,2025-05-18,2025,2025,"Sawai Mansingh Stadium, Jaipur",Jaipur,T20,Indian Premier League,Punjab Kings,bat,Punjab Kings,10 runs,Harpreet Brar,,,,Punjab Kings,Rajasthan Royals,219,5,209.0,7.0,Punjab Kings,Rajasthan Royals,Batting First,True
1473498,2025-05-18,2025,2025,"Arun Jaitley Stadium, Delhi",Delhi,T20,Indian Premier League,Gujarat Titans,field,Gujarat Titans,10 wickets,B Sai Sudharsan,,,,Delhi Capitals,Gujarat Titans,199,3,205.0,0.0,Delhi Capitals,Gujarat Titans,Chasing,True
1473499,2025-05-19,2025,2025,"Bharat Ratna Shri Atal Bihari Vajpayee Ekana Cricket Stadium, Lucknow",Lucknow,T20,Indian Premier League,Sunrisers Hyderabad,field,Sunrisers Hyderabad,6 wickets,Abhishek Sharma,,,,Lucknow Super Giants,Sunrisers Hyderabad,205,7,206.0,5.0,Lucknow Super Giants,Sunrisers Hyderabad,Chasing,True
1473500,2025-05-20,2025,2025,"Arun Jaitley Stadium, Delhi",Delhi,T20,Indian Premier League,Rajasthan Royals,field,Rajasthan Royals,6 wickets,Akash Madhwal,,,,Chennai Super Kings,Rajasthan Royals,187,8,188.0,4.0,Chennai Super Kings,Rajasthan Royals,Chasing,True
1473501,2025-05-21,2025,2025,"Wankhede Stadium, Mumbai",Mumbai,T20,Indian Premier League,Delhi Capitals,field,Mumbai Indians,59 runs,SA Yadav,,,,Mumbai Indians,Delhi Capitals,180,5,121.0,10.0,Mumbai Indians,Delhi Capitals,Batting First,False
1473502,2025-05-22,2025,2025,"Narendra Modi Stadium, Ahmedabad",Ahmedabad,T20,Indian Premier League,Gujarat Titans,field,Lucknow Super Giants,33 runs,MR Marsh,,,,Lucknow Super Giants,Gujarat Titans,235,2,202.0,9.0,Lucknow Super Giants,Gujarat Titans,Batting First,False
1473503,2025-05-23,2025,2025,"Bharat Ratna Shri Atal Bihari Vajpayee Ekana Cricket Stadium, Lucknow",Lucknow,T20,Indian Premier League,Royal Challengers Bengaluru,field,Sunrisers Hyderabad,42 runs,Ishan Kishan,,,,Sunrisers Hyderabad,Royal Challengers Bengaluru,231,6,189.0,10.0,Sunrisers Hyderabad,Royal Challengers Bengaluru,Batting First,False
1485779,2025-05-24,2025,2025,"Sawai Mansingh Stadium, Jaipur",Jaipur,T20,Indian Premier League,Delhi Capitals,field,Delhi Capitals,6 wickets,Sameer Rizvi,,,,Punjab Kings,Delhi Capitals,206,8,208.0,4.0,Punjab Kings,Delhi Capitals,Chasing,True
1473504,2025-05-25,2025,2025,"Narendra Modi Stadium, Ahmedabad",Ahmedabad,T20,Indian Premier League,Chennai Super Kings,bat,Chennai Super Kings,83 runs,D Brevis,,,,Chennai Super Kings,Gujarat Titans,230,5,147.0,10.0,Chennai Super Kings,Gujarat Titans,Batting First,True
1473505,2025-05-25,2025,2025,"Arun Jaitley Stadium, Delhi",Delhi,T20,Indian Premier League,Sunrisers Hyderabad,bat,Sunrisers Hyderabad,110 runs,H Klaasen,,,,Sunrisers Hyderabad,Kolkata Knight Riders,278,3,168.0,10.0,Sunrisers Hyderabad,Kolkata Knight Riders,Batting First,True
1473506,2025-05-26,2025,2025,"Sawai Mansingh Stadium, Jaipur",Jaipur,T20,Indian Premier League,Punjab Kings,field,Punjab Kings,7 wickets,JP Inglis,,,,Mumbai Indians,Punjab Kings,184,7,187.0,3.0,Mumbai Indians,Punjab Kings,Chasing,True
1473507,2025-05-27,2025,2025,"Bharat Ratna Shri Atal Bihari Vajpayee Ekana Cricket Stadium, Lucknow",Lucknow,T20,Indian Premier League,Royal Challengers Bengaluru,field,Royal Challengers Bengaluru,6 wickets,JM Sharma,,,,Lucknow Super Giants,Royal Challengers Bengaluru,227,3,230.0,4.0,Lucknow Super Giants,Royal Challengers Bengaluru,Chasing,True
1473508,2025-05-29,2025,2025,"Maharaja Yadavindra Singh International Cricket Stadium, Mullanpur",New Chandigarh,T20,Indian Premier League,Royal Challengers Bengaluru,field,Royal Challengers Bengaluru,8 wickets,Suyash Sharma,,,,Punjab Kings,Royal Challengers Bengaluru,101,10,106.0,2.0,Punjab Kings,Royal Challengers Bengaluru,Chasing,True
1473509,2025-05-30,2025,2025,"Maharaja Yadavindra Singh International Cricket Stadium, New Chandigarh",New Chandigarh,T20,Indian Premier League,Mumbai Indians,bat,Mumbai Indians,20 runs,RG Sharma,,,,Mumbai Indians,Gujarat Titans,228,5,208.0,6.0,Mumbai Indians,Gujarat Titans,Batting First,True
1473510,2025-06-01,2025,2025,"Narendra Modi Stadium, Ahmedabad",Ahmedabad,T20,Indian Premier League,Punjab Kings,field,Punjab Kings,5 wickets,SS Iyer,,,,Mumbai Indians,Punjab Kings,203,6,207.0,5.0,Mumbai Indians,Punjab Kings,Chasing,True
1473511,2025-06-03,2025,2025,"Narendra Modi Stadium, Ahmedabad",Ahmedabad,T20,Indian Premier League,Punjab Kings,field,Royal Challengers Bengaluru,6 runs,KH Pandya,,,,Royal Challengers Bengaluru,Punjab Kings,190,9,184.0,7.0,Royal Challengers Bengaluru,Punjab Kings,Batting First,False
1527674,2026-03-28,2026,2026,"M Chinnaswamy Stadium, Bengaluru",Bengaluru,T20,Indian Premier League,Royal Challengers Bengaluru,field,Royal Challengers Bengaluru,6 wickets,JA Duffy,,,,Sunrisers Hyderabad,Royal Challengers Bengaluru,201,9,203.0,4.0,Sunrisers Hyderabad,Royal Challengers Bengaluru,Chasing,True
1527675,2026-03-29,2026,2026,"Wankhede Stadium, Mumbai",Mumbai,T20,Indian Premier League,Mumbai Indians,field,Mumbai Indians,6 wickets,SN Thakur,,,,Kolkata Knight Riders,Mumbai Indians,220,4,224.0,4.0,Kolkata Knight Riders,Mumbai Indians,Chasing,True
1527676,2026-03-30,2026,2026,"Barsapara Cricket Stadium, Guwahati",Guwahati,T20,Indian Premier League,Rajasthan Royals,field,Rajasthan Royals,8 wickets,N Burger,,,,Chennai Super Kings,Rajasthan Royals,127,10,128.0,2.0,Chennai Super Kings,Rajasthan Royals,Chasing,True
1527677,2026-03-31,2026,2026,"Maharaja Yadavindra Singh International Cricket Stadium, New Chandigarh",New Chandigarh,T20,Indian Premier League,Punjab Kings,field,Punjab Kings,3 wickets,C Connolly,,,,Gujarat Titans,Punjab Kings,162,6,165.0,7.0,Gujarat Titans,Punjab Kings,Chasing,True
1527678,2026-04-01,2026,2026,"Bharat Ratna Shri Atal Bihari Vajpayee Ekana Cricket Stadium, Lucknow",Lucknow,T20,Indian Premier League,Delhi Capitals,field,Delhi Capitals,6 wickets,Sameer Rizvi,,,,Lucknow Super Giants,Delhi Capitals,141,10,145.0,4.0,Lucknow Super Giants,Delhi Capitals,Chasing,True
1527679,2026-04-02,2026,2026,"Eden Gardens, Kolkata",Kolkata,T20,Indian Premier League,Kolkata Knight Riders,field,Sunrisers Hyderabad,65 runs,Nithish Kumar Reddy,,,,Sunrisers Hyderabad,Kolkata Knight Riders,226,8,161.0,10.0,Sunrisers Hyderabad,Kolkata Knight Riders,Batting First,False
1527680,2026-04-03,2026,2026,"MA Chidambaram Stadium, Chepauk, Chennai",Chennai,T20,Indian Premier League,Punjab Kings,field,Punjab Kings,5 wickets,Priyansh Arya,,,,Chennai Super Kings,Punjab Kings,209,5,210.0,5.0,Chennai Super Kings,Punjab Kings,Chasing,True
1527681,2026-04-04,2026,2026,"Arun Jaitley Stadium, Delhi",Delhi,T20,Indian Premier League,Delhi Capitals,field,Delhi Capitals,6 wickets,Sameer Rizvi,,,,Mumbai Indians,Delhi Capitals,162,6,164.0,4.0,Mumbai Indians,Delhi Capitals,Chasing,True
1527682,2026-04-04,2026,2026,"Narendra Modi Stadium, Ahmedabad",Ahmedabad,T20,Indian Premier League,Rajasthan Royals,bat,Rajasthan Royals,6 runs,Ravi Bishnoi,,,,Rajasthan Royals,Gujarat Titans,210,6,204.0,8.0,Rajasthan Royals,Gujarat Titans,Batting First,True
1527683,2026-04-05,2026,2026,"Rajiv Gandhi International Stadium, Uppal, Hyderabad",Hyderabad,T20,Indian Premier League,Lucknow Super Giants,field,Lucknow Super Giants,5 wickets,Mohammed Shami,,,,Sunrisers Hyderabad,Lucknow Super Giants,156,9,160.0,5.0,Sunrisers Hyderabad,Lucknow Super Giants,Chasing,True
1527684,2026-04-05,2026,2026,"M Chinnaswamy Stadium, Bengaluru",Bengaluru,T20,Indian Premier League,Chennai Super Kings,field,Royal Challengers Bengaluru,43 runs,TH David,,,,Royal Challengers Bengaluru,Chennai Super Kings,250,3,207.0,10.0,Royal Challengers Bengaluru,Chennai Super Kings,Batting First,False
1527685,2026-04-06,2026,2026,"Eden Gardens, Kolkata",Kolkata,T20,Indian Premier League,Kolkata Knight Riders,bat,Unknown,,Unknown,no result,,,Kolkata Knight Riders,Punjab Kings,25,2,,,Kolkata Knight Riders,Punjab Kings,Tie / No Result,False
1527686,2026-04-07,2026,2026,"Barsapara Cricket Stadium, Guwahati",Guwahati,T20,Indian Premier League,Mumbai Indians,field,Rajasthan Royals,27 runs,YBK Jaiswal,,,,Rajasthan Royals,Mumbai Indians,150,3,123.0,9.0,Rajasthan Royals,Mumbai Indians,Batting First,False
1527687,2026-04-08,2026,2026,"Arun Jaitley Stadium, Delhi",Delhi,T20,Indian Premier League,Delhi Capitals,field,Gujarat Titans,1 runs,Rashid Khan,,,,Gujarat Titans,Delhi Capitals,210,4,209.0,8.0,Gujarat Titans,Delhi Capitals,Batting First,False
1527688,2026-04-09,2026,2026,"Eden Gardens, Kolkata",Kolkata,T20,Indian Premier League,Lucknow Super Giants,field,Lucknow Super Giants,3 wickets,MD Choudhary,,,,Kolkata Knight Riders,Lucknow Super Giants,181,4,182.0,7.0,Kolkata Knight Riders,Lucknow Super Giants,Chasing,True
1527689,2026-04-10,2026,2026,"Barsapara Cricket Stadium, Guwahati",Guwahati,T20,Indian Premier League,Rajasthan Royals,field,Rajasthan Royals,6 wickets,V Suryavanshi,,,,Royal Challengers Bengaluru,Rajasthan Royals,201,8,202.0,4.0,Royal Challengers Bengaluru,Rajasthan Royals,Chasing,True
1527690,2026-04-11,2026,2026,"Maharaja Yadavindra Singh International Cricket Stadium, New Chandigarh",New Chandigarh,T20,Indian Premier League,Punjab Kings,field,Punjab Kings,6 wickets,SS Iyer,,,,Sunrisers Hyderabad,Punjab Kings,219,6,223.0,4.0,Sunrisers Hyderabad,Punjab Kings,Chasing,True
1527691,2026-04-11,2026,2026,"MA Chidambaram Stadium, Chepauk, Chennai",Chennai,T20,Indian Premier League,Delhi Capitals,field,Chennai Super Kings,23 runs,SV Samson,,,,Chennai Super Kings,Delhi Capitals,212,2,189.0,10.0,Chennai Super Kings,Delhi Capitals,Batting First,False
1527692,2026-04-12,2026,2026,"Bharat Ratna Shri Atal Bihari Vajpayee Ekana Cricket Stadium, Lucknow",Lucknow,T20,Indian Premier League,Gujarat Titans,field,Gujarat Titans,7 wickets,M Prasidh Krishna,,,,Lucknow Super Giants,Gujarat Titans,164,8,165.0,3.0,Lucknow Super Giants,Gujarat Titans,Chasing,True
1527693,2026-04-12,2026,2026,"Wankhede Stadium, Mumbai",Mumbai,T20,Indian Premier League,Mumbai Indians,field,Royal Challengers Bengaluru,18 runs,PD Salt,,,,Royal Challengers Bengaluru,Mumbai Indians,240,4,222.0,6.0,Royal Challengers Bengaluru,Mumbai Indians,Batting First,False
1529264,2026-04-13,2026,2026,"Rajiv Gandhi International Stadium, Uppal, Hyderabad",Hyderabad,T20,Indian Premier League,Rajasthan Royals,field,Sunrisers Hyderabad,57 runs,PP Hinge,,,,Sunrisers Hyderabad,Rajasthan Royals,216,6,159.0,10.0,Sunrisers Hyderabad,Rajasthan Royals,Batting First,False
1529265,2026-04-14,2026,2026,"MA Chidambaram Stadium, Chepauk, Chennai",Chennai,T20,Indian Premier League,Kolkata Knight Riders,field,Chennai Super Kings,32 runs,Noor Ahmad,,,,Chennai Super Kings,Kolkata Knight Riders,192,5,160.0,7.0,Chennai Super Kings,Kolkata Knight Riders,Batting First,False
1529266,2026-04-15,2026,2026,"M Chinnaswamy Stadium, Bengaluru",Bengaluru,T20,Indian Premier League,Royal Challengers Bengaluru,field,Royal Challengers Bengaluru,5 wickets,JR Hazlewood,,,,Lucknow Super Giants,Royal Challengers Bengaluru,146,10,149.0,5.0,Lucknow Super Giants,Royal Challengers Bengaluru,Chasing,True
1529267,2026-04-16,2026,2026,"Wankhede Stadium, Mumbai",Mumbai,T20,Indian Premier League,Punjab Kings,field,Punjab Kings,7 wickets,Arshdeep Singh,,,,Mumbai Indians,Punjab Kings,195,6,198.0,3.0,Mumbai Indians,Punjab Kings,Chasing,True
1529268,2026-04-17,2026,2026,"Narendra Modi Stadium, Ahmedabad",Ahmedabad,T20,Indian Premier League,Kolkata Knight Riders,bat,Gujarat Titans,5 wickets,Shubman Gill,,,,Kolkata Knight Riders,Gujarat Titans,180,10,181.0,5.0,Kolkata Knight Riders,Gujarat Titans,Chasing,False
1529269,2026-04-18,2026,2026,"M Chinnaswamy Stadium, Bengaluru",Bengaluru,T20,Indian Premier League,Delhi Capitals,field,Delhi Capitals,6 wickets,T Stubbs,,,,Royal Challengers Bengaluru,Delhi Capitals,175,8,179.0,5.0,Royal Challengers Bengaluru,Delhi Capitals,Chasing,True
1529270,2026-04-18,2026,2026,"Rajiv Gandhi International Stadium, Uppal, Hyderabad",Hyderabad,T20,Indian Premier League,Chennai Super Kings,field,Sunrisers Hyderabad,10 runs,E Malinga,,,,Sunrisers Hyderabad,Chennai Super Kings,194,9,184.0,8.0,Sunrisers Hyderabad,Chennai Super Kings,Batting First,False
1529271,2026-04-19,2026,2026,"Eden Gardens, Kolkata",Kolkata,T20,Indian Premier League,Rajasthan Royals,bat,Kolkata Knight Riders,4 wickets,CV Varun,,,,Rajasthan Royals,Kolkata Knight Riders,155,9,161.0,6.0,Rajasthan Royals,Kolkata Knight Riders,Chasing,False
1529272,2026-04-19,2026,2026,"Maharaja Yadavindra Singh International Cricket Stadium, New Chandigarh",New Chandigarh,T20,Indian Premier League,Lucknow Super Giants,field,Punjab Kings,54 runs,Priyansh Arya,,,,Punjab Kings,Lucknow Super Giants,254,7,200.0,5.0,Punjab Kings,Lucknow Super Giants,Batting First,False
1529273,2026-04-20,2026,2026,"Narendra Modi Stadium, Ahmedabad",Ahmedabad,T20,Indian Premier League,Gujarat Titans,field,Mumbai Indians,99 runs,Tilak Varma,,,,Mumbai Indians,Gujarat Titans,199,5,100.0,10.0,Mumbai Indians,Gujarat Titans,Batting First,False
1529274,2026-04-21,2026,2026,"Rajiv Gandhi International Stadium, Uppal, Hyderabad",Hyderabad,T20,Indian Premier League,Delhi Capitals,field,Sunrisers Hyderabad,47 runs,Abhishek Sharma,,,,Sunrisers Hyderabad,Delhi Capitals,242,2,195.0,9.0,Sunrisers Hyderabad,Delhi Capitals,Batting First,False
1529275,2026-04-22,2026,2026,"Bharat Ratna Shri Atal Bihari Vajpayee Ekana Cricket Stadium, Lucknow",Lucknow,T20,Indian Premier League,Lucknow Super Giants,field,Rajasthan Royals,40 runs,RA Jadeja,,,,Rajasthan Royals,Lucknow Super Giants,159,6,119.0,10.0,Rajasthan Royals,Lucknow Super Giants,Batting First,False
1529276,2026-04-23,2026,2026,"Wankhede Stadium, Mumbai",Mumbai,T20,Indian Premier League,Mumbai Indians,field,Chennai Super Kings,103 runs,SV Samson,,,,Chennai Super Kings,Mumbai Indians,207,6,104.0,10.0,Chennai Super Kings,Mumbai Indians,Batting First,False
1529277,2026-04-24,2026,2026,"M Chinnaswamy Stadium, Bengaluru",Bengaluru,T20,Indian Premier League,Royal Challengers Bengaluru,field,Royal Challengers Bengaluru,5 wickets,V Kohli,,,,Gujarat Titans,Royal Challengers Bengaluru,205,3,206.0,5.0,Gujarat Titans,Royal Challengers Bengaluru,Chasing,True
1529278,2026-04-25,2026,2026,"Arun Jaitley Stadium, Delhi",Delhi,T20,Indian Premier League,Delhi Capitals,bat,Punjab Kings,6 wickets,KL Rahul,,,,Delhi Capitals,Punjab Kings,264,2,265.0,4.0,Delhi Capitals,Punjab Kings,Chasing,False
1529279,2026-04-25,2026,2026,"Sawai Mansingh Stadium, Jaipur",Jaipur,T20,Indian Premier League,Sunrisers Hyderabad,field,Sunrisers Hyderabad,5 wickets,Ishan Kishan,,,,Rajasthan Royals,Sunrisers Hyderabad,228,6,229.0,5.0,Rajasthan Royals,Sunrisers Hyderabad,Chasing,True
1529280,2026-04-26,2026,2026,"MA Chidambaram Stadium, Chepauk, Chennai",Chennai,T20,Indian Premier League,Gujarat Titans,field,Gujarat Titans,8 wickets,K Rabada,,,,Chennai Super Kings,Gujarat Titans,158,7,162.0,2.0,Chennai Super Kings,Gujarat Titans,Chasing,True
1529281,2026-04-26,2026,2026,"Bharat Ratna Shri Atal Bihari Vajpayee Ekana Cricket Stadium, Lucknow",Lucknow,T20,Indian Premier League,Lucknow Super Giants,field,Unknown,,RK Singh,tie,,Kolkata Knight Riders,Kolkata Knight Riders,Lucknow Super Giants,155,7,155.0,8.0,Kolkata Knight Riders,Lucknow Super Giants,Tie / No Result,False
1529282,2026-04-27,2026,2026,"Arun Jaitley Stadium, Delhi",Delhi,T20,Indian Premier League,Royal Challengers Bengaluru,field,Royal Challengers Bengaluru,9 wickets,JR Hazlewood,,,,Delhi Capitals,Royal Challengers Bengaluru,75,10,77.0,1.0,Delhi Capitals,Royal Challengers Bengaluru,Chasing,True
1529283,2026-04-28,2026,2026,"Maharaja Yadavindra Singh International Cricket Stadium, New Chandigarh",New Chandigarh,T20,Indian Premier League,Rajasthan Royals,field,Rajasthan Royals,6 wickets,D Ferreira,,,,Punjab Kings,Rajasthan Royals,222,4,228.0,4.0,Punjab Kings,Rajasthan Royals,Chasing,True
1529284,2026-04-29,2026,2026,"Wankhede Stadium, Mumbai",Mumbai,T20,Indian Premier League,Mumbai Indians,bat,Sunrisers Hyderabad,6 wickets,H Klaasen,,,,Mumbai Indians,Sunrisers Hyderabad,243,5,249.0,4.0,Mumbai Indians,Sunrisers Hyderabad,Chasing,False
1529285,2026-04-30,2026,2026,"Narendra Modi Stadium, Ahmedabad",Ahmedabad,T20,Indian Premier League,Gujarat Titans,field,Gujarat Titans,4 wickets,JO Holder,,,,Royal Challengers Bengaluru,Gujarat Titans,155,10,158.0,6.0,Royal Challengers Bengaluru,Gujarat Titans,Chasing,True
1529286,2026-05-01,2026,2026,"Sawai Mansingh Stadium, Jaipur",Jaipur,T20,Indian Premier League,Rajasthan Royals,bat,Delhi Capitals,7 wickets,KL Rahul,,,,Rajasthan Royals,Delhi Capitals,225,6,226.0,3.0,Rajasthan Royals,Delhi Capitals,Chasing,False
1529287,2026-05-02,2026,2026,"MA Chidambaram Stadium, Chepauk, Chennai",Chennai,T20,Indian Premier League,Mumbai Indians,bat,Chennai Super Kings,8 wickets,RD Gaikwad,,,,Mumbai Indians,Chennai Super Kings,159,7,160.0,2.0,Mumbai Indians,Chennai Super Kings,Chasing,False
1529288,2026-05-03,2026,2026,"Rajiv Gandhi International Stadium, Uppal, Hyderabad",Hyderabad,T20,Indian Premier League,Sunrisers Hyderabad,bat,Kolkata Knight Riders,7 wickets,CV Varun,,,,Sunrisers Hyderabad,Kolkata Knight Riders,165,10,169.0,3.0,Sunrisers Hyderabad,Kolkata Knight Riders,Chasing,False
1529289,2026-05-03,2026,2026,"Narendra Modi Stadium, Ahmedabad",Ahmedabad,T20,Indian Premier League,Gujarat Titans,field,Gujarat Titans,4 wickets,JO Holder,,,,Punjab Kings,Gujarat Titans,163,9,167.0,6.0,Punjab Kings,Gujarat Titans,Chasing,True
1529290,2026-05-04,2026,2026,"Wankhede Stadium, Mumbai",Mumbai,T20,Indian Premier League,Mumbai Indians,field,Mumbai Indians,6 wickets,RD Rickelton,,,,Lucknow Super Giants,Mumbai Indians,228,5,229.0,4.0,Lucknow Super Giants,Mumbai Indians,Chasing,True
1529291,2026-05-05,2026,2026,"Arun Jaitley Stadium, Delhi",Delhi,T20,Indian Premier League,Delhi Capitals,bat,Chennai Super Kings,8 wickets,SV Samson,,,,Delhi Capitals,Chennai Super Kings,155,7,159.0,2.0,Delhi Capitals,Chennai Super Kings,Chasing,False
1529292,2026-05-06,2026,2026,"Rajiv Gandhi International Stadium, Uppal, Hyderabad",Hyderabad,T20,Indian Premier League,Punjab Kings,field,Sunrisers Hyderabad,33 runs,PJ Cummins,,,,Sunrisers Hyderabad,Punjab Kings,235,4,202.0,7.0,Sunrisers Hyderabad,Punjab Kings,Batting First,False
1529293,2026-05-07,2026,2026,"Bharat Ratna Shri Atal Bihari Vajpayee Ekana Cricket Stadium, Lucknow",Lucknow,T20,Indian Premier League,Royal Challengers Bengaluru,field,Lucknow Super Giants,9 runs,MR Marsh,,D/L,,Lucknow Super Giants,Royal Challengers Bengaluru,209,3,203.0,6.0,Lucknow Super Giants,Royal Challengers Bengaluru,Batting First,False
1529294,2026-05-08,2026,2026,"Arun Jaitley Stadium, Delhi",Delhi,T20,Indian Premier League,Kolkata Knight Riders,field,Kolkata Knight Riders,8 wickets,FH Allen,,,,Delhi Capitals,Kolkata Knight Riders,142,8,147.0,2.0,Delhi Capitals,Kolkata Knight Riders,Chasing,True
1529295,2026-05-09,2026,2026,"Sawai Mansingh Stadium, Jaipur",Jaipur,T20,Indian Premier League,Rajasthan Royals,field,Gujarat Titans,77 runs,Rashid Khan,,,,Gujarat Titans,Rajasthan Royals,229,4,152.0,10.0,Gujarat Titans,Rajasthan Royals,Batting First,False
1529296,2026-05-10,2026,2026,"MA Chidambaram Stadium, Chepauk, Chennai",Chennai,T20,Indian Premier League,Chennai Super Kings,field,Chennai Super Kings,5 wickets,J Overton,,,,Lucknow Super Giants,Chennai Super Kings,203,8,208.0,5.0,Lucknow Super Giants,Chennai Super Kings,Chasing,True
1529297,2026-05-10,2026,2026,"Shaheed Veer Narayan Singh International Stadium, Raipur",Raipur,T20,Indian Premier League,Royal Challengers Bengaluru,field,Royal Challengers Bengaluru,2 wickets,B Kumar,,,,Mumbai Indians,Royal Challengers Bengaluru,166,7,167.0,8.0,Mumbai Indians,Royal Challengers Bengaluru,Chasing,True
1529298,2026-05-11,2026,2026,"Himachal Pradesh Cricket Association Stadium, Dharamsala",Dharamsala,T20,Indian Premier League,Delhi Capitals,field,Delhi Capitals,3 wickets,M Tiwari,,,,Punjab Kings,Delhi Capitals,210,5,216.0,7.0,Punjab Kings,Delhi Capitals,Chasing,True
1529299,2026-05-12,2026,2026,"Narendra Modi Stadium, Ahmedabad",Ahmedabad,T20,Indian Premier League,Sunrisers Hyderabad,field,Gujarat Titans,82 runs,K Rabada,,,,Gujarat Titans,Sunrisers Hyderabad,168,5,86.0,10.0,Gujarat Titans,Sunrisers Hyderabad,Batting First,False
1529300,2026-05-13,2026,2026,"Shaheed Veer Narayan Singh International Stadium, Raipur",Raipur,T20,Indian Premier League,Royal Challengers Bengaluru,field,Royal Challengers Bengaluru,6 wickets,V Kohli,,,,Kolkata Knight Riders,Royal Challengers Bengaluru,192,4,194.0,4.0,Kolkata Knight Riders,Royal Challengers Bengaluru,Chasing,True
1529301,2026-05-14,2026,2026,"Himachal Pradesh Cricket Association Stadium, Dharamsala",Dharamsala,T20,Indian Premier League,Mumbai Indians,field,Mumbai Indians,6 wickets,Tilak Varma,,,,Punjab Kings,Mumbai Indians,200,8,205.0,4.0,Punjab Kings,Mumbai Indians,Chasing,True
1529302,2026-05-15,2026,2026,"Bharat Ratna Shri Atal Bihari Vajpayee Ekana Cricket Stadium, Lucknow",Lucknow,T20,Indian Premier League,Lucknow Super Giants,field,Lucknow Super Giants,7 wickets,MR Marsh,,,,Chennai Super Kings,Lucknow Super Giants,187,5,188.0,3.0,Chennai Super Kings,Lucknow Super Giants,Chasing,True
1529303,2026-05-16,2026,2026,"Eden Gardens, Kolkata",Kolkata,T20,Indian Premier League,Gujarat Titans,field,Kolkata Knight Riders,29 runs,SP Narine,,,,Kolkata Knight Riders,Gujarat Titans,247,2,218.0,4.0,Kolkata Knight Riders,Gujarat Titans,Batting First,False
1529304,2026-05-17,2026,2026,"Himachal Pradesh Cricket Association Stadium, Dharamsala",Dharamsala,T20,Indian Premier League,Punjab Kings,field,Royal Challengers Bengaluru,23 runs,VR Iyer,,,,Royal Challengers Bengaluru,Punjab Kings,222,4,199.0,8.0,Royal Challengers Bengaluru,Punjab Kings,Batting First,False
1529305,2026-05-17,2026,2026,"Arun Jaitley Stadium, Delhi",Delhi,T20,Indian Premier League,Delhi Capitals,field,Delhi Capitals,5 wickets,MA Starc,,,,Rajasthan Royals,Delhi Capitals,193,8,197.0,5.0,Rajasthan Royals,Delhi Capitals,Chasing,True
1529306,2026-05-18,2026,2026,"MA Chidambaram Stadium, Chepauk, Chennai",Chennai,T20,Indian Premier League,Chennai Super Kings,bat,Sunrisers Hyderabad,5 wickets,Ishan Kishan,,,,Chennai Super Kings,Sunrisers Hyderabad,180,7,181.0,5.0,Chennai Super Kings,Sunrisers Hyderabad,Chasing,False
1529307,2026-05-19,2026,2026,"Sawai Mansingh Stadium, Jaipur",Jaipur,T20,Indian Premier League,Rajasthan Royals,field,Rajasthan Royals,7 wickets,V Suryavanshi,,,,Lucknow Super Giants,Rajasthan Royals,220,5,225.0,3.0,Lucknow Super Giants,Rajasthan Royals,Chasing,True
1529308,2026-05-20,2026,2026,"Eden Gardens, Kolkata",Kolkata,T20,Indian Premier League,Kolkata Knight Riders,field,Kolkata Knight Riders,4 wickets,MK Pandey,,,,Mumbai Indians,Kolkata Knight Riders,147,8,148.0,6.0,Mumbai Indians,Kolkata Knight Riders,Chasing,True
1529309,2026-05-21,2026,2026,"Narendra Modi Stadium, Ahmedabad",Ahmedabad,T20,Indian Premier League,Chennai Super Kings,field,Gujarat Titans,89 runs,Mohammed Siraj,,,,Gujarat Titans,Chennai Super Kings,229,4,140.0,10.0,Gujarat Titans,Chennai Super Kings,Batting First,False
1529310,2026-05-22,2026,2026,"Rajiv Gandhi International Stadium, Uppal, Hyderabad",Hyderabad,T20,Indian Premier League,Sunrisers Hyderabad,bat,Sunrisers Hyderabad,55 runs,Ishan Kishan,,,,Sunrisers Hyderabad,Royal Challengers Bengaluru,255,4,200.0,4.0,Sunrisers Hyderabad,Royal Challengers Bengaluru,Batting First,True
1529311,2026-05-23,2026,2026,"Bharat Ratna Shri Atal Bihari Vajpayee Ekana Cricket Stadium, Lucknow",Lucknow,T20,Indian Premier League,Punjab Kings,field,Punjab Kings,7 wickets,SS Iyer,,,,Lucknow Super Giants,Punjab Kings,196,6,200.0,3.0,Lucknow Super Giants,Punjab Kings,Chasing,True
1529312,2026-05-24,2026,2026,"Wankhede Stadium, Mumbai",Mumbai,T20,Indian Premier League,Mumbai Indians,field,Rajasthan Royals,30 runs,JC Archer,,,,Rajasthan Royals,Mumbai Indians,205,8,175.0,9.0,Rajasthan Royals,Mumbai Indians,Batting First,False
1529313,2026-05-24,2026,2026,"Eden Gardens, Kolkata",Kolkata,T20,Indian Premier League,Kolkata Knight Riders,field,Delhi Capitals,40 runs,Kuldeep Yadav,,,,Delhi Capitals,Kolkata Knight Riders,203,5,163.0,10.0,Delhi Capitals,Kolkata Knight Riders,Batting First,False
1535462,2026-05-26,2026,2026,"Himachal Pradesh Cricket Association Stadium, Dharamsala",Dharamsala,T20,Indian Premier League,Gujarat Titans,field,Royal Challengers Bengaluru,92 runs,RM Patidar,,,,Royal Challengers Bengaluru,Gujarat Titans,254,5,162.0,10.0,Royal Challengers Bengaluru,Gujarat Titans,Batting First,False
1535463,2026-05-27,2026,2026,"Maharaja Yadavindra Singh International Cricket Stadium, New Chandigarh",New Chandigarh,T20,Indian Premier League,Sunrisers Hyderabad,field,Rajasthan Royals,47 runs,V Suryavanshi,,,,Rajasthan Royals,Sunrisers Hyderabad,243,8,196.0,10.0,Rajasthan Royals,Sunrisers Hyderabad,Batting First,False
1535464,2026-05-29,2026,2026,"Maharaja Yadavindra Singh International Cricket Stadium, New Chandigarh",New Chandigarh,T20,Indian Premier League,Rajasthan Royals,bat,Gujarat Titans,7 wickets,Shubman Gill,,,,Rajasthan Royals,Gujarat Titans,214,6,219.0,3.0,Rajasthan Royals,Gujarat Titans,Chasing,False
1535465,2026-05-31,2026,2026,"Narendra Modi Stadium, Ahmedabad",Ahmedabad,T20,Indian Premier League,Royal Challengers Bengaluru,field,Royal Challengers Bengaluru,5 wickets,V Kohli,,,,Gujarat Titans,Royal Challengers Bengaluru,155,8,161.0,5.0,Gujarat Titans,Royal Challengers Bengaluru,Chasing,True
